Key;Item.Type;Publication.Year;Author;Title;Publication.Title;ISBN;ISSN;DOI;Url;Abstract.Note;Date;Date.Added;Date.Modified;Access.Date;Pages;Num.Pages;Issue;Volume;Number.Of.Volumes;Journal.Abbreviation;Short.Title;Series;Series.Number;Series.Text;Series.Title;Publisher;Place;Language;Rights;Type;Archive;Archive.Location;Library.Catalog;Call.Number;Extra;Notes;File.Attachments;Link.Attachments;Manual.Tags;Automatic.Tags;Editor;Series.Editor;Translator;Contributor;Attorney.Agent;Book.Author;Cast.Member;Commenter;Composer;Cosponsor;Counsel;Interviewer;Producer;Recipient;Reviewed.Author;Scriptwriter;Words.By;Guest;Number;Edition;Running.Time;Scale;Medium;Artwork.Size;Filing.Date;Application.Number;Assignee;Issuing.Authority;Country;Meeting.Name;Conference.Name;Court;References;Reporter;Legal.Status;Priority.Numbers;Programming.Language;Version;System;Code;Code.Number;Section;Session;Committee;History;Legislative.Body
XH4SBI8P;journalArticle;2020;"Pi, Weiqiang; Bi, Yuge; Du, Jianmin; Yang, Hongyan; Zhang, Xipeng; Kang, Yongchao";Classification of Grassland Desertification in China Based on Vis-NIR UAV Hyperspectral Remote Sensing;;NA;;;https://www.spectroscopyonline.com/view/classification-grassland-desertification-china-based-vis-nir-uav-hyperspectral-remote-sensing;High-precision statistics on desertification of grassland features are an important part of ecosystem research. In this study, a vis-NIR hyperspectral remote sensing system for unmanned aerial vehicles (UAVs) was used to analyze the type and presence of vegetation and soil of typical desertified grassland in Inner Mongolia using a deep belief network and 2D and 3D convolutional neural networks.;01.03.2020;06.05.2025 09:42;09.05.2025 08:30;06.05.2025 09:42;39-50;NA;;35;NA;;;Spectroscopy-03-01-2020;NA;NA;NA;NA;NA;en;;NA;NA;NA;www.spectroscopyonline.com;NA;Publisher: MJH Life Sciences;NA;C:\Users\j_stee03\Zotero\storage\JBP35DM9\2020 - Classification of Grassland Desertification in Chi.pdf;NA;NA;NA;;NA;NA;NA;NA;NA;NA;NA;NA;NA;NA;NA;NA;NA;NA;NA;NA;NA;NA;NA;NA;NA;NA;NA;NA;NA;NA;NA;NA;NA;NA;NA;NA;NA;NA;NA;NA;NA;NA;NA;NA;NA;NA;NA;NA;NA
2KI6A36E;journalArticle;2022;"Zhang, Yanbin; Du, Jianmin; Pi, Weiqiang; Gao, Xinchao; Wang, Yuan";Deep Learning Classification of Grassland Desertification in China via Low-Altitude UAV Hyperspectral Remote Sensing;;NA;;;https://www.spectroscopyonline.com/view/deep-learning-classification-of-grassland-desertification-in-china-via-low-altitude-uav-hyperspectral-remote-sensing;Efficiency and accuracy are major bottlenecks in conducting ecological surveys and acquiring statistical data concerning grassland desertification. Traditional manual ground-based surveys are inefficient, and aerospace-based remote sensing surveys are limited by low spatial resolution and accuracy. In this study, we propose a low-altitude unmanned aerial vehicle (UAV) hyperspectral visible near-infrared (vis-NIR) remote sensing hardware platform, which combines efficiency and accuracy for high-precision remote sensing-based ecological surveys and statistical data collection on grassland desertification. We use the classical deep learning network models VGG and ResNet and their corresponding improved 3D convolutional kernels: 3D-VGG and 3D-ResNet, respectively, to classify the collected data into features. The results show that the two classical models yield good results for vegetation and bare soil in desertified grasslands, and the 3D models yield superior classification results for small sample features. Our results can serve as benchmarks for hardware integration and data analysis for remote sensing-based grassland desertification research and lay the foundation for further finer classifications and more accurate statistics of features.;01.01.2022;09.05.2025 07:06;09.05.2025 07:06;09.05.2025 07:06;28-35;NA;;37;NA;;;January 2022;NA;NA;NA;NA;NA;en;;NA;NA;NA;www.spectroscopyonline.com;NA;Publisher: MJH Life Sciences;NA;C:\Users\j_stee03\Zotero\storage\MTC2I8KM\Zhang et al. - 2022 - Deep Learning Classification of Grassland Desertif.pdf;NA;NA;NA;;NA;NA;NA;NA;NA;NA;NA;NA;NA;NA;NA;NA;NA;NA;NA;NA;NA;NA;NA;NA;NA;NA;NA;NA;NA;NA;NA;NA;NA;NA;NA;NA;NA;NA;NA;NA;NA;NA;NA;NA;NA;NA;NA;NA;NA
AHYZ2KEN;journalArticle;2011;"Breckenridge, Robert P.; Dakins, Maxine; Bunting, Stephen; Harbour, Jerry L.; White, Sera";Comparison of Unmanned Aerial Vehicle Platforms for Assessing Vegetation Cover in Sagebrush Steppe Ecosystems;Rangeland Ecology & Management;NA;15507424;10.2111/REM-D-10-00030.1;https://linkinghub.elsevier.com/retrieve/pii/S1550742411500582;;2011-09;27.05.2025 07:08;27.05.2025 07:08;27.05.2025 07:08;521-532;NA;5;64;NA;Rangeland Ecology & Management;;;NA;NA;NA;NA;NA;en;https://www.elsevier.com/tdm/userlicense/1.0/;NA;NA;NA;DOI.org (Crossref);NA;;NA;C:\Users\j_stee03\Zotero\storage\T3WQ9U6M\Breckenridge et al. - 2011 - Comparison of Unmanned Aerial Vehicle Platforms fo.pdf;NA;NA;NA;;NA;NA;NA;NA;NA;NA;NA;NA;NA;NA;NA;NA;NA;NA;NA;NA;NA;NA;NA;NA;NA;NA;NA;NA;NA;NA;NA;NA;NA;NA;NA;NA;NA;NA;NA;NA;NA;NA;NA;NA;NA;NA;NA;NA;NA
KL5FEC8S;journalArticle;2018;"Meng, Baoping; Gao, Jinlong; Liang, Tiangang; Cui, Xia; Ge, Jing; Yin, Jianpeng; Feng, Qisheng; Xie, Hongjie";Modeling of Alpine Grassland Cover Based on Unmanned Aerial Vehicle Technology and Multi-Factor Methods: A Case Study in the East of Tibetan Plateau, China;Remote Sensing;NA;2072-4292;10.3390/rs10020320;https://www.mdpi.com/2072-4292/10/2/320;Grassland cover and its temporal changes are key parameters in the estimation and monitoring of ecosystems and their functions, especially via remote sensing. However, the most suitable model for estimating grassland cover and the differences between models has rarely been studied in alpine meadow grasslands. In this study, field measurements of grassland cover in Gannan Prefecture, from 2014 to 2016, were acquired using unmanned aerial vehicle (UAV) technology. Single-factor parametric and multi-factor parametric/non-parametric cover inversion models were then constructed based on 14 factors related to grassland cover, and the dynamic variation of the annual maximum cover was analyzed. The results show that (1) nine out of 14 factors (longitude, latitude, elevation, the concentrations of clay and sand in the surface and bottom soils, temperature, precipitation, enhanced vegetation index (EVI) and normalized difference vegetation index (NDVI)) exert a significant effect on grassland cover in the study area. The logarithmic model based on EVI presents the best performance, with an R2 and RMSE of 0.52 and 16.96%, respectively. Single-factor grassland cover inversion models account for only 1–49% of the variation in cover during the growth season. (2) The optimum grassland cover inversion model is the artificial neural network (BP-ANN), with an R2 and RMSE of 0.72 and 13.38%, and SDs of 0.062% and 1.615%, respectively. Both the accuracy and the stability of the BP-ANN model are higher than those of the single-factor parametric models and multi-factor parametric/non-parametric models. (3) The annual maximum cover in Gannan Prefecture presents an increasing trend over 60.60% of the entire study area, while 36.54% is presently stable and 2.86% exhibits a decreasing trend.;21.02.2018;27.05.2025 07:08;27.05.2025 07:08;27.05.2025 07:08;320;NA;2;10;NA;Remote Sensing;Modeling of Alpine Grassland Cover Based on Unmanned Aerial Vehicle Technology and Multi-Factor Methods;;NA;NA;NA;NA;NA;en;https://creativecommons.org/licenses/by/4.0/;NA;NA;NA;DOI.org (Crossref);NA;;NA;C:\Users\j_stee03\Zotero\storage\VY3NNW6B\Meng et al. - 2018 - Modeling of Alpine Grassland Cover Based on Unmann.pdf;NA;NA;NA;;NA;NA;NA;NA;NA;NA;NA;NA;NA;NA;NA;NA;NA;NA;NA;NA;NA;NA;NA;NA;NA;NA;NA;NA;NA;NA;NA;NA;NA;NA;NA;NA;NA;NA;NA;NA;NA;NA;NA;NA;NA;NA;NA;NA;NA
RKGCIKVD;journalArticle;2020;"Michez, Adrien; Philippe, Lejeune; David, Knoden; Sébastien, Cremer; Christian, Decamps; Bindelle, Jérôme";Can Low-Cost Unmanned Aerial Systems Describe the Forage Quality Heterogeneity? Insight from a Timothy Pasture Case Study in Southern Belgium;Remote Sensing;NA;2072-4292;10.3390/rs12101650;https://www.mdpi.com/2072-4292/12/10/1650;Applied to grazing management, unmanned aerial systems (UASs) allow for the monitoring of vegetation at the level of each individual on the pasture while covering a significant area (>10 ha per flight). Few studies have investigated the use of UASs to describe the forage quality in terms of nutritive value or chemical composition, while these parameters are essential in supporting the productive functions of animals and are known to change in space (i.e., sward species and structure) and time (i.e., sward phenology). Despite interest, these parameters are scarcely assessed by practitioners as they usually require important laboratory analyses. In this context, our study investigates the potential of off-the-shelf UAS systems in modeling essential parameters of pasture productivity in a precision livestock context: sward height, biomass, and forage quality. In order to develop a solution which is easily reproducible for the research community, we chose to avoid expensive solutions such as UAS LiDAR (light detection and ranging) or hyperspectral sensors, as well as comparing several UAS acquisition strategies (sensors and view angles). Despite their low cost, all tested strategies provide accurate height, biomass, and forage quality estimates of timothy pastures. Considering globally the three groups of parameters, the UAS strategy using the DJI Phantom 4 pro (Nadir view angle) provides the most satisfactory results. The UAS survey using the DJI Phantom 4 pro (Nadir view angle) provided R2 values of 0.48, 0.72, and 0.7, respectively, for individual sward height measurements, mean sward height, and sward biomass. In terms of forage quality modeling, this UAS survey strategy provides R2 values ranging from 0.33 (Acid Detergent Lignin) to 0.85 (fodder units for dairy and beef cattle and fermentable organic matter). Even if their performances are of lower order than state-of-art techniques such as LiDAR for sward height or hyperspectral sensors (for biomass and forage quality modeling), the important trade-off in terms of costs between UAS LiDAR (>100,000 €) or hyperspectral sensors (>50,000 €) promotes the use of such low-cost UAS solutions. This is particularly true for sward height modeling and biomass monitoring, where our low-cost solutions provide more accurate results than state-of-the-art field approaches, such as rising plate meters, with a broader extent and a finer spatial grain.;21.05.2020;27.05.2025 07:08;27.05.2025 07:08;27.05.2025 07:08;1650;NA;10;12;NA;Remote Sensing;Can Low-Cost Unmanned Aerial Systems Describe the Forage Quality Heterogeneity?;;NA;NA;NA;NA;NA;en;https://creativecommons.org/licenses/by/4.0/;NA;NA;NA;DOI.org (Crossref);NA;;NA;C:\Users\j_stee03\Zotero\storage\SVCSLFWR\Michez et al. - 2020 - Can Low-Cost Unmanned Aerial Systems Describe the .pdf;NA;NA;NA;;NA;NA;NA;NA;NA;NA;NA;NA;NA;NA;NA;NA;NA;NA;NA;NA;NA;NA;NA;NA;NA;NA;NA;NA;NA;NA;NA;NA;NA;NA;NA;NA;NA;NA;NA;NA;NA;NA;NA;NA;NA;NA;NA;NA;NA
LNFJSBKQ;journalArticle;2020;"Poley, Lucy G.; Laskin, David N.; McDermid, Gregory J.";Quantifying Aboveground Biomass of Shrubs Using Spectral and Structural Metrics Derived from UAS Imagery;Remote Sensing;NA;2072-4292;10.3390/rs12142199;https://www.mdpi.com/2072-4292/12/14/2199;"Shrub-dominated ecosystems support biodiversity and play an important storage role in the global carbon cycle. However, it is challenging to characterize biophysical properties of low-stature vegetation like shrubs from conventional ground-based or remotely sensed data. We used spectral and structural variables derived from high-resolution unmanned aerial system (UAS) imagery to estimate the aboveground biomass of shrubs in the Betula and Salix genera in a montane meadow in Banff National Park, Canada using an area-based approach. In single-variable linear regression models, visible light (RGB) indices outperformed multispectral or structural data. A linear model based on the red ratio vegetation index (VI) accumulated over shrub area could model biomass (calibration R2 = 0.888; validation R2 = 0.774) nearly as well as the top multivariate linear regression models (calibration R2 = 0.896; validation R2 > 0.750), which combined an accumulated RGB VI with a multispectral metric. The excellent performance of accumulated RGB VIs represents a novel approach to fine-scale vegetation biomass estimation, fusing spectral and spatial information into a single parsimonious metric that rivals the performance of more complex multivariate models. Methods developed in this study will be relevant to researchers interested in estimating fine-scale shrub aboveground biomass within a range of ecosystems.";09.07.2020;27.05.2025 07:08;27.05.2025 07:08;27.05.2025 07:08;2199;NA;14;12;NA;Remote Sensing;;;NA;NA;NA;NA;NA;en;https://creativecommons.org/licenses/by/4.0/;NA;NA;NA;DOI.org (Crossref);NA;;NA;C:\Users\j_stee03\Zotero\storage\FLVKLDE7\Poley et al. - 2020 - Quantifying Aboveground Biomass of Shrubs Using Sp.pdf;NA;NA;NA;;NA;NA;NA;NA;NA;NA;NA;NA;NA;NA;NA;NA;NA;NA;NA;NA;NA;NA;NA;NA;NA;NA;NA;NA;NA;NA;NA;NA;NA;NA;NA;NA;NA;NA;NA;NA;NA;NA;NA;NA;NA;NA;NA;NA;NA
RRIIWPXN;journalArticle;2020;"Baron, Jackson; Hill, D.J.";Monitoring grassland invasion by spotted knapweed (Centaurea maculosa) with RPAS-acquired multispectral imagery;Remote Sensing of Environment;NA;344257;10.1016/j.rse.2020.112008;https://linkinghub.elsevier.com/retrieve/pii/S0034425720303783;;2020-11;27.05.2025 07:08;27.05.2025 07:08;27.05.2025 07:08;112008;NA;;249;NA;Remote Sensing of Environment;;;NA;NA;NA;NA;NA;en;;NA;NA;NA;DOI.org (Crossref);NA;;NA;C:\Users\j_stee03\Zotero\storage\8KKW5ZDQ\Baron und Hill - 2020 - Monitoring grassland invasion by spotted knapweed .pdf;NA;NA;NA;;NA;NA;NA;NA;NA;NA;NA;NA;NA;NA;NA;NA;NA;NA;NA;NA;NA;NA;NA;NA;NA;NA;NA;NA;NA;NA;NA;NA;NA;NA;NA;NA;NA;NA;NA;NA;NA;NA;NA;NA;NA;NA;NA;NA;NA
3E8PPTJ2;journalArticle;2017;"Lu, Bing; He, Yuhong";Species classification using Unmanned Aerial Vehicle (UAV)-acquired high spatial resolution imagery in a heterogeneous grassland;ISPRS Journal of Photogrammetry and Remote Sensing;NA;9242716;10.1016/j.isprsjprs.2017.03.011;https://linkinghub.elsevier.com/retrieve/pii/S0924271616305688;;2017-06;27.05.2025 07:08;27.05.2025 07:08;27.05.2025 07:08;73-85;NA;;128;NA;ISPRS Journal of Photogrammetry and Remote Sensing;;;NA;NA;NA;NA;NA;en;;NA;NA;NA;DOI.org (Crossref);NA;;NA;C:\Users\j_stee03\Zotero\storage\44CMTI24\Lu und He - 2017 - Species classification using Unmanned Aerial Vehic.pdf;NA;NA;NA;;NA;NA;NA;NA;NA;NA;NA;NA;NA;NA;NA;NA;NA;NA;NA;NA;NA;NA;NA;NA;NA;NA;NA;NA;NA;NA;NA;NA;NA;NA;NA;NA;NA;NA;NA;NA;NA;NA;NA;NA;NA;NA;NA;NA;NA
4D52ILY5;journalArticle;2020;"Madsen, Bjarke; Treier, Urs A.; Zlinszky, András; Lucieer, Arko; Normand, Signe";Detecting shrub encroachment in seminatural grasslands using UAS LiDAR;Ecology and Evolution;NA;2045-7758, 2045-7758;10.1002/ece3.6240;https://onlinelibrary.wiley.com/doi/10.1002/ece3.6240;Abstract                                                                                     Shrub encroachment in seminatural grasslands threatens local biodiversity unless management is applied to reduce shrub density. Dense vegetation of                     Cytisus scoparius                     homogenizes the landscape negatively affecting local plant diversity. Detecting structural change (e.g., biomass) is essential for assessing negative impacts of encroachment. Hence, exploring new monitoring tools to achieve this task is important for effectively capturing change and evaluating management activities.                                                                                             This study combines traditional field‐based measurements with novel Light Detection and Ranging (LiDAR) observations from an Unmanned Aircraft System (UAS). We investigate the accuracy of mapping                     C. scoparius                     in three dimensions (3D) and of structural change metrics (i.e., biomass) derived from ultrahigh‐density point cloud data (>1,000 pts/m                     2                     ). Presence–absence of 12 shrub or tree genera was recorded across a 6.7 ha seminatural grassland area in Denmark. Furthermore, 10 individuals of                     C. scoparius                     were harvested for biomass measurements. With a UAS LiDAR system, we collected ultrahigh‐density spatial data across the area in October 2017 (leaf‐on) and April 2018 (leaf‐off). We utilized a 3D point‐based classification to distinguish shrub genera based on their structural appearance (i.e., density, light penetration, and surface roughness).                                                                                             From the identified                     C. scoparius                     individuals, we related different volume metrics (mean, max, and range) to measured biomass and quantified spatial variation in biomass change from 2017 to 2018. We obtained overall classification accuracies above 86% from point clouds of both seasons. Maximum volume explained 77.4% of the variation in biomass.                                                                        The spatial patterns revealed landscape‐scale variation in biomass change between autumn 2017 and spring 2018, with a notable decrease in some areas. Further studies are needed to disentangle the causes of the observed decrease, for example, recent winter grazing and/or frost events.                                                                          Synthesis and applications:                     We present a workflow for processing ultrahigh‐density spatial data obtained from a UAS LiDAR system to detect change in                     C. scoparius                     . We demonstrate that UAS LiDAR is a promising tool to map and monitor grassland shrub dynamics at the landscape scale with the accuracy needed for effective nature management. It is a new tool for standardized and nonbiased evaluation of management activities initiated to prevent shrub encroachment.;2020-06;27.05.2025 07:08;27.05.2025 07:08;27.05.2025 07:08;4876-4902;NA;11;10;NA;Ecology and Evolution;;;NA;NA;NA;NA;NA;en;;NA;NA;NA;DOI.org (Crossref);NA;;NA;C:\Users\j_stee03\Zotero\storage\9V2IDDQM\Madsen et al. - 2020 - Detecting shrub encroachment in seminatural grassl.pdf;NA;NA;NA;;NA;NA;NA;NA;NA;NA;NA;NA;NA;NA;NA;NA;NA;NA;NA;NA;NA;NA;NA;NA;NA;NA;NA;NA;NA;NA;NA;NA;NA;NA;NA;NA;NA;NA;NA;NA;NA;NA;NA;NA;NA;NA;NA;NA;NA
58G6GYKA;journalArticle;2018;"van Iersel, Wimala; Straatsma, Menno; Addink, Elisabeth; Middelkoop, Hans";Monitoring height and greenness of non-woody floodplain vegetation with UAV time series;ISPRS Journal of Photogrammetry and Remote Sensing;NA;9242716;10.1016/j.isprsjprs.2018.04.011;https://linkinghub.elsevier.com/retrieve/pii/S0924271618301175;;2018-07;27.05.2025 07:08;27.05.2025 07:08;27.05.2025 07:08;112-123;NA;;141;NA;ISPRS Journal of Photogrammetry and Remote Sensing;;;NA;NA;NA;NA;NA;en;;NA;NA;NA;DOI.org (Crossref);NA;;NA;C:\Users\j_stee03\Zotero\storage\L75BF3CW\van Iersel et al. - 2018 - Monitoring height and greenness of non-woody flood.pdf;NA;NA;NA;;NA;NA;NA;NA;NA;NA;NA;NA;NA;NA;NA;NA;NA;NA;NA;NA;NA;NA;NA;NA;NA;NA;NA;NA;NA;NA;NA;NA;NA;NA;NA;NA;NA;NA;NA;NA;NA;NA;NA;NA;NA;NA;NA;NA;NA
IJZTZPF9;journalArticle;2020;"Karunaratne, Senani; Thomson, Anna; Morse-McNabb, Elizabeth; Wijesingha, Jayan; Stayches, Dani; Copland, Amy; Jacobs, Joe";The Fusion of Spectral and Structural Datasets Derived from an Airborne Multispectral Sensor for Estimation of Pasture Dry Matter Yield at Paddock Scale with Time;Remote Sensing;NA;2072-4292;10.3390/rs12122017;https://www.mdpi.com/2072-4292/12/12/2017;This study aimed to develop empirical pasture dry matter (DM) yield prediction models using an unmanned aerial vehicle (UAV)-borne sensor at four flying altitudes. Three empirical models were developed using features generated from the multispectral sensor: Structure from Motion only (SfM), vegetation indices only (VI), and in combination (SfM+VI) within a machine learning modelling framework. Four flying altitudes were tested (25 m, 50 m, 75 m and 100 m) and based on independent model validation, combining features from SfM+VI outperformed the other models at all heights. However, the importance of SfM-based features changed with altitude, with limited importance at 25 m but at all higher altitudes SfM-based features were included in the top 10 features in a variable importance plot. Based on the independent validation results, data generated at 25 m flying altitude reported the best model performances with model accuracy of 328 kg DM/ha. In contrast, at 100 m flying altitude, the model reported an accuracy of 402 kg DM/ha which demonstrates the potential of scaling up this technology at farm scale. The spatial-temporal maps provide valuable information on pasture DM yield and DM accumulation of herbage mass over the time, supporting on-farm management decisions.;23.06.2020;27.05.2025 07:08;27.05.2025 07:08;27.05.2025 07:08;2017;NA;12;12;NA;Remote Sensing;;;NA;NA;NA;NA;NA;en;https://creativecommons.org/licenses/by/4.0/;NA;NA;NA;DOI.org (Crossref);NA;;NA;C:\Users\j_stee03\Zotero\storage\ITTAUTSM\Karunaratne et al. - 2020 - The Fusion of Spectral and Structural Datasets Der.pdf;NA;NA;NA;;NA;NA;NA;NA;NA;NA;NA;NA;NA;NA;NA;NA;NA;NA;NA;NA;NA;NA;NA;NA;NA;NA;NA;NA;NA;NA;NA;NA;NA;NA;NA;NA;NA;NA;NA;NA;NA;NA;NA;NA;NA;NA;NA;NA;NA
IV6ENHWV;journalArticle;2020;"Lussem, Ulrike; Schellberg, Jürgen; Bareth, Georg";Monitoring Forage Mass with Low-Cost UAV Data: Case Study at the Rengen Grassland Experiment;PFG – Journal of Photogrammetry, Remote Sensing and Geoinformation Science;NA;2512-2789, 2512-2819;10.1007/s41064-020-00117-w;https://link.springer.com/10.1007/s41064-020-00117-w;Abstract                            Monitoring and predicting above ground biomass yield of grasslands are of key importance for grassland management. Established manual methods such as clipping or rising plate meter measurements provide accurate estimates of forage yield, but are time consuming and labor intensive, and do not provide spatially continuous data as required for precision agriculture applications. Therefore, the main objective of this study is to investigate the potential of sward height metrics derived from low-cost unmanned aerial vehicle-based image data to predict forage yield. The study was conducted over a period of 3 consecutive years (2014–2016) at the Rengen Grassland Experiment (RGE) in Germany. The RGE was established in 1941 and is since then under the same management regime of five treatments in a random block design and two harvest cuts per year. For UAV-based image acquisition, a DJI Phantom 2 with a mounted Canon Powershot S110 was used as a low-cost aerial imaging system. The data were investigated at different levels (e.g., harvest date-specific, year-specific, and plant community-specific). A pooled data model resulted in an               R               2               of 0.65 with a RMSE of 956.57 kg ha               −1               , although cut-specific or date-specific models yielded better results. In general, the UAV-based metrics outperformed the traditional rising plate meter measurements, but was affected by the timing of the harvest cut and plant community.                        ,              Zusammenfassung                            Ertragsmonitoring im Grünland mit kostengünstigen UAV-Daten: Ein Fallbeispiel vom Dauerdüngungsversuch Rengen               . Ertragsmonitoring und -abschätzung sind Schlüsselkomponenten im Grünlandmanagement. Manuelle destruktive oder invasive Methoden wie destruktive Messung der oberirdischen Biomasse oder Rising Plate Meter Messungen erlauben punktuell präzise Ertragsabschätzungen, sind jedoch zeit- und kostenintensiv. Darüber hinaus erzeugen diese Methoden keine räumlich kontinuierlichen Daten, wie sie für präzisionslandwirtschaftliche Anwendungen benötigt werden. Ziel dieser Arbeit ist es, das Potenzial aus drohnenbasierten Bilddaten abgeleiteten Metriken der Grasnarbenhöhe zur Ertragsabschätzung zu untersuchen. Die Studie wurde in einem Zeitraum von drei Jahren (2014-2016) auf dem Dauerdüngungsversuch Rengen durchgeführt. Er wurde 1941 eingerichtet und unterliegt seitdem dem gleichen Managementsystem von fünf Düngestufen in einem randomisierten Block Design mit zwei Ernten im Jahr. Die drohnenbasierten Bilddaten wurden mit einer Canon Powershot S110 aufgenommen, die an einer DJI Phantom 2 montiert war. Die gewonnenen Daten wurden auf mehreren Leveln untersucht (Erntezeitpunkt, Jahr, Pflanzengesellschaft). Ein Modell des gepoolten Datensatzes resultierte in einem R               2               von 0.65 mit einem RMSE von 956.57 kg ha               −1               , wobei jedoch z.B. erntezeitpunktspezifische Modelle bessere Ergebnisse erzielten. Allgemein betrachtet erzielten die drohnenbasierten Metriken bessere Ertragsabschätzungen als die traditionelle Methode des Rising Plate Meters. Die Ergebnisse wurden jedoch von Erntezeitpunkt und Pflanzengesellschaft beeinflusst.;2020-10;27.05.2025 07:08;27.05.2025 07:08;27.05.2025 07:08;407-422;NA;5;88;NA;PFG;Monitoring Forage Mass with Low-Cost UAV Data;;NA;NA;NA;NA;NA;en;;NA;NA;NA;DOI.org (Crossref);NA;;NA;C:\Users\j_stee03\Zotero\storage\WKGRV693\Lussem et al. - 2020 - Monitoring Forage Mass with Low-Cost UAV Data Cas.pdf;NA;NA;NA;;NA;NA;NA;NA;NA;NA;NA;NA;NA;NA;NA;NA;NA;NA;NA;NA;NA;NA;NA;NA;NA;NA;NA;NA;NA;NA;NA;NA;NA;NA;NA;NA;NA;NA;NA;NA;NA;NA;NA;NA;NA;NA;NA;NA;NA
Y5JHTJ7Y;journalArticle;2018;"Zhang, Huifang; Sun, Yi; Chang, Li; Qin, Yu; Chen, Jianjun; Qin, Yan; Du, Jiaxing; Yi, Shuhua; Wang, Yingli";Estimation of Grassland Canopy Height and Aboveground Biomass at the Quadrat Scale Using Unmanned Aerial Vehicle;Remote Sensing;NA;2072-4292;10.3390/rs10060851;https://www.mdpi.com/2072-4292/10/6/851;Aboveground biomass is a key indicator of a grassland ecosystem. Accurate estimation from remote sensing is important for understanding the response of grasslands to climate change and disturbance at a large scale. However, the precision of remote sensing inversion is limited by a lack in the ground truth and scale mismatch with satellite data. In this study, we first tried to establish a grassland aboveground biomass estimation model at 1 m2 quadrat scale by conducting synchronous experiments of unmanned aerial vehicle (UAV) and field measurement in three different grassland ecosystems. Two flight modes (the new QUADRAT mode and the commonly used MOSAIC mode) were used to generate point clouds for further processing. Canopy height metrics of each quadrat were then calculated using the canopy height model (CHM). Correlation analysis showed that the mean of the canopy height model (CHM_mean) had a significant linear relationship with field height (R2 = 0.90, root mean square error (RMSE) = 19.79 cm, rRMSE = 16.5%, p < 0.001) and a logarithmic relationship with field aboveground biomass (R2 = 0.89, RMSE = 91.48 g/m2, rRMSE = 16.11%, p < 0.001). We concluded our study by conducting a preliminary application of estimation of the aboveground biomass at a plot scale by jointly using UAV and the constructed 1 m2 quadrat scale estimation model. Our results confirmed that UAV could be used to collect large quantities of ground truths and bridge the scales between ground truth and remote sensing pixels, which were helpful in improving the accuracy of remote sensing inversion of grassland aboveground biomass.;31.05.2018;27.05.2025 07:08;27.05.2025 07:08;27.05.2025 07:08;851;NA;6;10;NA;Remote Sensing;;;NA;NA;NA;NA;NA;en;https://creativecommons.org/licenses/by/4.0/;NA;NA;NA;DOI.org (Crossref);NA;;NA;C:\Users\j_stee03\Zotero\storage\XQFXDS7A\Zhang et al. - 2018 - Estimation of Grassland Canopy Height and Abovegro.pdf;NA;NA;NA;;NA;NA;NA;NA;NA;NA;NA;NA;NA;NA;NA;NA;NA;NA;NA;NA;NA;NA;NA;NA;NA;NA;NA;NA;NA;NA;NA;NA;NA;NA;NA;NA;NA;NA;NA;NA;NA;NA;NA;NA;NA;NA;NA;NA;NA
WRWUBCG3;journalArticle;2020;"Lu, Fengshuai; Sun, Yi; Hou, Fujiang";Using UAV Visible Images to Estimate the Soil Moisture of Steppe;Water;NA;2073-4441;10.3390/w12092334;https://www.mdpi.com/2073-4441/12/9/2334;Although unmanned aerial vehicles (UAVs) have been utilized in many aspects of steppe management, they have not been commonly used to monitor the soil moisture of steppes. To explore the technology of detecting soil moisture by UAV in a typical steppe, we conducted a watered test in the Loess Plateau of China, quantitatively revealing the relationship between the surface soil moisture and the visible images captured using an UAV. The results showed that the surface soil moisture was significantly correlated with the brightness of UAV visible images, and the surface soil moisture could be estimated based on the brightness of the visible images of the UAV combined with vegetation coverage. This study addresses the problem of soil moisture measurement in flat regions of arid and semi-arid steppes at the mesoscale, and contributes to the popularization of the use of UAVs in steppe ecological research.;19.08.2020;27.05.2025 07:09;27.05.2025 07:09;27.05.2025 07:09;2334;NA;9;12;NA;Water;;;NA;NA;NA;NA;NA;en;https://creativecommons.org/licenses/by/4.0/;NA;NA;NA;DOI.org (Crossref);NA;;NA;C:\Users\j_stee03\Zotero\storage\ZVH28PBZ\Lu et al. - 2020 - Using UAV Visible Images to Estimate the Soil Mois.pdf;NA;NA;NA;;NA;NA;NA;NA;NA;NA;NA;NA;NA;NA;NA;NA;NA;NA;NA;NA;NA;NA;NA;NA;NA;NA;NA;NA;NA;NA;NA;NA;NA;NA;NA;NA;NA;NA;NA;NA;NA;NA;NA;NA;NA;NA;NA;NA;NA
JWT248YP;journalArticle;2019;"Sha, Zongyao; Wang, Yuwei; Bai, Yongfei; Zhao, Yujin; Jin, Hua; Na, Ya; Meng, Xiaoliang";Comparison of leaf area index inversion for grassland vegetation through remotely sensed spectra by unmanned aerial vehicle and field-based spectroradiometer;Journal of Plant Ecology;NA;1752-993X;10.1093/jpe/rty036;https://academic.oup.com/jpe/article/12/3/395/5098276;;15.05.2019;27.05.2025 07:09;27.05.2025 07:09;27.05.2025 07:09;395-408;NA;3;12;NA;;;;NA;NA;NA;NA;NA;en;https://academic.oup.com/journals/pages/open_access/funder_policies/chorus/standard_publication_model;NA;NA;NA;DOI.org (Crossref);NA;;NA;C:\Users\j_stee03\Zotero\storage\AZ58WRTJ\Sha et al. - 2019 - Comparison of leaf area index inversion for grassl.pdf;NA;NA;NA;;NA;NA;NA;NA;NA;NA;NA;NA;NA;NA;NA;NA;NA;NA;NA;NA;NA;NA;NA;NA;NA;NA;NA;NA;NA;NA;NA;NA;NA;NA;NA;NA;NA;NA;NA;NA;NA;NA;NA;NA;NA;NA;NA;NA;NA
CD2JQHM5;journalArticle;2024;"Pranga, Joanna; Borra-Serrano, Irene; Quataert, Paul; De Swaef, Tom; Vanden Nest, Thijs; Willekens, Koen; Ruysschaert, Greet; Janssens, Ivan A.; Roldán-Ruiz, Isabel; Lootens, Peter";Quantification of species composition in grass-clover swards using RGB and multispectral UAV imagery and machine learning;Frontiers in Plant Science;NA;1664-462X;10.3389/fpls.2024.1414181;https://www.frontiersin.org/articles/10.3389/fpls.2024.1414181/full;Introduction               Growing grass-legume mixtures for forage production improves both yield productivity and nutritional quality, while also benefiting the environment by promoting species biodiversity and enhancing soil fertility (through nitrogen fixation). Consequently, assessing legume proportions in grass-legume mixed swards is essential for breeding and cultivation. This study introduces an approach for automated classification and mapping of species in mixed grass-clover swards using object-based image analysis (OBIA).                                         Methods               The OBIA procedure was established for both RGB and ten band multispectral (MS) images capturedby an unmanned aerial vehicle (UAV). The workflow integrated structural (canopy heights) and spectral variables (bands, vegetation indices) along with a machine learning algorithm (Random Forest) to perform image segmentation and classification. Spatial k-fold cross-validation was employed to assess accuracy.                                         Results and discussion               Results demonstrated good performance, achieving an overall accuracy of approximately 70%, for both RGB and MS-based imagery, with grass and clover classes yielding similar F1 scores, exceeding 0.7 values. The effectiveness of the OBIA procedure and classification was examined by analyzing correlations between predicted clover fractions and dry matter yield (DMY) proportions. This quantification revealed a positive and strong relationship, with R2 values exceeding 0.8 for RGB and MS-based classification outcomes. This indicates the potential of estimating (relative) clover coverage, which could assist breeders but also farmers in a precision agriculture context.;19.06.2024;27.05.2025 07:09;27.05.2025 07:09;27.05.2025 07:09;1414181;NA;;15;NA;Front. Plant Sci.;;;NA;NA;NA;NA;NA;;;NA;NA;NA;DOI.org (Crossref);NA;;NA;C:\Users\j_stee03\Zotero\storage\AICT2PHY\Pranga et al. - 2024 - Quantification of species composition in grass-clo.pdf;NA;NA;NA;;NA;NA;NA;NA;NA;NA;NA;NA;NA;NA;NA;NA;NA;NA;NA;NA;NA;NA;NA;NA;NA;NA;NA;NA;NA;NA;NA;NA;NA;NA;NA;NA;NA;NA;NA;NA;NA;NA;NA;NA;NA;NA;NA;NA;NA
WVCU8ISZ;journalArticle;2022;"Lv, Yanyan; Zhao, X. Q.; Zhang, S. R.; Zhang, J. G.; Yue, K. T.; Meng, B. P.; Li, M.; Cui, W. X.; Sun, Y.; Zhang, J. G.; Chang, L.; Li, J. R.; Yi, S. H.; Shen, M. H.";Herbaceous Dominant the Changes of Normalized Difference Vegetation Index in the Transition Zone Between Desert and Typical Steppe in Inner Mongolia, China;Frontiers in Plant Science;NA;1664-462X;10.3389/fpls.2021.832044;https://www.frontiersin.org/articles/10.3389/fpls.2021.832044/full;"Asymmetric responses of aboveground net primary productivity (ANPP) to precipitation were identified as a signal to predict ecosystem state shifts at temperate grassland zones in Inner Mongolia, China. However, mechanism studies were still lacking. This study hypothesized that the enhanced growth and newly emerged herbaceous after increased precipitation resulted in the highest asymmetry at the transition zone between desert and typical steppe. We monitored the responses of the normalized difference vegetation index (NDVI) of different species to precipitation events using un-manned aerial vehicle technology to test this hypothesis. NDVI and species richness were measured twice at fixed points in July and August with a time interval of 15 days. Results showed that: (1) From July to August, NDVI in the transition zone increased significantly after precipitation (               P               &lt; 0.05), but NDVI in both the desert and typical steppe showed a non-significant change (               P               &gt; 0.05). (2) In the transition zone, NDVI increases from the shrub and herbaceous contributed to 37 and 63% increases of the site NDVI, respectively. (3) There was a significant difference in species richness between July and August in the transition zone (               P               &lt; 0.05), mainly caused by the herbaceous (Chenopodiaceae, Composite, Convolvulaceae, Gramineae, Leguminosae, and Liliaceae), which either emerged from soil or tillers growth from surviving plants. This study demonstrated that herbaceous dominant the changes of NDVI in the transition zone, which provides a scientific basis for the mechanism studies of ANPP asymmetric response to precipitation and warrants long-term measurements.";07.02.2022;27.05.2025 07:09;27.05.2025 07:09;27.05.2025 07:09;832044;NA;;12;NA;Front. Plant Sci.;;;NA;NA;NA;NA;NA;;;NA;NA;NA;DOI.org (Crossref);NA;;NA;C:\Users\j_stee03\Zotero\storage\IADTYYP9\Lv et al. - 2022 - Herbaceous Dominant the Changes of Normalized Diff.pdf;NA;NA;NA;;NA;NA;NA;NA;NA;NA;NA;NA;NA;NA;NA;NA;NA;NA;NA;NA;NA;NA;NA;NA;NA;NA;NA;NA;NA;NA;NA;NA;NA;NA;NA;NA;NA;NA;NA;NA;NA;NA;NA;NA;NA;NA;NA;NA;NA
2388SXEQ;journalArticle;2021;"Qin, Yu; Yi, Shuhua; Ding, Yongjian; Qin, Yan; Zhang, Wei; Sun, Yi; Hou, Xiumin; Yu, Hongyan; Meng, Baoping; Zhang, Huifang; Chen, Jianjun; Wang, Zhiwei";Effects of plateau pikas’ foraging and burrowing activities on vegetation biomass and soil organic carbon of alpine grasslands;Plant and Soil;NA;0032-079X, 1573-5036;10.1007/s11104-020-04489-1;http://link.springer.com/10.1007/s11104-020-04489-1;;2021-01;27.05.2025 07:09;27.05.2025 07:09;27.05.2025 07:09;201-216;NA;01. Feb;458;NA;Plant Soil;;;NA;NA;NA;NA;NA;en;;NA;NA;NA;DOI.org (Crossref);NA;;NA;C:\Users\j_stee03\Zotero\storage\DD5S299C\Qin et al. - 2021 - Effects of plateau pikas’ foraging and burrowing a.pdf;NA;NA;NA;;NA;NA;NA;NA;NA;NA;NA;NA;NA;NA;NA;NA;NA;NA;NA;NA;NA;NA;NA;NA;NA;NA;NA;NA;NA;NA;NA;NA;NA;NA;NA;NA;NA;NA;NA;NA;NA;NA;NA;NA;NA;NA;NA;NA;NA
6XXK5YVE;journalArticle;2022;"Shi, Yan; Gao, Jay; Li, Xilai; Li, Jiexia; Brierley, Gary";Effects of disturbances on aboveground biomass of alpine meadow in the Yellow River Source Zone, Western China;Ecology and Evolution;NA;2045-7758, 2045-7758;10.1002/ece3.8640;https://onlinelibrary.wiley.com/doi/10.1002/ece3.8640;Abstract                            A field experiment quantifies the impacts of two external disturbances (mowing‐simulated grazing and number of pika) on aboveground biomass (AGB) in the Yellow River Source Zone from 2018 to 2020. AGB was estimated from drone images for 27 plots subject to three levels of each disturbance (none, moderate, and severe). The three mowing severities bear a close relationship with AGB and its annual change. The effects of pika disturbance on AGB change were overwhelmed by the significantly different AGB at different mowing severities (−.471 <                r                < −.368), but can still be identified by inspecting each mowing intensity (−.884 <                r                < −.626). The impact of severe mowing on AGB loss was more profound than that of severe pika disturbance in heavily disturbed plots, and the joint effects of both severe disturbances had the most impacts on AGB loss. However, pika disturbance made little difference to AGB change in the moderate and non‐mowed plots. Mowing intensity weakens the relationship between pika population and AGB change, but pika disturbance hardly affects the relationship between mowing severity and AGB change. The effects of both disturbances on AGB were further complexified by the change in monthly mean temperature. Results indicate that reducing mowing intensity is more effective than controlling pika population in efforts to achieve sustainable grazing of heavily disturbed grassland.;2022-03;27.05.2025 07:09;27.05.2025 07:09;27.05.2025 07:09;e8640;NA;3;12;NA;Ecology and Evolution;;;NA;NA;NA;NA;NA;en;;NA;NA;NA;DOI.org (Crossref);NA;;NA;C:\Users\j_stee03\Zotero\storage\XB8DZBBJ\Shi et al. - 2022 - Effects of disturbances on aboveground biomass of .pdf;NA;NA;NA;;NA;NA;NA;NA;NA;NA;NA;NA;NA;NA;NA;NA;NA;NA;NA;NA;NA;NA;NA;NA;NA;NA;NA;NA;NA;NA;NA;NA;NA;NA;NA;NA;NA;NA;NA;NA;NA;NA;NA;NA;NA;NA;NA;NA;NA
CVFVQHZQ;journalArticle;2023;"Amitrano, Donato; Cicala, Luca; De Mizio, Marco; Tufano, Francesco";UAV Hyperspectral Characterization of Vegetation Using Entropy-Based Active Sampling for Partial Least Square Regression Models;Applied Sciences;NA;2076-3417;10.3390/app13084812;https://www.mdpi.com/2076-3417/13/8/4812;Optimization of agricultural practices is key for facing the challenges of modern agri-food systems, which are expected to satisfy a growing demand of food production in a landscape characterized by a reduction in cultivable lands and an increasing awareness of sustainability issues. In this work, an operational methodology for characterization of vegetation biomass and nitrogen content based on close-range hyperspectral remote sensing is introduced. It is based on an unsupervised active learning technique suitable for the calibration of a partial least square regression. The proposed technique relies on an innovative usage of Shannon’s entropy and allows for the set-up of an incremental monitoring framework from scratch aiming at minimizing field sampling activities. Experimental results concerning the estimation of grassland biomass and nitrogen content returned RMSE values of 2.05 t/ha and 4.68 kg/ha, respectively. They are comparable with the literature, mostly relying on supervised frameworks and confirmed the suitability of the proposed methodology with operational environments.;11.04.2023;27.05.2025 07:09;27.05.2025 07:09;27.05.2025 07:09;4812;NA;8;13;NA;Applied Sciences;;;NA;NA;NA;NA;NA;en;https://creativecommons.org/licenses/by/4.0/;NA;NA;NA;DOI.org (Crossref);NA;;NA;C:\Users\j_stee03\Zotero\storage\GKQEZ2G6\Amitrano et al. - 2023 - UAV Hyperspectral Characterization of Vegetation U.pdf;NA;NA;NA;;NA;NA;NA;NA;NA;NA;NA;NA;NA;NA;NA;NA;NA;NA;NA;NA;NA;NA;NA;NA;NA;NA;NA;NA;NA;NA;NA;NA;NA;NA;NA;NA;NA;NA;NA;NA;NA;NA;NA;NA;NA;NA;NA;NA;NA
U57D3IDB;journalArticle;2023;"Zhang, Huifang; Tang, Zhonggang; Wang, Binyao; Kan, Hongcheng; Sun, Yi; Qin, Yu; Meng, Baoping; Li, Meng; Chen, Jianjun; Lv, Yanyan; Zhang, Jianguo; Niu, Shuli; Yi, Shuhua";A 250 m annual alpine grassland AGB dataset over the Qinghai–Tibet Plateau (2000–2019) in China based on in situ measurements, UAV photos, and MODIS data;Earth System Science Data;NA;1866-3516;10.5194/essd-15-821-2023;https://essd.copernicus.org/articles/15/821/2023/;"Abstract. The alpine grassland ecosystem accounts for 53 % of the Qinghai–Tibet Plateau (QTP) area and is an important ecological protection barrier, but it is fragile and vulnerable to climate change. Therefore, continuous monitoring of grassland aboveground biomass (AGB) is necessary. Although many studies have mapped the spatial distribution of AGB for the QTP, the results vary widely due to the limited ground samples and mismatches with satellite pixel scales. This paper proposed a new algorithm using unmanned aerial vehicles (UAVs) as a bridge to estimate the grassland AGB on the QTP from 2000 to 2019. The innovations were as follows: (1) in terms of ground data acquisition, spatial-scale matching among the traditional ground samples, UAV photos, and MODIS pixels was considered. A total of 906 pairs between field-harvested AGB and UAV sub-photos and 2602 sets of MODIS pixel-scale UAV data (over 37 000 UAV photos) were collected during 2015–2019. Therefore, the ground validation samples were sufficient and scale-matched. (2) In terms of model construction, the traditional quadrat scale (0.25 m2) was successfully upscaled to the MODIS pixel scale (62 500 m2) based on the random forest and stepwise upscaling methods. Compared with previous studies, the scale matching of independent and dependent variables was achieved, effectively reducing the impact of spatial-scale mismatch. The results showed that the correlation between the AGB values estimated by UAV and MODIS vegetation indices was higher than that between field-measured AGB and MODIS vegetation indices at the MODIS pixel scale. The multi-year validation results showed that the constructed MODIS pixel-scale AGB estimation model had good robustness, with an average R2 of 0.83 and RMSE of 34.13 g m−2. Our dataset provides an important input parameter for a comprehensive understanding of the role of the QTP under global climate change. The dataset is available from the National Tibetan Plateau/Third Pole Environment Data Center (https://doi.org/10.11888/Terre.tpdc.272587; H. Zhang et al., 2022).";14.02.2023;27.05.2025 07:09;27.05.2025 07:09;27.05.2025 07:09;821-846;NA;2;15;NA;Earth Syst. Sci. Data;;;NA;NA;NA;NA;NA;en;https://creativecommons.org/licenses/by/4.0/;NA;NA;NA;DOI.org (Crossref);NA;;NA;C:\Users\j_stee03\Zotero\storage\B3RDU42L\Zhang et al. - 2023 - A 250 m annual alpine grassland AGB dataset over t.pdf;NA;NA;NA;;NA;NA;NA;NA;NA;NA;NA;NA;NA;NA;NA;NA;NA;NA;NA;NA;NA;NA;NA;NA;NA;NA;NA;NA;NA;NA;NA;NA;NA;NA;NA;NA;NA;NA;NA;NA;NA;NA;NA;NA;NA;NA;NA;NA;NA
T2LGPN5A;journalArticle;2019;"Rueda-Ayala, Victor; Peña, José; Höglind, Mats; Bengochea-Guevara, José; Andújar, Dionisio";Comparing UAV-Based Technologies and RGB-D Reconstruction Methods for Plant Height and Biomass Monitoring on Grass Ley;Sensors;NA;1424-8220;10.3390/s19030535;https://www.mdpi.com/1424-8220/19/3/535;Pastures are botanically diverse and difficult to characterize. Digital modeling of pasture biomass and quality by non-destructive methods can provide highly valuable support for decision-making. This study aimed to evaluate aerial and on-ground methods to characterize grass ley fields, estimating plant height, biomass and volume, using digital grass models. Two fields were sampled, one timothy-dominant and the other ryegrass-dominant. Both sensing systems allowed estimation of biomass, volume and plant height, which were compared with ground truth, also taking into consideration basic economical aspects. To obtain ground-truth data for validation, 10 plots of 1 m2 were manually and destructively sampled on each field. The studied systems differed in data resolution, thus in estimation capability. There was a reasonably good agreement between the UAV-based, the RGB-D-based estimates and the manual height measurements on both fields. RGB-D-based estimation correlated well with ground truth of plant height (     R 2  > 0.80    ) for both fields, and with dry biomass (     R 2  = 0.88    ), only for the timothy field. RGB-D-based estimation of plant volume for ryegrass showed a high agreement (     R 2  = 0.87    ). The UAV-based system showed a weaker estimation capability for plant height and dry biomass (     R 2  < 0.6    ). UAV-systems are more affordable, easier to operate and can cover a larger surface. On-ground techniques with RGB-D cameras can produce highly detailed models, but with more variable results than UAV-based models. On-ground RGB-D data can be effectively analysed with open source software, which is a cost reduction advantage, compared with aerial image analysis. Since the resolution for agricultural operations does not need fine identification the end-details of the grass plants, the use of aerial platforms could result a better option in grasslands.;28.01.2019;27.05.2025 07:09;27.05.2025 07:09;27.05.2025 07:09;535;NA;3;19;NA;Sensors;;;NA;NA;NA;NA;NA;en;https://creativecommons.org/licenses/by/4.0/;NA;NA;NA;DOI.org (Crossref);NA;;NA;C:\Users\j_stee03\Zotero\storage\NL57GKLM\Rueda-Ayala et al. - 2019 - Comparing UAV-Based Technologies and RGB-D Reconst.pdf;NA;NA;NA;;NA;NA;NA;NA;NA;NA;NA;NA;NA;NA;NA;NA;NA;NA;NA;NA;NA;NA;NA;NA;NA;NA;NA;NA;NA;NA;NA;NA;NA;NA;NA;NA;NA;NA;NA;NA;NA;NA;NA;NA;NA;NA;NA;NA;NA
V7IJY8EQ;journalArticle;2019;"Canisius, Francis; Wang, Shusen; Croft, Holly; Leblanc, Sylvain G.; Russell, Hazen A. J.; Chen, Jing; Wang, Rong";A UAV-Based Sensor System for Measuring Land Surface Albedo: Tested over a Boreal Peatland Ecosystem;Drones;NA;2504-446X;10.3390/drones3010027;https://www.mdpi.com/2504-446X/3/1/27;A multiple sensor payload for a multi-rotor based UAV platform was developed and tested for measuring land surface albedo and spectral measurements at user-defined spatial, temporal, and spectral resolutions. The system includes a Matrice 600 UAV with an RGB camera and a set of four downward pointing radiation sensors including a pyranometer, quantum sensor, and VIS and NIR spectrometers, measuring surface reflected radiation. A companion ground unit consisting of a second set of identical sensors simultaneously measure downwelling radiation. The reflected and downwelling radiation measured by the four sensors are used for calculating albedo for the total shortwave broadband, visible band and any narrowband at a 1.5 nm spectral resolution within the range of 350–1100 nm. The UAV-derived albedo was compared with those derived from Landsat 8 and Sentinel-2 satellite observations. Results show the agreement between total shortwave albedo from UAV pyranometer and Landsat 8 (R2 = 0.73) and Sentinel-2 (R2 = 0.68). Further, total shortwave albedo was estimated from spectral measurements and compared with the satellite-derived albedo. This UAV-based sensor system promises to provide high-resolution multi-sensors data acquisition. It also provides maximal flexibility for data collection at low cost with minimal atmosphere influence, minimal site disturbance, flexibility in measurement planning, and ease of access to study sites (e.g., wetlands) in contrast with traditional data collection methods.;16.03.2019;27.05.2025 07:09;27.05.2025 07:09;27.05.2025 07:09;27;NA;1;3;NA;Drones;A UAV-Based Sensor System for Measuring Land Surface Albedo;;NA;NA;NA;NA;NA;en;https://creativecommons.org/licenses/by/4.0/;NA;NA;NA;DOI.org (Crossref);NA;;NA;C:\Users\j_stee03\Zotero\storage\44RMG9EI\Canisius et al. - 2019 - A UAV-Based Sensor System for Measuring Land Surfa.pdf;NA;NA;NA;;NA;NA;NA;NA;NA;NA;NA;NA;NA;NA;NA;NA;NA;NA;NA;NA;NA;NA;NA;NA;NA;NA;NA;NA;NA;NA;NA;NA;NA;NA;NA;NA;NA;NA;NA;NA;NA;NA;NA;NA;NA;NA;NA;NA;NA
7DA4Q7FU;journalArticle;2020;"Vilar, Pedro; Morais, Tiago G.; Rodrigues, Nuno R.; Gama, Ivo; Monteiro, Marta L.; Domingos, Tiago; Teixeira, Ricardo F. M.";Object-Based Classification Approaches for Multitemporal Identification and Monitoring of Pastures in Agroforestry Regions using Multispectral Unmanned Aerial Vehicle Products;Remote Sensing;NA;2072-4292;10.3390/rs12050814;https://www.mdpi.com/2072-4292/12/5/814;Sown Biodiverse Pastures (SBP) are the basis of a high-yield grazing system tailored for Mediterranean ecosystems and widely implemented in Southern Portugal. The application of precision farming methods in SBP requires cost-effective monitoring using remote sensing (RS). The main hurdle for the remote monitoring of SBP is the fact that the bulk of the pastures are installed in open Montado agroforestry systems. Sparsely distributed trees cast shadows that hinder the identification of the underlaying pasture using Unmanned Aerial Vehicles (UAV) imagery. Image acquisition in the Spring is made difficult by the presence of flowers that mislead the classification algorithms. Here, we tested multiple procedures for the geographical, object-based image classification (GEOBIA) of SBP, aiming to reduce the effects of tree shadows and flowers in open Montado systems. We used remotely sensed data acquired between November 2017 and May 2018 in three Portuguese farms. We used three machine learning supervised classification algorithms: Random Forests (RF), Support Vector Machine (SVM) and Artificial Neural Networks (ANN). We classified SBP based on: (1) a single-period image for the maximum Normalized Difference Vegetation Index (NDVI) epoch in each of the three farms, and (2) multi-temporal image stacking. RF, SVM and ANN were trained using some visible (red, green and blue bands) and near-infrared (NIR) reflectance bands, plus NDVI and a Digital Surface Model (DSM). We obtained high overall accuracy and kappa index (higher than 79% and 0.60, respectively). The RF algorithm had the highest overall accuracy (more than 92%) for all farms. Multitemporal image classification increased the accuracy of the algorithms. as it helped to correctly identify as SBP the areas covered by tree shadows and flower patches, which would be misclassified using single image classification. This study thus established the first workflow for SBP monitoring based on remotely sensed data, suggesting an operational approach for SBP identification. The workflow can be applied to other types of pastures in agroforestry regions to reduce the effects of shadows and flowering in classification problems.;03.03.2020;27.05.2025 07:09;27.05.2025 07:09;27.05.2025 07:09;814;NA;5;12;NA;Remote Sensing;;;NA;NA;NA;NA;NA;en;https://creativecommons.org/licenses/by/4.0/;NA;NA;NA;DOI.org (Crossref);NA;;NA;C:\Users\j_stee03\Zotero\storage\PCQKFFAD\Vilar et al. - 2020 - Object-Based Classification Approaches for Multite.pdf;NA;NA;NA;;NA;NA;NA;NA;NA;NA;NA;NA;NA;NA;NA;NA;NA;NA;NA;NA;NA;NA;NA;NA;NA;NA;NA;NA;NA;NA;NA;NA;NA;NA;NA;NA;NA;NA;NA;NA;NA;NA;NA;NA;NA;NA;NA;NA;NA
2XS5FVEE;journalArticle;2018;"Olsoy, Peter J.; Shipley, Lisa A.; Rachlow, Janet L.; Forbey, Jennifer S.; Glenn, Nancy F.; Burgess, Matthew A.; Thornton, Daniel H.";Unmanned aerial systems measure structural habitat features for wildlife across multiple scales;Methods in Ecology and Evolution;NA;2041-210X, 2041-210X;10.1111/2041-210X.12919;https://besjournals.onlinelibrary.wiley.com/doi/10.1111/2041-210X.12919;Abstract                                                                                     Assessing habitat quality is a primary goal of ecologists. However, evaluating habitat features that relate strongly to habitat quality at fine‐scale resolutions across broad‐scale extents is challenging. Unmanned aerial systems (                     UAS                     ) provide an avenue for bridging the gap between relatively high spatial resolution, low spatial extent field‐based habitat quality measurements and lower spatial resolution, higher spatial extent satellite‐based remote sensing. Our goal in this study was to evaluate the potential for                     UAS                     structure from motion (SfM) to estimate several dimensions of habitat quality that provide potential security from predators, and forage for pygmy rabbits (                     Brachylagus idahoensis                     ) in a sagebrush steppe environment.                                                                                             At the plant and patch scales, we compared                     UAS                     ‐derived estimates of vegetation height, volume (estimate of food availability) and canopy cover to estimates from ground‐based terrestrial laser scanning (                     TLS                     ) and field‐based measurements. Then, we mapped habitat features across two sagebrush landscapes in Idaho,                     USA                     , using point clouds derived from                     UAS                     SfM.                                                                                             At the individual plant scale, the                     UAS                     ‐derived estimates matched those from                     TLS                     for height (                     R                     2                      = 0.85), volume (                     R                     2                      = 0.94) and canopy cover (                     R                     2                      = 0.68). However, there was less agreement with field‐based measurements of height (                     R                     2                      = 0.67), volume (                     R                     2                      = 0.31) and canopy cover (                     R                     2                      = 0.29). At the patch scale,                     UAS                     ‐derived estimates provided a better fit to field‐based measurements (                     R                     2                      = 0.51–0.75) than at the plant scale. Landscape‐scale maps created from                     UAS                     were able to distinguish structural heterogeneity between key patch types.                                                                                             Our work demonstrates that                     UAS                     was able to accurately estimate habitat heterogeneity for a key terrestrial vertebrate at multiple spatial scales. Given that many of the vegetation metrics we focus on are important for a wide variety of species, our work illustrates a general remote sensing approach for mapping and monitoring fine‐resolution habitat quality across broad landscapes for use in studies of animal ecology, conservation and land management.;2018-03;27.05.2025 07:09;27.05.2025 07:09;27.05.2025 07:09;594-604;NA;3;9;NA;Methods Ecol Evol;;;NA;NA;NA;NA;NA;en;http://onlinelibrary.wiley.com/termsAndConditions#am;NA;NA;NA;DOI.org (Crossref);NA;;NA;C:\Users\j_stee03\Zotero\storage\J726WTPB\Olsoy et al. - 2018 - Unmanned aerial systems measure structural habitat.pdf;NA;NA;NA;McMahon, Sean;NA;NA;NA;NA;NA;NA;NA;NA;NA;NA;NA;NA;NA;NA;NA;NA;NA;NA;NA;NA;NA;NA;NA;NA;NA;NA;NA;NA;NA;NA;NA;NA;NA;NA;NA;NA;NA;NA;NA;NA;NA;NA;NA;NA;NA
5PIY83AG;journalArticle;2024;"Xing, Fei; An, Ru; Guo, Xulin; Shen, Xiaoji";Mapping invasive noxious weed species in the alpine grassland ecosystems using very high spatial resolution UAV hyperspectral imagery and a novel deep learning model;GIScience & Remote Sensing;NA;1548-1603, 1943-7226;10.1080/15481603.2024.2327146;https://www.tandfonline.com/doi/full/10.1080/15481603.2024.2327146;;31.12.2024;27.05.2025 07:09;27.05.2025 07:09;27.05.2025 07:09;2327146;NA;1;61;NA;GIScience & Remote Sensing;;;NA;NA;NA;NA;NA;en;;NA;NA;NA;DOI.org (Crossref);NA;;NA;C:\Users\j_stee03\Zotero\storage\BKYLXKF6\Xing et al. - 2024 - Mapping invasive noxious weed species in the alpin.pdf;NA;NA;NA;;NA;NA;NA;NA;NA;NA;NA;NA;NA;NA;NA;NA;NA;NA;NA;NA;NA;NA;NA;NA;NA;NA;NA;NA;NA;NA;NA;NA;NA;NA;NA;NA;NA;NA;NA;NA;NA;NA;NA;NA;NA;NA;NA;NA;NA
4GX6BFWE;journalArticle;2023;"Vahidi, Milad; Shafian, Sanaz; Thomas, Summer; Maguire, Rory";Pasture Biomass Estimation Using Ultra-High-Resolution RGB UAVs Images and Deep Learning;Remote Sensing;NA;2072-4292;10.3390/rs15245714;https://www.mdpi.com/2072-4292/15/24/5714;The continuous assessment of grassland biomass during the growth season plays a vital role in making informed, location-specific management choices. The implementation of precision agriculture techniques can facilitate and enhance these decision-making processes. Nonetheless, precision agriculture depends on the availability of prompt and precise data pertaining to plant characteristics, necessitating both high spatial and temporal resolutions. Utilizing structural and spectral attributes extracted from low-cost sensors on unmanned aerial vehicles (UAVs) presents a promising non-invasive method to evaluate plant traits, including above-ground biomass and plant height. Therefore, the main objective was to develop an artificial neural network capable of estimating pasture biomass by using UAV RGB images and the canopy height models (CHM) during the growing season over three common types of paddocks: Rest, bale grazing, and sacrifice. Subsequently, this study first explored the variation of structural and color-related features derived from statistics of CHM and RGB image values under different levels of plant growth. Then, an ANN model was trained for accurate biomass volume estimation based on a rigorous assessment employing statistical criteria and ground observations. The model demonstrated a high level of precision, yielding a coefficient of determination (R2) of 0.94 and a root mean square error (RMSE) of 62 (g/m2). The evaluation underscores the critical role of ultra-high-resolution photogrammetric CHMs and red, green, and blue (RGB) values in capturing meaningful variations and enhancing the model’s accuracy across diverse paddock types, including bale grazing, rest, and sacrifice paddocks. Furthermore, the model’s sensitivity to areas with minimal or virtually absent biomass during the plant growth period is visually demonstrated in the generated maps. Notably, it effectively discerned low-biomass regions in bale grazing paddocks and areas with reduced biomass impact in sacrifice paddocks compared to other types. These findings highlight the model’s versatility in estimating biomass across a range of scenarios, making it well suited for deployment across various paddock types and environmental conditions.;13.12.2023;27.05.2025 07:09;27.05.2025 07:09;27.05.2025 07:09;5714;NA;24;15;NA;Remote Sensing;;;NA;NA;NA;NA;NA;en;https://creativecommons.org/licenses/by/4.0/;NA;NA;NA;DOI.org (Crossref);NA;;NA;C:\Users\j_stee03\Zotero\storage\CFJ4UHKY\Vahidi et al. - 2023 - Pasture Biomass Estimation Using Ultra-High-Resolu.pdf;NA;NA;NA;;NA;NA;NA;NA;NA;NA;NA;NA;NA;NA;NA;NA;NA;NA;NA;NA;NA;NA;NA;NA;NA;NA;NA;NA;NA;NA;NA;NA;NA;NA;NA;NA;NA;NA;NA;NA;NA;NA;NA;NA;NA;NA;NA;NA;NA
5AV3ZZF7;journalArticle;2023;"Wang, Huaiyu; Liu, Yongmei; Ge, Xinghua; Dong, Xingzhi; Long, Yongqing; Wang, Lei";Discriminating Stellera chamaejasme in alpine grasslands using UAV hyperspectral imagery and multivariate analysis;Frontiers in Ecology and Evolution;NA;2296-701X;10.3389/fevo.2023.1254143;https://www.frontiersin.org/articles/10.3389/fevo.2023.1254143/full;"Stellera chamaejasme               is highly invasive and causes a significant threat to alpine grassland on the Qinghai-Tibet Plateau. It is important to determine its distribution pattern in order to stem the rapid invasion of this toxic weed. In the present study, strategies for mapping               S. chamaejasme               based on UAV Resonon hyperspectral imaging were assessed in combination with dimension reduction, clustering and ordination analysis, and spectral separability measurement. Field spectrometry analysis showed that the hierarchical procedure of Kruskal-Wallis test and Dunn’s               post hoc               test, CART and JM distance can efficiently select the minimum optimal wavelengths for               S. chamaejasme               discrimination and considerably reduce the dimensions of hyperspectral imagery. DCA and RDA ordination revealed that               S. chamaejasme               identification at the species level is difficult even using hyperspectral feature bands. The reaggregating of TWINSPAN ecological communities based on the criterion of JM distance &gt; 1.9 can result in spectrally delineated               S. chamaejasme               communities and the co-existing species community. Applying three algorithms of MLC, RF, and SVM, the performance of               S. chamaejasme               classification based on JM-TWINSPAN schemes was significantly improved compared to that based on TWINSPAN schemes. Of these, RF and JM-TWINSPAN achieved the best classification result (OA = 91.00%, Kappa = 0.83, AD = 14.0%, and QD = 1.2%). The result indicates that the promising accuracy can be achieved in accurate mapping of               S. chamaejasme               by a multivariate approach, which combines ecological analysis and separability measurement with image classification.";26.10.2023;27.05.2025 07:09;27.05.2025 07:09;27.05.2025 07:09;1254143;NA;;11;NA;Front. Ecol. Evol.;;;NA;NA;NA;NA;NA;;;NA;NA;NA;DOI.org (Crossref);NA;;NA;C:\Users\j_stee03\Zotero\storage\HSHX4KNR\Wang et al. - 2023 - Discriminating Stellera chamaejasme in alpine gras.pdf;NA;NA;NA;;NA;NA;NA;NA;NA;NA;NA;NA;NA;NA;NA;NA;NA;NA;NA;NA;NA;NA;NA;NA;NA;NA;NA;NA;NA;NA;NA;NA;NA;NA;NA;NA;NA;NA;NA;NA;NA;NA;NA;NA;NA;NA;NA;NA;NA
WRLHVCQC;journalArticle;2024;"Zhao, Jin; Li, Kaihui; Zhang, Jiarong; Liu, Yanyan; Li, Xuan";Mapping Invasive Species Pedicularis and Background Grassland Using UAV and Machine Learning Algorithms;Drones;NA;2504-446X;10.3390/drones8110639;https://www.mdpi.com/2504-446X/8/11/639;The rapid spread of invasive plants presents significant challenges for the management of grasslands. Uncrewed aerial vehicles (UAVs) offer a promising solution for fast and efficient monitoring, although the optimal methodologies require further refinement. The objective of this research was to establish a rapid, repeatable, and cost-effective computer-assisted method for extracting Pedicularis kansuensis (P. kansuensis), an invasive plant species. To achieve this goal, an investigation was conducted into how different backgrounds (swamp meadow, alpine steppe, land cover) impact the detection of plant invaders in the Bayanbuluk grassland in Xinjiang using Random Forest (RF), Support Vector Machine (SVM) and eXtreme Gradient Boosting (XGBoost) with three feature combinations: spectral band, vegetation index (VI), and spectral band + VI. The results indicate that all three feature combinations achieved an overall accuracy ranging from 0.77 to 0.95. Among the three models, XGBoost demonstrates the highest accuracy, followed by Random Forest (RF), while Support Vector Machine (SVM) exhibits the lowest accuracy. The most significant feature bands for the three field plots, as well as the invasive species and land cover, were concentrated at 750 nm, 550 nm, and 660 nm. It was found that the green band proved to be the most influential for improving invasive plant extraction while the red edge 750 nm band ranked highest for overall classification accuracy among these feature combinations. The results demonstrate that P. kansuensis is highly distinguishable from co-occurring native grass species, with accuracies ranging from 0.9 to 1, except for SVM with six spectral bands, indicating high spectral variability between its flowers and those of co-occurring native background species.;04.11.2024;27.05.2025 07:09;27.05.2025 07:09;27.05.2025 07:09;639;NA;11;8;NA;Drones;;;NA;NA;NA;NA;NA;en;https://creativecommons.org/licenses/by/4.0/;NA;NA;NA;DOI.org (Crossref);NA;;NA;C:\Users\j_stee03\Zotero\storage\NEM998J5\Zhao et al. - 2024 - Mapping Invasive Species Pedicularis and Backgroun.pdf;NA;NA;NA;;NA;NA;NA;NA;NA;NA;NA;NA;NA;NA;NA;NA;NA;NA;NA;NA;NA;NA;NA;NA;NA;NA;NA;NA;NA;NA;NA;NA;NA;NA;NA;NA;NA;NA;NA;NA;NA;NA;NA;NA;NA;NA;NA;NA;NA
JVJ3EI9N;journalArticle;2023;"Wolff, Franziska; H. M. Kolari, Tiina; Villoslada, Miguel; Tahvanainen, Teemu; Korpelainen, Pasi; A. P. Zamboni, Pedro; Kumpula, Timo";RGB vs. Multispectral imagery: Mapping aapa mire plant communities with UAVs;Ecological Indicators;NA;1470160X;10.1016/j.ecolind.2023.110140;https://linkinghub.elsevier.com/retrieve/pii/S1470160X23002820;;2023-04;27.05.2025 07:09;27.05.2025 07:09;27.05.2025 07:09;110140;NA;;148;NA;Ecological Indicators;RGB vs. Multispectral imagery;;NA;NA;NA;NA;NA;en;;NA;NA;NA;DOI.org (Crossref);NA;;NA;C:\Users\j_stee03\Zotero\storage\E7FGW56R\Wolff et al. - 2023 - RGB vs. Multispectral imagery Mapping aapa mire p.pdf;NA;NA;NA;;NA;NA;NA;NA;NA;NA;NA;NA;NA;NA;NA;NA;NA;NA;NA;NA;NA;NA;NA;NA;NA;NA;NA;NA;NA;NA;NA;NA;NA;NA;NA;NA;NA;NA;NA;NA;NA;NA;NA;NA;NA;NA;NA;NA;NA
92Q2NSQR;journalArticle;2024;"Nahrstedt, Konstantin; Reuter, Tobias; Trautz, Dieter; Waske, Björn; Jarmer, Thomas";Classifying Stand Compositions in Clover Grass Based on High-Resolution Multispectral UAV Images;Remote Sensing;NA;2072-4292;10.3390/rs16142684;https://www.mdpi.com/2072-4292/16/14/2684;In organic farming, clover is an important basis for green manure in crop rotation systems due to its nitrogen-fixing effect. However, clover is often sown in mixtures with grass to achieve a yield-increasing effect. In order to determine the quantity and distribution of clover and its influence on the subsequent crops, clover plants must be identified at the individual plant level and spatially differentiated from grass plants. In practice, this is usually done by visual estimation or extensive field sampling. High-resolution unmanned aerial vehicles (UAVs) offer a more efficient alternative. In the present study, clover and grass plants were classified based on spectral information from high-resolution UAV multispectral images and texture features using a random forest classifier. Three different timestamps were observed in order to depict the phenological development of clover and grass distributions. To reduce data redundancy and processing time, relevant texture features were selected based on a wrapper analysis and combined with the original bands. Including these texture features, a significant improvement in classification accuracy of up to 8% was achieved compared to a classification based on the original bands only. Depending on the phenological stage observed, this resulted in overall accuracies between 86% and 91%. Subsequently, high-resolution UAV imagery data allow for precise management recommendations for precision agriculture with site-specific fertilization measures.;22.07.2024;27.05.2025 07:09;27.05.2025 07:09;27.05.2025 07:09;2684;NA;14;16;NA;Remote Sensing;;;NA;NA;NA;NA;NA;en;https://creativecommons.org/licenses/by/4.0/;NA;NA;NA;DOI.org (Crossref);NA;;NA;C:\Users\j_stee03\Zotero\storage\GUNKNK5F\Nahrstedt et al. - 2024 - Classifying Stand Compositions in Clover Grass Bas.pdf;NA;NA;NA;;NA;NA;NA;NA;NA;NA;NA;NA;NA;NA;NA;NA;NA;NA;NA;NA;NA;NA;NA;NA;NA;NA;NA;NA;NA;NA;NA;NA;NA;NA;NA;NA;NA;NA;NA;NA;NA;NA;NA;NA;NA;NA;NA;NA;NA
BFNJ984M;journalArticle;2022;"Pereira, F.R.da S.; de Lima, J.P.; Freitas, R.G.; Dos Reis, A.A.; Amaral, L.R.do; Figueiredo, G.K.D.A.; Lamparelli, R.A.C.; Magalhães, P.S.G.";Nitrogen variability assessment of pasture fields under an integrated crop-livestock system using UAV, PlanetScope, and Sentinel-2 data;Computers and Electronics in Agriculture;NA;1681699;10.1016/j.compag.2021.106645;https://linkinghub.elsevier.com/retrieve/pii/S0168169921006621;;2022-02;27.05.2025 07:09;27.05.2025 07:09;27.05.2025 07:09;106645;NA;;193;NA;Computers and Electronics in Agriculture;;;NA;NA;NA;NA;NA;en;;NA;NA;NA;DOI.org (Crossref);NA;;NA;C:\Users\j_stee03\Zotero\storage\DJM4VGZL\Pereira et al. - 2022 - Nitrogen variability assessment of pasture fields .pdf;NA;NA;NA;;NA;NA;NA;NA;NA;NA;NA;NA;NA;NA;NA;NA;NA;NA;NA;NA;NA;NA;NA;NA;NA;NA;NA;NA;NA;NA;NA;NA;NA;NA;NA;NA;NA;NA;NA;NA;NA;NA;NA;NA;NA;NA;NA;NA;NA
Y6QD4HAT;journalArticle;2022;"Franceschini, Marston; Becker, Rolf; Wichern, Florian; Kooistra, Lammert";Quantification of Grassland Biomass and Nitrogen Content through UAV Hyperspectral Imagery—Active Sample Selection for Model Transfer;Drones;NA;2504-446X;10.3390/drones6030073;https://www.mdpi.com/2504-446X/6/3/73;"Accurate retrieval of grassland traits is important to support management of pasture production and phenotyping studies. In general, conventional methods used to measure forage yield and quality rely on costly destructive sampling and laboratory analysis, which is often not viable in practical applications. Optical imaging systems carried as payload in Unmanned Aerial Vehicles (UAVs) platforms have increasingly been proposed as alternative non-destructive solutions for crop characterization and monitoring. The vegetation spectral response in the visible and near-infrared wavelengths provides information on many aspects of its composition and structure. Combining spectral measurements and multivariate modelling approaches it is possible to represent the often complex relationship between canopy reflectance and specific plant traits. However, empirical models are limited and strictly represent characteristics of the observations used during model training, therefore having low generalization potential. A method to mitigate this issue consists of adding informative samples from the target domain (i.e., new observations) to the training dataset. This approach searches for a compromise between representing the variability in new data and selecting only a minimal number of additional samples for calibration transfer. In this study, a method to actively choose new training samples based on their spectral diversity and prediction uncertainty was implemented and tested using a multi-annual dataset. Accurate predictions were obtained using hyperspectral imagery and linear multivariate models (Partial Least Squares Regression—PLSR) for grassland dry matter (DM; R2 = 0.92, RMSE = 3.25 dt ha−1), nitrogen (N) content in % of DM (R2 = 0.58, RMSE = 0.27%) and N-uptake (R2 = 0.91, RMSE = 6.50 kg ha−1). In addition, the number of samples from the target dates added to the training dataset could be reduced by up to 77% and 74% for DM and N-related traits, respectively, after model transfer. Despite this reduction, RMSE values for optimal transfer sets (identified after validation and used as benchmark) were only 20–30% lower than those values obtained after model transfer based on prediction uncertainty reduction, indicating that loss of accuracy was relatively small. These results demonstrate that considerably simple approaches based on UAV hyperspectral data can be applied in preliminary grassland monitoring frameworks, even with limited datasets.";11.03.2022;27.05.2025 07:09;27.05.2025 07:09;27.05.2025 07:09;73;NA;3;6;NA;Drones;;;NA;NA;NA;NA;NA;en;https://creativecommons.org/licenses/by/4.0/;NA;NA;NA;DOI.org (Crossref);NA;;NA;C:\Users\j_stee03\Zotero\storage\VDENFZ8K\Franceschini et al. - 2022 - Quantification of Grassland Biomass and Nitrogen C.pdf;NA;NA;NA;;NA;NA;NA;NA;NA;NA;NA;NA;NA;NA;NA;NA;NA;NA;NA;NA;NA;NA;NA;NA;NA;NA;NA;NA;NA;NA;NA;NA;NA;NA;NA;NA;NA;NA;NA;NA;NA;NA;NA;NA;NA;NA;NA;NA;NA
7QHYSFNB;journalArticle;2022;"Togeirode Alckmin, Gustavo; Lucieer, Arko; Rawnsley, Richard; Kooistra, Lammert";Perennial ryegrass biomass retrieval through multispectral UAV data;Computers and Electronics in Agriculture;NA;1681699;10.1016/j.compag.2021.106574;https://linkinghub.elsevier.com/retrieve/pii/S0168169921005913;;2022-02;27.05.2025 07:09;27.05.2025 07:09;27.05.2025 07:09;106574;NA;;193;NA;Computers and Electronics in Agriculture;;;NA;NA;NA;NA;NA;en;;NA;NA;NA;DOI.org (Crossref);NA;;NA;C:\Users\j_stee03\Zotero\storage\CNSXT4BI\Togeirode Alckmin et al. - 2022 - Perennial ryegrass biomass retrieval through multi.pdf;NA;NA;NA;;NA;NA;NA;NA;NA;NA;NA;NA;NA;NA;NA;NA;NA;NA;NA;NA;NA;NA;NA;NA;NA;NA;NA;NA;NA;NA;NA;NA;NA;NA;NA;NA;NA;NA;NA;NA;NA;NA;NA;NA;NA;NA;NA;NA;NA
I92N9KGF;journalArticle;2022;"Polley, H. Wayne; Kolodziejczyk, Chris A.; Jones, Katherine A.; Derner, Justin D.; Augustine, David J.; Smith, Douglas R.";UAV−Enabled Quantification of Grazing-Induced Changes in Uniformity of Green Cover on Semiarid and Mesic Grasslands;Rangeland Ecology & Management;NA;15507424;10.1016/j.rama.2021.10.001;https://linkinghub.elsevier.com/retrieve/pii/S1550742421001123;;2022-01;27.05.2025 07:09;27.05.2025 07:09;27.05.2025 07:09;68-77;NA;;80;NA;Rangeland Ecology & Management;;;NA;NA;NA;NA;NA;en;;NA;NA;NA;DOI.org (Crossref);NA;;NA;C:\Users\j_stee03\Zotero\storage\ZF2Z7N3X\Polley et al. - 2022 - UAV−Enabled Quantification of Grazing-Induced Chan.pdf;NA;NA;NA;;NA;NA;NA;NA;NA;NA;NA;NA;NA;NA;NA;NA;NA;NA;NA;NA;NA;NA;NA;NA;NA;NA;NA;NA;NA;NA;NA;NA;NA;NA;NA;NA;NA;NA;NA;NA;NA;NA;NA;NA;NA;NA;NA;NA;NA
BDAMTYLG;journalArticle;2021;"Vafidis, Jim; Lucksted, Isaac; Gall, Moyrah; Maxfield, Pete; Meakin, Kathy; Steer, Mark";Mapping scrub vegetation cover from photogrammetric point clouds: A useful tool in reserve management;Ecology and Evolution;NA;2045-7758, 2045-7758;10.1002/ece3.7527;https://onlinelibrary.wiley.com/doi/10.1002/ece3.7527;Abstract             Scrub vegetation is a valuable habitat and resource for wildlife, but if unmanaged can encroach and dominate adjacent habitats, reducing biodiversity value. A primary task in the management of terrestrial nature reserves in the UK is monitoring and controlling scrub. The methods used to monitor and assess scrub cover are often basic, relying on qualitative assessment. Inaccurate assessments may fail to inform appropriate management of the habitats and lead to loss or degradation of important ecological features. Scrub can be monitored using UAV or satellite‐derived imagery, but it can be difficult to distinguish between other vegetation types without using high‐cost hyperspectral sensors. An alternative method using high‐resolution surface models from photogrammetric point clouds enables the isolation of vegetation types based on height. Scrub can be isolated from woodland, hedgerows, and tall ground vegetation. In this study, we calculate scrub cover using a photogrammetric point cloud modeling approach using UAVs.             We illustrate the method with two case studies from the UK. The scrub cover at Daneway Banks, a calcareous grassland site in Gloucestershire, was calculated at 21.8% of the site. The scrub cover at Flat Holm Island, a maritime grassland in the Severn Estuary, was calculated at 7%. This approach enabled the scrub layer to be readily measured and if required, modeled to provide a visual guide of what a projected management objective would look like. This approach provides a new tool in reserve management, enabling habitat management strategies to be informed, and progress toward objectives monitored.;2021-06;27.05.2025 07:09;27.05.2025 07:09;27.05.2025 07:09;6789-6797;NA;11;11;NA;Ecology and Evolution;Mapping scrub vegetation cover from photogrammetric point clouds;;NA;NA;NA;NA;NA;en;;NA;NA;NA;DOI.org (Crossref);NA;;NA;C:\Users\j_stee03\Zotero\storage\BK788VJ7\Vafidis et al. - 2021 - Mapping scrub vegetation cover from photogrammetri.pdf;NA;NA;NA;;NA;NA;NA;NA;NA;NA;NA;NA;NA;NA;NA;NA;NA;NA;NA;NA;NA;NA;NA;NA;NA;NA;NA;NA;NA;NA;NA;NA;NA;NA;NA;NA;NA;NA;NA;NA;NA;NA;NA;NA;NA;NA;NA;NA;NA
FGJP2WUW;journalArticle;2021;"De Rosa, Daniele; Basso, Bruno; Fasiolo, Matteo; Friedl, Johannes; Fulkerson, Bill; Grace, Peter R.; Rowlings, David W.";Predicting pasture biomass using a statistical model and machine learning algorithm implemented with remotely sensed imagery;Computers and Electronics in Agriculture;NA;1681699;10.1016/j.compag.2020.105880;https://linkinghub.elsevier.com/retrieve/pii/S0168169920330854;;2021-01;27.05.2025 07:09;27.05.2025 07:09;27.05.2025 07:09;105880;NA;;180;NA;Computers and Electronics in Agriculture;;;NA;NA;NA;NA;NA;en;;NA;NA;NA;DOI.org (Crossref);NA;;NA;C:\Users\j_stee03\Zotero\storage\M3QCER9V\De Rosa et al. - 2021 - Predicting pasture biomass using a statistical mod.pdf;NA;NA;NA;;NA;NA;NA;NA;NA;NA;NA;NA;NA;NA;NA;NA;NA;NA;NA;NA;NA;NA;NA;NA;NA;NA;NA;NA;NA;NA;NA;NA;NA;NA;NA;NA;NA;NA;NA;NA;NA;NA;NA;NA;NA;NA;NA;NA;NA
CHTRZUYE;journalArticle;2021;"Lin, Xingchen; Chen, Jianjun; Lou, Peiqing; Yi, Shuhua; Qin, Yu; You, Haotian; Han, Xiaowen";Improving the estimation of alpine grassland fractional vegetation cover using optimized algorithms and multi-dimensional features;Plant Methods;NA;1746-4811;10.1186/s13007-021-00796-5;https://plantmethods.biomedcentral.com/articles/10.1186/s13007-021-00796-5;Abstract                            Background               Fractional vegetation cover (FVC) is an important basic parameter for the quantitative monitoring of the alpine grassland ecosystem on the Qinghai-Tibetan Plateau. Based on unmanned aerial vehicle (UAV) acquisition of measured data and matching it with satellite remote sensing images at the pixel scale, the proper selection of driving data and inversion algorithms can be determined and is crucial for generating high-precision alpine grassland FVC products.                                         Methods               This study presents estimations of alpine grassland FVC using optimized algorithms and multi-dimensional features. The multi-dimensional feature set (using original spectral bands, 22 vegetation indices, and topographical factors) was constructed from many sources of information, then the optimal feature subset was determined based on different feature selection algorithms as the driving data for optimized machine learning algorithms. Finally, the inversion accuracy, sensitivity to sample size, and computational efficiency of the four machine learning algorithms were evaluated.                                         Results                                (1) The random forest (RF) algorithm (R                 2                 : 0.861, RMSE: 9.5%) performed the best for FVC inversion among the four machine learning algorithms driven by the four typical vegetation indices. (2) Compared with the four typical vegetation indices, using multi-dimensional feature sets as driving data obviously improved the FVC inversion accuracy of the four machine learning algorithms (R                 2                 of the RF algorithm increased to 0.890). (3) Among the three variable selection algorithms (Boruta, sequential forward selection [SFS], and permutation importance-recursive feature elimination [PI-RFE]), the constructed PI-RFE feature selection algorithm had the best dimensionality reduction effect on the multi-dimensional feature set. (4) The hyper-parameter optimization of the machine learning algorithms and feature selection of the multi-dimensional feature set further improved FVC inversion accuracy (R                 2                 : 0.917 and RMSE: 7.9% in the optimized RF algorithm).                                                        Conclusion               This study provides a highly precise, optimized algorithm with an optimal multi-dimensional feature set for FVC inversion, which is vital for the quantitative monitoring of the ecological environment of alpine grassland.;2021-12;27.05.2025 07:09;27.05.2025 07:09;27.05.2025 07:09;96;NA;1;17;NA;Plant Methods;;;NA;NA;NA;NA;NA;en;;NA;NA;NA;DOI.org (Crossref);NA;;NA;C:\Users\j_stee03\Zotero\storage\UCBBDJRY\Lin et al. - 2021 - Improving the estimation of alpine grassland fract.pdf;NA;NA;NA;;NA;NA;NA;NA;NA;NA;NA;NA;NA;NA;NA;NA;NA;NA;NA;NA;NA;NA;NA;NA;NA;NA;NA;NA;NA;NA;NA;NA;NA;NA;NA;NA;NA;NA;NA;NA;NA;NA;NA;NA;NA;NA;NA;NA;NA
VKUA24UL;journalArticle;2023;"Zhu, Xiaohua; Yang, Qian; Chen, Xinyu; Ding, Zixiao";An Approach for Joint Estimation of Grassland Leaf Area Index and Leaf Chlorophyll Content from UAV Hyperspectral Data;Remote Sensing;NA;2072-4292;10.3390/rs15102525;https://www.mdpi.com/2072-4292/15/10/2525;"Leaf area index (LAI) and leaf chlorophyll content (Cab) are two important indicators of vegetation growth. Due to the high-coupling of spectral signals of leaf area and chlorophyll content, simultaneous retrieval of LAI and Cab from remotely sensed date is always challenging. In this paper, an approach for joint estimation of grassland LAI and Cab from unmanned aerial vehicle (UAV) hyperspectral data was proposed. Firstly, based on a PROSAIL model, 15 typical hyperspectral vegetation indices (VIs) were calculated and analyzed to identify optimal VIs for LAI and Cab estimation. Secondly, four pairs of VIs were established and their discreteness was also calculated for building a two-dimension matrix. Thirdly, a two-layer VI matrix was generated to determine the relationship of VIs with LAI values and Cab values. Finally, LAI and Cab were jointly retrieved according to the cells of the two-layer matrix. The retrieval reduced the cross-influence between LAI and Cab. Compared with the VI empirical model and the single-layer VI matrix, the accuracy of LAI and Cab retrieved from UAV hyperspectral data based on the two-layer VI matrix was significantly improved (for LAI: R2 = 0.73, RMSE = 0.91 m2/m2 and u(SD) = 0.82 m2/m2; for Cab: R2 = 0.79, RMSE = 11.7 μg/cm2 and u(SD) = 10.84 μg/cm2). The proposed method has the potential for rapid retrieval of LAI and Cab from hyperspectral data. As a method similar to look-up table, the two-layer matrix can be used directly for LAI and Cab estimation without the need for prior measurements for training.";11.05.2023;27.05.2025 07:09;27.05.2025 07:09;27.05.2025 07:09;2525;NA;10;15;NA;Remote Sensing;;;NA;NA;NA;NA;NA;en;https://creativecommons.org/licenses/by/4.0/;NA;NA;NA;DOI.org (Crossref);NA;;NA;C:\Users\j_stee03\Zotero\storage\HNNJ2NAX\Zhu et al. - 2023 - An Approach for Joint Estimation of Grassland Leaf.pdf;NA;NA;NA;;NA;NA;NA;NA;NA;NA;NA;NA;NA;NA;NA;NA;NA;NA;NA;NA;NA;NA;NA;NA;NA;NA;NA;NA;NA;NA;NA;NA;NA;NA;NA;NA;NA;NA;NA;NA;NA;NA;NA;NA;NA;NA;NA;NA;NA
THP33P6D;journalArticle;2024;"Wang, Ruochen; Dong, Jianjun; Jin, Lishan; Sun, Yuyan; Baoyin, Taogetao; Wang, Xiumei";Improving the Accuracy of Vegetation Index Retrieval for Biomass by Combining Ground-UAV Hyperspectral Data–A New Method for Inner Mongolia Typical Grasslands;Phyton;NA;1851-5657;10.32604/phyton.2024.047573;https://www.techscience.com/phyton/v93n2/55524;;2024;27.05.2025 07:09;27.05.2025 07:09;27.05.2025 07:09;387-411;NA;2;93;NA;Phyton;;;NA;NA;NA;NA;NA;en;;NA;NA;NA;DOI.org (Crossref);NA;;NA;C:\Users\j_stee03\Zotero\storage\ZRILE3CC\Wang et al. - 2024 - Improving the Accuracy of Vegetation Index Retriev.pdf;NA;NA;NA;;NA;NA;NA;NA;NA;NA;NA;NA;NA;NA;NA;NA;NA;NA;NA;NA;NA;NA;NA;NA;NA;NA;NA;NA;NA;NA;NA;NA;NA;NA;NA;NA;NA;NA;NA;NA;NA;NA;NA;NA;NA;NA;NA;NA;NA
I2H3VXPX;journalArticle;2023;"Rose, Miranda Brooke; Mills, Mystyn; Franklin, Janet; Larios, Loralee";Mapping Fractional Vegetation Cover Using Unoccupied Aerial Vehicle Imagery to Guide Conservation of a Rare Riparian Shrub Ecosystem in Southern California;Remote Sensing;NA;2072-4292;10.3390/rs15215113;https://www.mdpi.com/2072-4292/15/21/5113;The use of unoccupied aerial vehicles (UAVs) for vegetation monitoring is widespread in agriculture and forestry but far less so in ecological restoration where it has tremendous unrealized potential. We tested the ability of multispectral data and a derived vegetation index to classify shrub, herbaceous vegetation, and bare soil cover in a rare alluvial floodplain vegetation community in semiarid Southern California, where shrub cover is manipulated in restoration efforts aimed to provide open habitats required by several threatened and endangered species. Three classifiers and three levels of spatial aggregation were compared for their ability to provide accurate shrub cover estimates at a scale commensurate with the needs of conservation managers. We used object-based image analysis (OBIA) and compared maximum likelihood (ML), support vector machine (SVM), and random forest (RF) classifiers applied to high-spatial resolution (0.14 m) data from a four-band Parrot Sequoia+ multispectral sensor. The SVM and RF classifiers yielded similarly high classification accuracy evaluated using the training data (overall accuracy of 96.4% and 97.6%, respectively), much higher than ML (88%). Aggregating shrub cover data to 25 and 50 m resolutions yielded more accurate and well-calibrated cover estimates (mean absolute error 12% and 11%, respectively, for RF) than 10 m aggregation (MAE 19% for RF). Shrub cover estimated using RF and SVM was able to meet the restoration monitoring needs to distinguish the three phases of shrub habitat characterized by their cover (10–30%, 30–75%, >75%) that differ in habitat quality and restoration prescriptions.;26.10.2023;27.05.2025 07:09;27.05.2025 07:09;27.05.2025 07:09;5113;NA;21;15;NA;Remote Sensing;;;NA;NA;NA;NA;NA;en;https://creativecommons.org/licenses/by/4.0/;NA;NA;NA;DOI.org (Crossref);NA;;NA;C:\Users\j_stee03\Zotero\storage\D74D84FR\Rose et al. - 2023 - Mapping Fractional Vegetation Cover Using Unoccupi.pdf;NA;NA;NA;;NA;NA;NA;NA;NA;NA;NA;NA;NA;NA;NA;NA;NA;NA;NA;NA;NA;NA;NA;NA;NA;NA;NA;NA;NA;NA;NA;NA;NA;NA;NA;NA;NA;NA;NA;NA;NA;NA;NA;NA;NA;NA;NA;NA;NA
6XJ6U55G;journalArticle;2023;"Jia, Xiang; Huang, Tiecheng; Chen, Mengyu; Han, Ning; Liu, Yihao; Chen, Shujiang; Zhang, Xiaoli";Distribution of Grazing Paths and Their Influence on Mountain Vegetation in the Traditional Grazing Area of the Tien-Shan Mountains;Remote Sensing;NA;2072-4292;10.3390/rs15123163;https://www.mdpi.com/2072-4292/15/12/3163;In the Tien-Shan Mountains, Ili Prefecture, Xinjiang, China, the livestock industry has experienced rapid growth in recent decades. However, this expansion has led to increased overgrazing behavior, resulting in the proliferation of grazing paths and a decline in vegetation cover. These factors are considered the main causes of vegetation degradation in the region. To investigate this issue, we conducted a study utilizing unmanned aerial vehicle imagery in the Zollersay Mountains of Ili to examine the distribution of grazing paths and their effects on mountain vegetation, including grassland and Malus sieversii. The results of our study revealed that grazing paths in the area exhibited various formations, including parallel, oblique intersection, and grid. On the hilltop, the grazing paths were not only shorter but also wider, whereas on the hillside, they were denser, indicating a higher concentration of livestock trampling events. It was found that grazing path density played a pivotal role in grassland degradation, with a negative correlation observed between grazing path density and indicators such as the grassland quality index and grass vegetation coverage. As grazing path density increased, the damage inflicted on Malus sieversii by livestock also intensified. However, as the trees grow older, their height surpasses the feeding range of livestock, resulting in reduced grazing impact. The findings of our study carry significant implications for developing scientifically informed livestock policies and promoting the conservation of wild fruit forests.;17.06.2023;27.05.2025 07:09;27.05.2025 07:09;27.05.2025 07:09;3163;NA;12;15;NA;Remote Sensing;;;NA;NA;NA;NA;NA;en;https://creativecommons.org/licenses/by/4.0/;NA;NA;NA;DOI.org (Crossref);NA;;NA;C:\Users\j_stee03\Zotero\storage\AMRHY4Z6\Jia et al. - 2023 - Distribution of Grazing Paths and Their Influence .pdf;NA;NA;NA;;NA;NA;NA;NA;NA;NA;NA;NA;NA;NA;NA;NA;NA;NA;NA;NA;NA;NA;NA;NA;NA;NA;NA;NA;NA;NA;NA;NA;NA;NA;NA;NA;NA;NA;NA;NA;NA;NA;NA;NA;NA;NA;NA;NA;NA
JMYTKG29;journalArticle;2025;"Woodruff, Craig D.; Clark, Patrick E.; Olsoy, Peter J.; Enterkine, Josh";Estimation of leaf area index in sagebrush steppe with low cost unoccupied aerial systems;Landscape Ecology;NA;1572-9761;10.1007/s10980-024-02031-7;https://link.springer.com/10.1007/s10980-024-02031-7;Abstract                            Context               Leaf area index (LAI) strongly influences the carbon and water cycle in drylands, but accurate estimation of LAI relies on field methods that are expensive and time intensive. Very high-resolution imagery from unoccupied aerial systems (UAS) offers a potential solution for monitoring LAI, but estimation methods derived from cost effective red, green, and blue (RGB) sensors are untested in these semi-arid ecosystems.                                         Objectives                                The objective of our study was to test whether LAI could be estimated with very high resolution UAS collected RGB and canopy height data. Additionally, we sought to validate the model accuracy at the plot (1 m                 2                 ) scale, test the accuracy at the macroplot (1 ha) scale, and assess the within plot impact of shadows.                                                        Methods                                We used a Random Forest machine learning model to estimate LAI in a Wyoming big sagebrush community in the Reynolds Creek Experimental Watershed using high resolution (< 1 cm                 2                 ) UAS imagery collected in 2021 as predictors and plot scale point intercept (quadrat design) field data as the LAI reference.                                                        Results                                Random Forest modeled estimates of LAI were accurate at the plot (r                 2                  = 0.69, MAE = 0.08, RMSE = 0.10), and the macroplot scales (error of 0.065), and mean within plot shadow error was 0.06.                                                        Conclusions               This research demonstrates high resolution UAS data can rapidly and accurately estimate LAI, with a limited number of field measurements, potentially allowing land managers to survey seasonally and spatially heterogeneous LAI 1 hectare at a time over the vast rangelands in the Great Basin and similar ecosystems worldwide.;22.01.2025;27.05.2025 07:09;27.05.2025 07:09;27.05.2025 07:09;27;NA;2;40;NA;Landsc Ecol;;;NA;NA;NA;NA;NA;en;;NA;NA;NA;DOI.org (Crossref);NA;;NA;C:\Users\j_stee03\Zotero\storage\VFK3X7MJ\Woodruff et al. - 2025 - Estimation of leaf area index in sagebrush steppe .pdf;NA;NA;NA;;NA;NA;NA;NA;NA;NA;NA;NA;NA;NA;NA;NA;NA;NA;NA;NA;NA;NA;NA;NA;NA;NA;NA;NA;NA;NA;NA;NA;NA;NA;NA;NA;NA;NA;NA;NA;NA;NA;NA;NA;NA;NA;NA;NA;NA
7WF3TMLP;journalArticle;2025;"Bazzo, Clara Oliva Gonçalves; Kamali, Bahareh; Behrend, Dominik; Hueging, Hubert; Schleip, Inga; Mosebach, Paul; Behrendt, Axel; Gaiser, Thomas";Assessing the Effect of Field Disturbances On Biomass Estimation in Grasslands Using UAV-Derived Canopy Height Models;PFG – Journal of Photogrammetry, Remote Sensing and Geoinformation Science;NA;2512-2789, 2512-2819;10.1007/s41064-024-00322-x;https://link.springer.com/10.1007/s41064-024-00322-x;Abstract             Accurate estimation of biomass in grasslands is essential for understanding ecosystem health and productivity. Unmanned Aerial Vehicles (UAVs) have emerged as valuable tools for biomass estimation using canopy height models derived from high-resolution imagery. However, the impact of field disturbances, such as lodging and molehills, on the accuracy of biomass estimation using UAV-derived canopy height models remains underexplored. This study aimed to assess the relationship between UAV-derived canopy height and both reference canopy height measurements and dry biomass, accounting for different management systems and disturbance scenarios. UAV data were collected using a multispectral camera, and ground-based measurements were obtained for validation. The results revealed that UAV-derived canopy height models remained accurate in estimating vegetation height, even in the presence of disturbances. However, the relationship between UAV-derived canopy height and dry biomass was affected by disturbances, leading to overestimation or underestimation of biomass depending on disturbance type and severity. The impact of disturbances on biomass estimation varied across cutting systems. These findings highlight the potential of UAV-derived canopy height models for estimating vegetation structure, but also underscore the need for caution in relying solely on these models for accurate biomass estimation in heterogeneous grasslands. Future research should explore strategies to enhance biomass estimation accuracy by integrating additional data sources and accounting for field disturbances.;2025-03;27.05.2025 07:09;27.05.2025 07:09;27.05.2025 07:09;37-49;NA;1;93;NA;PFG;;;NA;NA;NA;NA;NA;en;;NA;NA;NA;DOI.org (Crossref);NA;;NA;C:\Users\j_stee03\Zotero\storage\YE7QNX5P\Bazzo et al. - 2025 - Assessing the Effect of Field Disturbances On Biom.pdf;NA;NA;NA;;NA;NA;NA;NA;NA;NA;NA;NA;NA;NA;NA;NA;NA;NA;NA;NA;NA;NA;NA;NA;NA;NA;NA;NA;NA;NA;NA;NA;NA;NA;NA;NA;NA;NA;NA;NA;NA;NA;NA;NA;NA;NA;NA;NA;NA
U82TRDSC;journalArticle;2024;"Perrone, Michela; Conti, Luisa; Galland, Thomas; Komárek, Jan; Lagner, Ondřej; Torresani, Michele; Rossi, Christian; Carmona, Carlos P.; de Bello, Francesco; Rocchini, Duccio; Moudrý, Vítězslav; Šímová, Petra; Bagella, Simonetta; Malavasi, Marco";“Flower power”: How flowering affects spectral diversity metrics and their relationship with plant diversity;Ecological Informatics;NA;15749541;10.1016/j.ecoinf.2024.102589;https://linkinghub.elsevier.com/retrieve/pii/S1574954124001316;;2024-07;27.05.2025 07:09;27.05.2025 07:09;27.05.2025 07:09;102589;NA;;81;NA;Ecological Informatics;“Flower power”;;NA;NA;NA;NA;NA;en;;NA;NA;NA;DOI.org (Crossref);NA;;NA;C:\Users\j_stee03\Zotero\storage\6AAZN5WC\Perrone et al. - 2024 - “Flower power” How flowering affects spectral div.pdf;NA;NA;NA;;NA;NA;NA;NA;NA;NA;NA;NA;NA;NA;NA;NA;NA;NA;NA;NA;NA;NA;NA;NA;NA;NA;NA;NA;NA;NA;NA;NA;NA;NA;NA;NA;NA;NA;NA;NA;NA;NA;NA;NA;NA;NA;NA;NA;NA
KBV6C7LC;journalArticle;2024;"Gao, Shu-han; Yan, Yong-zhi; Yuan, Yuan; Zhang, Ning; Ma, Le; Zhang, Qing";Comprehensive degradation index for monitoring desert grassland using UAV multispectral imagery;Ecological Indicators;NA;1470160X;10.1016/j.ecolind.2024.112194;https://linkinghub.elsevier.com/retrieve/pii/S1470160X24006514;;2024-08;27.05.2025 07:09;27.05.2025 07:09;27.05.2025 07:09;112194;NA;;165;NA;Ecological Indicators;;;NA;NA;NA;NA;NA;en;;NA;NA;NA;DOI.org (Crossref);NA;;NA;C:\Users\j_stee03\Zotero\storage\SS87LBQM\Gao et al. - 2024 - Comprehensive degradation index for monitoring des.pdf;NA;NA;NA;;NA;NA;NA;NA;NA;NA;NA;NA;NA;NA;NA;NA;NA;NA;NA;NA;NA;NA;NA;NA;NA;NA;NA;NA;NA;NA;NA;NA;NA;NA;NA;NA;NA;NA;NA;NA;NA;NA;NA;NA;NA;NA;NA;NA;NA
EKLFF8GA;journalArticle;2020;"Räsänen, Aleksi; Aurela, Mika; Juutinen, Sari; Kumpula, Timo; Lohila, Annalea; Penttilä, Timo; Virtanen, Tarmo";Detecting northern peatland vegetation patterns at ultra‐high spatial resolution;Remote Sensing in Ecology and Conservation;NA;2056-3485, 2056-3485;10.1002/rse2.140;https://zslpublications.onlinelibrary.wiley.com/doi/10.1002/rse2.140;"Abstract                            Within northern peatlands, landscape elements such as vegetation and topography are spatially heterogenic from ultra‐high (centimeter level) to coarse scale. In addition to within‐site spatial heterogeneity, there is evident between‐site heterogeneity, but there is a lack of studies assessing whether different combinations of remotely sensed features and mapping approaches are needed in different types of landscapes. We evaluated the value of different mapping methods and remote sensing datasets and analyzed the kinds of differences present in vegetation patterns and their mappability between three northern boreal peatland landscapes in northern Finland. We utilized field‐inventoried vegetation plots together with spectral, textural, topography and vegetation height remote sensing data from 0.02‐ to 3‐m pixel size. Remote sensing data included true‐color unmanned aerial vehicle images, aerial images with four spectral bands, aerial lidar data and multiple PlanetScope satellite images. We used random forest regressions for tracking plant functional type (               PFT               ) coverage, non‐metric multidimensional scaling ordination axes and fuzzy k‐medoid plant community clusters.               PFT               regressions had variable performance for different study sites (               R               2               −0.03 to 0.69). Spatial patterns of some spectrally or structurally distinctive               PFT               s could be predicted relatively well. The first ordination axis represented wetness gradient and was well predicted using remotely sensed data (               R               2               0.64 to 0.82), but the other three axes had a less straightforward explanation and lower mapping performance (               R               2               −0.09 to 0.53). Plant community clusters were predicted most accurately in the sites with clear string‐flark topography but less accurately in the flatter site (               R               2               0.16–0.82). The most important remote sensing features differed between dependent variables and study sites: different topographic, spectral and textural features; and coarse‐scale and fine‐scale datasets were the most important in different tasks. We suggest that multiple different mapping approaches should be tested and several remote sensing datasets used when maps of vegetation are produced.";2020-12;27.05.2025 07:09;27.05.2025 07:09;27.05.2025 07:09;457-471;NA;4;6;NA;Remote Sens Ecol Conserv;;;NA;NA;NA;NA;NA;en;;NA;NA;NA;DOI.org (Crossref);NA;;NA;C:\Users\j_stee03\Zotero\storage\GZ5WR8NK\Räsänen et al. - 2020 - Detecting northern peatland vegetation patterns at.pdf;NA;NA;NA;"Horning, Ned; Zhang, Jian";NA;NA;NA;NA;NA;NA;NA;NA;NA;NA;NA;NA;NA;NA;NA;NA;NA;NA;NA;NA;NA;NA;NA;NA;NA;NA;NA;NA;NA;NA;NA;NA;NA;NA;NA;NA;NA;NA;NA;NA;NA;NA;NA;NA;NA
GTF8878Y;journalArticle;2025;"Schnalke, Marie; Funk, Jonas; Wagner, Andreas";Bridging technology and ecology: enhancing applicability of deep learning and UAV-based flower recognition;Frontiers in Plant Science;NA;1664-462X;10.3389/fpls.2025.1498913;https://www.frontiersin.org/articles/10.3389/fpls.2025.1498913/full;The decline of insect biomass, including pollinators, represents a significant ecological challenge, impacting both biodiversity and ecosystems. Effective monitoring of pollinator habitats, especially floral resources, is essential for addressing this issue. This study connects drone and deep learning technologies to their practical application in ecological research. It focuses on simplifying the application of these technologies. Updating an object detection toolbox to TensorFlow (TF) 2 enhanced performance and ensured compatibility with newer software packages, facilitating access to multiple object recognition models - Faster Region-based Convolutional Neural Network (Faster R-CNN), Single-Shot-Detector (SSD), and EfficientDet. The three object detection models were tested on two datasets of UAV images of flower-rich grasslands, to evaluate their application potential in practice. A practical guide for biologists to apply flower recognition to Unmanned Aerial Vehicle (UAV) imagery is also provided. The results showed that Faster RCNN had the best overall performance with a precision of 89.9% and a recall of 89%, followed by EfficientDet, which excelled in recall but at a lower precision. Notably, EfficientDet demonstrated the lowest model complexity, making it a suitable choice for applications requiring a balance between efficiency and detection performance. Challenges remain, such as detecting flowers in dense vegetation and accounting for environmental variability.;18.03.2025;27.05.2025 07:09;27.05.2025 07:09;27.05.2025 07:09;1498913;NA;;16;NA;Front. Plant Sci.;Bridging technology and ecology;;NA;NA;NA;NA;NA;;;NA;NA;NA;DOI.org (Crossref);NA;;NA;C:\Users\j_stee03\Zotero\storage\QE5ZJDS6\Schnalke et al. - 2025 - Bridging technology and ecology enhancing applica.pdf;NA;NA;NA;;NA;NA;NA;NA;NA;NA;NA;NA;NA;NA;NA;NA;NA;NA;NA;NA;NA;NA;NA;NA;NA;NA;NA;NA;NA;NA;NA;NA;NA;NA;NA;NA;NA;NA;NA;NA;NA;NA;NA;NA;NA;NA;NA;NA;NA
KJF7G6NY;journalArticle;2025;"Innangi, Michele; Di Febbraro, Mirko; Balsi, Marco; Colonna, Ginevra; Finizio, Michele; Pontieri, Federica; Carranza, Maria Laura";A novel high-resolution eco-functional vegetation mapping of coastal dunes;Ecological Indicators;NA;1470160X;10.1016/j.ecolind.2025.113157;https://linkinghub.elsevier.com/retrieve/pii/S1470160X2500086X;;2025-02;27.05.2025 07:09;27.05.2025 07:09;27.05.2025 07:09;113157;NA;;171;NA;Ecological Indicators;;;NA;NA;NA;NA;NA;en;;NA;NA;NA;DOI.org (Crossref);NA;;NA;C:\Users\j_stee03\Zotero\storage\CLGC7Y9M\Innangi et al. - 2025 - A novel high-resolution eco-functional vegetation .pdf;NA;NA;NA;;NA;NA;NA;NA;NA;NA;NA;NA;NA;NA;NA;NA;NA;NA;NA;NA;NA;NA;NA;NA;NA;NA;NA;NA;NA;NA;NA;NA;NA;NA;NA;NA;NA;NA;NA;NA;NA;NA;NA;NA;NA;NA;NA;NA;NA
U2W5CYVC;journalArticle;2017;"Wang, Dongliang; Xin, Xiaoping; Shao, Quanqin; Brolly, Matthew; Zhu, Zhiliang; Chen, Jin";Modeling Aboveground Biomass in Hulunber Grassland Ecosystem by Using Unmanned Aerial Vehicle Discrete Lidar;Sensors;NA;1424-8220;10.3390/s17010180;https://www.mdpi.com/1424-8220/17/1/180;"Accurate canopy structure datasets, including canopy height and fractional cover, are required to monitor aboveground biomass as well as to provide validation data for satellite remote sensing products. In this study, the ability of an unmanned aerial vehicle (UAV) discrete light detection and ranging (lidar) was investigated for modeling both the canopy height and fractional cover in Hulunber grassland ecosystem. The extracted mean canopy height, maximum canopy height, and fractional cover were used to estimate the aboveground biomass. The influences of flight height on lidar estimates were also analyzed. The main findings are: (1) the lidar-derived mean canopy height is the most reasonable predictor of aboveground biomass (R2 = 0.340, root-mean-square error (RMSE) = 81.89 g·m−2, and relative error of 14.1%). The improvement of multiple regressions to the R2 and RMSE values is unobvious when adding fractional cover in the regression since the correlation between mean canopy height and fractional cover is high; (2) Flight height has a pronounced effect on the derived fractional cover and details of the lidar data, but the effect is insignificant on the derived canopy height when the flight height is within the range (<100 m). These findings are helpful for modeling stable regressions to estimate grassland biomass using lidar returns.";19.01.2017;27.05.2025 07:09;27.05.2025 07:09;27.05.2025 07:09;180;NA;1;17;NA;Sensors;;;NA;NA;NA;NA;NA;en;https://creativecommons.org/licenses/by/4.0/;NA;NA;NA;DOI.org (Crossref);NA;;NA;C:\Users\j_stee03\Zotero\storage\ZYEFQAGM\Wang et al. - 2017 - Modeling Aboveground Biomass in Hulunber Grassland.pdf;NA;NA;NA;;NA;NA;NA;NA;NA;NA;NA;NA;NA;NA;NA;NA;NA;NA;NA;NA;NA;NA;NA;NA;NA;NA;NA;NA;NA;NA;NA;NA;NA;NA;NA;NA;NA;NA;NA;NA;NA;NA;NA;NA;NA;NA;NA;NA;NA
L42DYG65;journalArticle;2020;"Alvarez-Vanhard, Emilien; Houet, Thomas; Mony, Cendrine; Lecoq, Lucie; Corpetti, Thomas";Can UAVs fill the gap between in situ surveys and satellites for habitat mapping?;Remote Sensing of Environment;NA;344257;10.1016/j.rse.2020.111780;https://linkinghub.elsevier.com/retrieve/pii/S0034425720301504;;2020-06;27.05.2025 07:09;27.05.2025 07:09;27.05.2025 07:09;111780;NA;;243;NA;Remote Sensing of Environment;;;NA;NA;NA;NA;NA;en;;NA;NA;NA;DOI.org (Crossref);NA;;NA;C:\Users\j_stee03\Zotero\storage\F3HDFJKN\Alvarez-Vanhard et al. - 2020 - Can UAVs fill the gap between in situ surveys and .pdf;NA;NA;NA;;NA;NA;NA;NA;NA;NA;NA;NA;NA;NA;NA;NA;NA;NA;NA;NA;NA;NA;NA;NA;NA;NA;NA;NA;NA;NA;NA;NA;NA;NA;NA;NA;NA;NA;NA;NA;NA;NA;NA;NA;NA;NA;NA;NA;NA
NS95D5MU;journalArticle;2019;"Lussem, Ulrike; Bolten, Andreas; Menne, Jannis; Gnyp, Martin Leon; Schellberg, Jürgen; Bareth, Georg";Estimating biomass in temperate grassland with high resolution canopy surface models from UAV-based RGB images and vegetation indices;Journal of Applied Remote Sensing;NA;1931-3195;10.1117/1.JRS.13.034525;https://www.spiedigitallibrary.org/journals/journal-of-applied-remote-sensing/volume-13/issue-03/034525/Estimating-biomass-in-temperate-grassland-with-high-resolution-canopy-surface/10.1117/1.JRS.13.034525.full;;23.09.2019;27.05.2025 07:09;27.05.2025 07:09;27.05.2025 07:09;1;NA;3;13;NA;J. Appl. Rem. Sens.;;;NA;NA;NA;NA;NA;;;NA;NA;NA;DOI.org (Crossref);NA;;NA;C:\Users\j_stee03\Zotero\storage\6CB3DEG9\Lussem et al. - 2019 - Estimating biomass in temperate grassland with hig.pdf;NA;NA;NA;;NA;NA;NA;NA;NA;NA;NA;NA;NA;NA;NA;NA;NA;NA;NA;NA;NA;NA;NA;NA;NA;NA;NA;NA;NA;NA;NA;NA;NA;NA;NA;NA;NA;NA;NA;NA;NA;NA;NA;NA;NA;NA;NA;NA;NA
XQXWVRXF;journalArticle;2020;"Barnetson, Jason; Phinn, Stuart; Scarth, Peter";Estimating Plant Pasture Biomass and Quality from UAV Imaging across Queensland’s Rangelands;AgriEngineering;NA;2624-7402;10.3390/agriengineering2040035;https://www.mdpi.com/2624-7402/2/4/35;"The aim of this research was to test recent developments in the use of Remotely Piloted Aircraft Systems or Unmanned Aerial Vehicles (UAV)/drones to map both pasture quantity as biomass yield and pasture quality as the proportions of key pasture nutrients, across a selected range of field sites throughout the rangelands of Queensland. Improved pasture management begins with an understanding of the state of the resource base, UAV based methods can potentially achieve this at improved spatial and temporal scales. This study developed machine learning based predictive models of both pasture measures. UAV-based structure from motion photogrammetry provided a measure of yield from overlapping high resolution visible colour imagery. Pasture nutrient composition was estimated from the spectral signatures of visible near infrared hyperspectral UAV sensing. An automated pasture height surface modelling technique was developed, tested and used along with field site measurements to predict further estimates across each field site. Both prior knowledge and automated predictive modelling techniques were employed to predict yield and nutrition. Pasture height surface modelling was assessed against field measurements using a rising plate meter, results reported correlation coefficients (R2) ranging from 0.2 to 0.4 for both woodland and grassland field sites. Accuracy of the predictive modelling was determined from further field measurements of yield and on average indicated an error of 0.8 t ha−1 in grasslands and 1.3 t ha−1 in mixed woodlands across both modelling approaches. Correlation analyses between measures of pasture quality, acid detergent fibre and crude protein (ADF, CP), and spectral reflectance data indicated the visible red (651 nm) and red-edge (759 nm) regions were highly correlated (ADF R2 = 0.9 and CP R2 = 0.5 mean values). These findings agreed with previous studies linking specific absorption features with grass chemical composition. These results conclude that the practical application of such techniques, to efficiently and accurately map pasture yield and quality, is possible at the field site scale; however, further research is needed, in particular further field sampling of both yield and nutrient elements across such a diverse landscape, with the potential to scale up to a satellite platform for broader scale monitoring.";05.11.2020;27.05.2025 07:09;27.05.2025 07:09;27.05.2025 07:09;523-543;NA;4;2;NA;AgriEngineering;;;NA;NA;NA;NA;NA;en;https://creativecommons.org/licenses/by/4.0/;NA;NA;NA;DOI.org (Crossref);NA;;NA;C:\Users\j_stee03\Zotero\storage\KTRICIDA\Barnetson et al. - 2020 - Estimating Plant Pasture Biomass and Quality from .pdf;NA;NA;NA;;NA;NA;NA;NA;NA;NA;NA;NA;NA;NA;NA;NA;NA;NA;NA;NA;NA;NA;NA;NA;NA;NA;NA;NA;NA;NA;NA;NA;NA;NA;NA;NA;NA;NA;NA;NA;NA;NA;NA;NA;NA;NA;NA;NA;NA
92E8ZJ7J;journalArticle;2016;"Chen, Jianjun; Yi, Shuhua; Qin, Yu; Wang, Xiaoyun";Improving estimates of fractional vegetation cover based on UAV in alpine grassland on the Qinghai–Tibetan Plateau;International Journal of Remote Sensing;NA;0143-1161, 1366-5901;10.1080/01431161.2016.1165884;http://www.tandfonline.com/doi/full/10.1080/01431161.2016.1165884;;17.04.2016;27.05.2025 07:09;27.05.2025 07:09;27.05.2025 07:09;1922-1936;NA;8;37;NA;International Journal of Remote Sensing;;;NA;NA;NA;NA;NA;en;;NA;NA;NA;DOI.org (Crossref);NA;;NA;C:\Users\j_stee03\Zotero\storage\YTJGZVNY\Chen et al. - 2016 - Improving estimates of fractional vegetation cover.pdf;NA;NA;NA;;NA;NA;NA;NA;NA;NA;NA;NA;NA;NA;NA;NA;NA;NA;NA;NA;NA;NA;NA;NA;NA;NA;NA;NA;NA;NA;NA;NA;NA;NA;NA;NA;NA;NA;NA;NA;NA;NA;NA;NA;NA;NA;NA;NA;NA
CUWVTRRT;journalArticle;2020;"Wijesingha, Jayan; Astor, Thomas; Schulze-Brüninghoff, Damian; Wachendorf, Michael";Mapping Invasive Lupinus polyphyllus Lindl. in Semi-natural Grasslands Using Object-Based Image Analysis of UAV-borne Images;PFG – Journal of Photogrammetry, Remote Sensing and Geoinformation Science;NA;2512-2789, 2512-2819;10.1007/s41064-020-00121-0;https://link.springer.com/10.1007/s41064-020-00121-0;"Abstract                            Knowledge on the spatio-temporal distribution of invasive plant species is vital to maintain biodiversity in grasslands which are threatened by the invasion of such plants and to evaluate the effect of control activities conducted. Manual digitising of aerial images with field verification is the standard method to create maps of the invasive               Lupinus polyphyllus               Lindl. (Lupine) in semi-natural grasslands of the UNESCO biosphere reserve “Rhön”. As the standard method is labour-intensive, a workflow was developed to map lupine coverage using an unmanned aerial vehicle (UAV)-borne remote sensing (RS) along with object-based image analysis (OBIA). UAV-borne red, green, blue and thermal imaging, as well as photogrammetric canopy height modelling (CHM) were applied. Images were segmented by unsupervised parameter optimisation into image objects representing lupine plants and grass vegetation. Image objects obtained were classified using random forest classification modelling based on objects’ attributes. The classification model was employed to create lupine distribution maps of test areas, and predicted data were compared with manually digitised lupine coverage maps. The classification models yielded a mean prediction accuracy of 89%. The maximum difference in lupine area between classified and digitised lupine maps was 5%. Moreover, the pixel-wise map comparison showed that 88% of all pixels matched between classified and digitised maps. Our results indicated that lupine coverage mapping using UAV-borne RS data and OBIA provides similar results as the standard manual digitising method and, thus, offers a valuable tool to map invasive lupine on grasslands.                        ,              Zusammenfassung                            Kartierung der invasiven Lupinus Polyphyllus Lindl. auf naturnahem Grünland mit UAV-gestützten Bildern und objektbasierter Bildanalyse.               Die Kenntnis der raum-zeitlichen Verteilung invasiver Pflanzenarten ist unerlässlich a) für die Exhaltung der Artenvielfalt in Grünland, das durch das Eindringen solcher Pflanzen bedroht ist, und b) für die Kontrolle der Wirksamkeit von Gegenmaßnahmen. Die manuelle Digitalisierung von Luftbildern mit Feldvergleich ist bisher die Standardmethode dardmethode zur Erstellung von Karten der invasiven Lupinus polyphyllus Lindl. (Lupine) in naturnahen Magerrasen des UNESCO-Biosphärenreservats ""Rhön"". Da dieses Verfahren arbeitsaufwändig ist, wurde eine neue Methode zur Kartierung der Verbreitung der Lupine auf Basis von UAV-gestützter Fernerkundung (RS) und objektbasierter Bildanalyse (OBIA) entwickelt. Dabei kommen rgb-Bilder, Thermalbilder und Oberflächenmodelle der Vegetation zum Einsatz. Die Bilder wurden durch eine parameteroptimierte, unüberwachte Segmentierung so zerlegt, dass die Segmente die Objektklassen „Lupine“ und „Gras“ repräsentieren. Die Segmente wurden dann anhand der Objektattribute mit einer Random-Forest- Klassifizierung einzeln den Klassen „Lupine“ und „Gras“ zugeordnet. Eine aus dem Klassifikationsmodell abgeleitete Karte zur Lupinenverteilung wurde mit einer manuell digitalisierten Karte der Lupinenverteilung verglichen. Dabei zeigte sich eine mittlere Vorhersagegenauigkeit (prediction accuracy) von 89 %. Der größte Unterschied zwischen klassifizierter und digitalisierter Lupinenfläche betrug 5%. Darüber hinaus zeigte der pixelweise Vergleich, dass 88% aller klassifizierten Pixel mit den digitalisierten Pixeln übereinstimmten. Unsere Ergebnisse zeigen, dass die Kartierung der Lupinenverteilung mit UAV-basierten RS-Daten und OBIA ähnliche Ergebnisse liefert wie die bisherige manuelle Digitalisierung und damit ein wertvolles Werkzeug zur Kartierung invasiver Lupinen im Grünland darstellt.";2020-10;27.05.2025 07:09;27.05.2025 07:09;27.05.2025 07:09;391-406;NA;5;88;NA;PFG;;;NA;NA;NA;NA;NA;en;;NA;NA;NA;DOI.org (Crossref);NA;;NA;C:\Users\j_stee03\Zotero\storage\32XDUPU2\Wijesingha et al. - 2020 - Mapping Invasive Lupinus polyphyllus Lindl. in Sem.pdf;NA;NA;NA;;NA;NA;NA;NA;NA;NA;NA;NA;NA;NA;NA;NA;NA;NA;NA;NA;NA;NA;NA;NA;NA;NA;NA;NA;NA;NA;NA;NA;NA;NA;NA;NA;NA;NA;NA;NA;NA;NA;NA;NA;NA;NA;NA;NA;NA
7B46G3P8;journalArticle;2020;"Casamitjana, Maria; Torres-Madroñero, Maria C.; Bernal-Riobo, Jaime; Varga, Diego";Soil Moisture Analysis by Means of Multispectral Images According to Land Use and Spatial Resolution on Andosols in the Colombian Andes;Applied Sciences;NA;2076-3417;10.3390/app10165540;https://www.mdpi.com/2076-3417/10/16/5540;"Surface soil moisture is an important hydrological parameter in agricultural areas. Periodic measurements in tropical mountain environments are poorly representative of larger areas, while satellite resolution is too coarse to be effective in these topographically varied landscapes, making spatial resolution an important parameter to consider. The Las Palmas catchment area near Medellin in Colombia is a vital water reservoir that stores considerable amounts of water in its andosol. In this tropical Andean setting, we use an unmanned aerial vehicle (UAV) with multispectral (visible, near infrared) sensors to determine the correlation of three agricultural land uses (potatoes, bare soil, and pasture) with surface soil moisture. Four vegetation indices (the perpendicular drought index, PDI; the normalized difference vegetation index, NDVI; the normalized difference water index, NDWI, and the soil-adjusted vegetation index, SAVI) were applied to UAV imagery and a 3 m resolution to estimate surface soil moisture through calibration with in situ field measurements. The results showed that on bare soil, the indices that best fit the soil moisture results are NDVI, NDWI and PDI on a detailed scale, whereas on potatoes crops, the NDWI is the index that correlates significantly with soil moisture, irrespective of the scale. Multispectral images and vegetation indices provide good soil moisture understanding in tropical mountain environments, with 3 m remote sensing images which are shown to be a good alternative to soil moisture analysis on pastures using the NDVI and UAV images for bare soil and potatoes.";11.08.2020;27.05.2025 07:09;27.05.2025 07:09;27.05.2025 07:09;5540;NA;16;10;NA;Applied Sciences;;;NA;NA;NA;NA;NA;en;https://creativecommons.org/licenses/by/4.0/;NA;NA;NA;DOI.org (Crossref);NA;;NA;C:\Users\j_stee03\Zotero\storage\FNVE2WAY\Casamitjana et al. - 2020 - Soil Moisture Analysis by Means of Multispectral I.pdf;NA;NA;NA;;NA;NA;NA;NA;NA;NA;NA;NA;NA;NA;NA;NA;NA;NA;NA;NA;NA;NA;NA;NA;NA;NA;NA;NA;NA;NA;NA;NA;NA;NA;NA;NA;NA;NA;NA;NA;NA;NA;NA;NA;NA;NA;NA;NA;NA
DW58QJ54;journalArticle;2020;"Scher, C. Lane; Karimi, Nisa; Glasenhardt, Mary‐Claire; Tuffin, Ashley; Cannon, Charles H.; Scharenbroch, Bryant C.; Hipp, Andrew L.";Application of remote sensing technology to estimate productivity and assess phylogenetic heritability;Applications in Plant Sciences;NA;2168-0450, 2168-0450;10.1002/aps3.11401;https://bsapubs.onlinelibrary.wiley.com/doi/10.1002/aps3.11401;PREMISE               Measuring plant productivity is critical to understanding complex community interactions. Many traditional methods for estimating productivity, such as direct measurements of biomass and cover, are resource intensive, and remote sensing techniques are emerging as viable alternatives.                                         METHODS               We explore drone‐based remote sensing tools to estimate productivity in a tallgrass prairie restoration experiment and evaluate their ability to predict direct measures of productivity. We apply these various productivity measures to trace the evolution of plant productivity and the traits underlying it.                                         RESULTS               The correlation between remote sensing data and direct measurements of productivity varies depending on vegetation diversity, but the volume of vegetation estimated from drone‐based photogrammetry is among the best predictors of biomass and cover regardless of community composition. The commonly used normalized difference vegetation index (NDVI) is a less accurate predictor of biomass and cover than other equally accessible vegetation indices. We found that the traits most strongly correlated with productivity have lower phylogenetic signal, reflecting the fact that high productivity is convergent across the phylogeny of prairie species. This history of trait convergence connects phylogenetic diversity to plant community assembly and succession.                                         DISCUSSION               Our study demonstrates (1) the importance of considering phylogenetic diversity when setting management goals in a threatened North American grassland ecosystem and (2) the utility of remote sensing as a complement to ground measurements of grassland productivity for both applied and fundamental questions.;2020-11;27.05.2025 07:09;27.05.2025 07:09;27.05.2025 07:09;e11401;NA;11;8;NA;Appl Plant Sci;;;NA;NA;NA;NA;NA;en;;NA;NA;NA;DOI.org (Crossref);NA;;NA;C:\Users\j_stee03\Zotero\storage\LK6YSJIM\Scher et al. - 2020 - Application of remote sensing technology to estima.pdf;NA;NA;NA;;NA;NA;NA;NA;NA;NA;NA;NA;NA;NA;NA;NA;NA;NA;NA;NA;NA;NA;NA;NA;NA;NA;NA;NA;NA;NA;NA;NA;NA;NA;NA;NA;NA;NA;NA;NA;NA;NA;NA;NA;NA;NA;NA;NA;NA
9Z5AMXP5;journalArticle;2019;"Räsänen, Aleksi; Juutinen, Sari; Tuittila, Eeva‐Stiina; Aurela, Mika; Virtanen, Tarmo";Comparing ultra‐high spatial resolution remote‐sensing methods in mapping peatland vegetation;Journal of Vegetation Science;NA;1100-9233, 1654-1103;10.1111/jvs.12769;https://onlinelibrary.wiley.com/doi/10.1111/jvs.12769;Abstract                            Questions               How to map floristic variation in a patterned fen in an ecologically meaningfully way? Can plant communities be delineated with species data generalized into plant functional types? What are the benefits and drawbacks of the two selected remote‐sensing approaches in mapping vegetation patterns, namely: (a) regression models of floristically defined fuzzy plant community clusters and (b) classification of predefined habitat types that combine vegetation and land cover information?                                         Location                                Treeless 0.4 km                 2                 mesotrophic string–flark fen in Kaamanen, northern Finland.                                                        Methods               We delineated plant community clusters with fuzzy c‐means clustering based on two different inventories of plant species and functional type distribution. We used multiple optical remote‐sensing data sets, digital elevation models and vegetation height models derived from drone, aerial and satellite platforms from ultra‐high to very high spatial resolution (0.05–3 m) in an object‐based approach. We mapped spatial patterns for fuzzy and crisp plant community clusters using boosted regression trees, and fuzzy and crisp habitat types using supervised random forest classification.                                         Results                                Clusters delineated with species‐specific data or plant functional type data produced comparable results. However, species‐specific data for graminoids and mosses improved the accuracy of clustering in the case of flarks and string margins. Mapping accuracy was higher for habitat types (overall accuracy 0.72) than for fuzzy plant community clusters (                 R                 2                 values between 0.27 and 0.67).                                                        Conclusions               For ecologically meaningful mapping of a patterned fen vegetation, plant functional types provide enough information. However, if the aim is to capture floristic variation in vegetation as realistically as possible, species‐specific data should be used. Maps of plant community clusters and habitat types complement each other. While fuzzy plant communities appear to be floristically most accurate, crisp habitat types are easiest to interpret and apply to different landscape and biogeochemical cycle analyses and modeling.;2019-09;27.05.2025 07:09;27.05.2025 07:09;27.05.2025 07:09;1016-1026;NA;5;30;NA;J Vegetation Science;;;NA;NA;NA;NA;NA;en;;NA;NA;NA;DOI.org (Crossref);NA;;NA;C:\Users\j_stee03\Zotero\storage\GYBGHXLM\Räsänen et al. - 2019 - Comparing ultra‐high spatial resolution remote‐sen.pdf;NA;NA;NA;Rocchini, Duccio;NA;NA;NA;NA;NA;NA;NA;NA;NA;NA;NA;NA;NA;NA;NA;NA;NA;NA;NA;NA;NA;NA;NA;NA;NA;NA;NA;NA;NA;NA;NA;NA;NA;NA;NA;NA;NA;NA;NA;NA;NA;NA;NA;NA;NA
RGNFHHH3;journalArticle;2019;"Wijesingha, Jayan; Moeckel, Thomas; Hensgen, Frank; Wachendorf, Michael";Evaluation of 3D point cloud-based models for the prediction of grassland biomass;International Journal of Applied Earth Observation and Geoinformation;NA;15698432;10.1016/j.jag.2018.10.006;https://linkinghub.elsevier.com/retrieve/pii/S0303243418305087;;2019-06;27.05.2025 07:09;27.05.2025 07:09;27.05.2025 07:09;352-359;NA;;78;NA;International Journal of Applied Earth Observation and Geoinformation;;;NA;NA;NA;NA;NA;en;;NA;NA;NA;DOI.org (Crossref);NA;;NA;C:\Users\j_stee03\Zotero\storage\XDLAHQC3\Wijesingha et al. - 2019 - Evaluation of 3D point cloud-based models for the .pdf;NA;NA;NA;;NA;NA;NA;NA;NA;NA;NA;NA;NA;NA;NA;NA;NA;NA;NA;NA;NA;NA;NA;NA;NA;NA;NA;NA;NA;NA;NA;NA;NA;NA;NA;NA;NA;NA;NA;NA;NA;NA;NA;NA;NA;NA;NA;NA;NA
J5XJ8KDT;journalArticle;2018;"Van Iersel, Wimala; Straatsma, Menno; Middelkoop, Hans; Addink, Elisabeth";Multitemporal Classification of River Floodplain Vegetation Using Time Series of UAV Images;Remote Sensing;NA;2072-4292;10.3390/rs10071144;https://www.mdpi.com/2072-4292/10/7/1144;The functions of river floodplains often conflict spatially, for example, water conveyance during peak discharge and diverse riparian ecology. Such functions are often associated with floodplain vegetation. Frequent monitoring of floodplain land cover is necessary to capture the dynamics of this vegetation. However, low classification accuracies are found with existing methods, especially for relatively similar vegetation types, such as grassland and herbaceous vegetation. Unmanned aerial vehicle (UAV) imagery has great potential to improve the classification of these vegetation types owing to its high spatial resolution and flexibility in image acquisition timing. This study aimed to evaluate the increase in classification accuracy obtained using multitemporal UAV images versus single time step data on floodplain land cover classification and to assess the effect of varying the number and timing of imagery acquisition moments. We obtained a dataset of multitemporal UAV imagery and field reference observations and applied object-based Random Forest classification (RF) to data of different time step combinations. High overall accuracies (OA) exceeding 90% were found for the RF of floodplain land cover, with six vegetation classes and four non-vegetation classes. Using two or more time steps compared with a single time step increased the OA from 96.9% to 99.3%. The user’s accuracies of the classes with large similarity, such as natural grassland and herbaceous vegetation, also exceeded 90%. The combination of imagery from June and September resulted in the highest OA (98%) for two time steps. Our method is a practical and highly accurate solution for monitoring areas of a few square kilometres. For large-scale monitoring of floodplains, the same method can be used, but with data from airborne platforms covering larger extents.;19.07.2018;27.05.2025 07:09;27.05.2025 07:09;27.05.2025 07:09;1144;NA;7;10;NA;Remote Sensing;;;NA;NA;NA;NA;NA;en;https://creativecommons.org/licenses/by/4.0/;NA;NA;NA;DOI.org (Crossref);NA;;NA;C:\Users\j_stee03\Zotero\storage\BYG5URDX\Van Iersel et al. - 2018 - Multitemporal Classification of River Floodplain V.pdf;NA;NA;NA;;NA;NA;NA;NA;NA;NA;NA;NA;NA;NA;NA;NA;NA;NA;NA;NA;NA;NA;NA;NA;NA;NA;NA;NA;NA;NA;NA;NA;NA;NA;NA;NA;NA;NA;NA;NA;NA;NA;NA;NA;NA;NA;NA;NA;NA
AI3SYCV4;journalArticle;2019;"Dong, Yu; Yan, Huimin; Wang, Na; Huang, Mei; Hu, Yunfeng";Automatic Identification of Shrub-Encroached Grassland in the Mongolian Plateau Based on UAS Remote Sensing;Remote Sensing;NA;2072-4292;10.3390/rs11131623;https://www.mdpi.com/2072-4292/11/13/1623;Recently, the increasing shrub-encroached grassland in the Mongolian Plateau partly indicates grassland quality decline and degradation. Accurate shrub identification and regional difference analysis in shrub-encroached grassland are significant for ecological degradation research. Object-oriented filter (OOF) and digital surface model (DSM)-digital terrain model (DTM) analyses were combined to establish a high-accuracy automatic shrub identification algorithm (CODA), which made full use of remote sensing products by unmanned aircraft systems (UASs). The results show that: (1) The overall accuracy of CODA in the Grain for Green test area is 89.96%, which is higher than that of OOF (84.52%) and DSM-DTM (78.44%), mainly due to the effective elimination of interference factors (such as shrub-like highland, well-grown grassland in terrain-depression area, etc.) by CODA. (2) The accuracy (87.5%) of CODA in the typical steppe test area is lower than that (92.5%) in the desert steppe test area, which may be related to the higher community structure complexity of typical steppe. Besides, the shrub density is smaller, and the regional difference is more massive in the typical steppe test area. (3) The ground sampling distance for best CODA accuracy in the Grain for Green test area is about 15 cm, while it is below 3 cm in the typical and desert steppe test area.;09.07.2019;27.05.2025 07:09;27.05.2025 07:09;27.05.2025 07:09;1623;NA;13;11;NA;Remote Sensing;;;NA;NA;NA;NA;NA;en;https://creativecommons.org/licenses/by/4.0/;NA;NA;NA;DOI.org (Crossref);NA;;NA;C:\Users\j_stee03\Zotero\storage\CTQAAME2\Dong et al. - 2019 - Automatic Identification of Shrub-Encroached Grass.pdf;NA;NA;NA;;NA;NA;NA;NA;NA;NA;NA;NA;NA;NA;NA;NA;NA;NA;NA;NA;NA;NA;NA;NA;NA;NA;NA;NA;NA;NA;NA;NA;NA;NA;NA;NA;NA;NA;NA;NA;NA;NA;NA;NA;NA;NA;NA;NA;NA
X7CSRUCT;journalArticle;2020;"Räsänen, Aleksi; Juutinen, Sari; Kalacska, Margaret; Aurela, Mika; Heikkinen, Pauli; Mäenpää, Kari; Rimali, Aleksi; Virtanen, Tarmo";Peatland leaf-area index and biomass estimation with ultra-high resolution remote sensing;GIScience & Remote Sensing;NA;1548-1603, 1943-7226;10.1080/15481603.2020.1829377;https://www.tandfonline.com/doi/full/10.1080/15481603.2020.1829377;;02.10.2020;27.05.2025 07:09;27.05.2025 07:09;27.05.2025 07:09;943-964;NA;7;57;NA;GIScience & Remote Sensing;;;NA;NA;NA;NA;NA;en;;NA;NA;NA;DOI.org (Crossref);NA;;NA;C:\Users\j_stee03\Zotero\storage\Q8R9RUJG\Räsänen et al. - 2020 - Peatland leaf-area index and biomass estimation wi.pdf;NA;NA;NA;;NA;NA;NA;NA;NA;NA;NA;NA;NA;NA;NA;NA;NA;NA;NA;NA;NA;NA;NA;NA;NA;NA;NA;NA;NA;NA;NA;NA;NA;NA;NA;NA;NA;NA;NA;NA;NA;NA;NA;NA;NA;NA;NA;NA;NA
8BBICZVH;journalArticle;2016;"Habel, Jan Christian; Teucher, Mike; Ulrich, Werner; Bauer, Markus; Rödder, Dennis";Drones for butterfly conservation: larval habitat assessment with an unmanned aerial vehicle;Landscape Ecology;NA;0921-2973, 1572-9761;10.1007/s10980-016-0409-3;http://link.springer.com/10.1007/s10980-016-0409-3;;2016-12;27.05.2025 07:09;27.05.2025 07:09;27.05.2025 07:09;2385-2395;NA;10;31;NA;Landscape Ecol;Drones for butterfly conservation;;NA;NA;NA;NA;NA;en;;NA;NA;NA;DOI.org (Crossref);NA;;NA;C:\Users\j_stee03\Zotero\storage\59GV3LJ2\Habel et al. - 2016 - Drones for butterfly conservation larval habitat .pdf;NA;NA;NA;;NA;NA;NA;NA;NA;NA;NA;NA;NA;NA;NA;NA;NA;NA;NA;NA;NA;NA;NA;NA;NA;NA;NA;NA;NA;NA;NA;NA;NA;NA;NA;NA;NA;NA;NA;NA;NA;NA;NA;NA;NA;NA;NA;NA;NA
ZCUI7WHA;journalArticle;2018;"Sun, Yi; Yi, Shuhua; Hou, Fujiang";Unmanned aerial vehicle methods makes species composition monitoring easier in grasslands;Ecological Indicators;NA;1470160X;10.1016/j.ecolind.2018.08.042;https://linkinghub.elsevier.com/retrieve/pii/S1470160X18306435;;2018-12;27.05.2025 07:09;27.05.2025 07:09;27.05.2025 07:09;825-830;NA;;95;NA;Ecological Indicators;;;NA;NA;NA;NA;NA;en;;NA;NA;NA;DOI.org (Crossref);NA;;NA;C:\Users\j_stee03\Zotero\storage\L6TWBI6E\Sun et al. - 2018 - Unmanned aerial vehicle methods makes species comp.pdf;NA;NA;NA;;NA;NA;NA;NA;NA;NA;NA;NA;NA;NA;NA;NA;NA;NA;NA;NA;NA;NA;NA;NA;NA;NA;NA;NA;NA;NA;NA;NA;NA;NA;NA;NA;NA;NA;NA;NA;NA;NA;NA;NA;NA;NA;NA;NA;NA
NGZLRPZW;journalArticle;2018;"Viljanen, Niko; Honkavaara, Eija; Näsi, Roope; Hakala, Teemu; Niemeläinen, Oiva; Kaivosoja, Jere";A Novel Machine Learning Method for Estimating Biomass of Grass Swards Using a Photogrammetric Canopy Height Model, Images and Vegetation Indices Captured by a Drone;Agriculture;NA;2077-0472;10.3390/agriculture8050070;https://www.mdpi.com/2077-0472/8/5/70;Silage is the main feed in milk and ruminant meat production in Northern Europe. Novel drone-based remote sensing technology could be utilized in many phases of silage production, but advanced methods of utilizing these data are still developing. Grass swards are harvested three times in season, and fertilizer is applied similarly three times—once for each harvest when aiming at maximum yields. Timely information of the yield is thus necessary several times in a season for making decisions on harvesting time and rate of fertilizer application. Our objective was to develop and assess a novel machine learning technique for the estimation of canopy height and biomass of grass swards utilizing multispectral photogrammetric camera data. Variation in the studied crop stand was generated using six different nitrogen fertilizer levels and four harvesting dates. The sward was a timothy-meadow fescue mixture dominated by timothy. We extracted various features from the remote sensing data by combining an ultra-high resolution photogrammetric canopy height model (CHM) with a pixel size of 1.0 cm and red, green, blue (RGB) and near-infrared range intensity values and different vegetation indices (VI) extracted from orthophoto mosaics. We compared the performance of multiple linear regression (MLR) and a Random Forest estimator (RF) with different combinations of the CHM, RGB and VI features. The best estimation results with both methods were obtained by combining CHM and VI features and all three feature classes (CHM, RGB and VI features). Both estimators provided equally accurate results. The Pearson correlation coefficients (PCC) and Root Mean Square Errors (RMSEs) of the estimations were at best 0.98 and 0.34 t/ha (12.70%), respectively, for the dry matter yield (DMY) and 0.98 and 1.22 t/ha (11.05%), respectively, for the fresh yield (FY) estimations. Our assessment of the sensitivity of the method with respect to different development stages and different amounts of biomass showed that the use of the machine learning technique that integrated multiple features improved the results in comparison to the simple linear regressions. These results were extremely promising, showing that the proposed multispectral photogrammetric approach can provide accurate biomass estimates of grass swards, and could be developed as a low-cost tool for practical farming applications.;17.05.2018;27.05.2025 07:09;27.05.2025 07:09;27.05.2025 07:09;70;NA;5;8;NA;Agriculture;;;NA;NA;NA;NA;NA;en;https://creativecommons.org/licenses/by/4.0/;NA;NA;NA;DOI.org (Crossref);NA;;NA;C:\Users\j_stee03\Zotero\storage\N9UGC2UF\Viljanen et al. - 2018 - A Novel Machine Learning Method for Estimating Bio.pdf;NA;NA;NA;;NA;NA;NA;NA;NA;NA;NA;NA;NA;NA;NA;NA;NA;NA;NA;NA;NA;NA;NA;NA;NA;NA;NA;NA;NA;NA;NA;NA;NA;NA;NA;NA;NA;NA;NA;NA;NA;NA;NA;NA;NA;NA;NA;NA;NA
SVWJQ8JS;journalArticle;2020;"Wijesingha, Jayan; Astor, Thomas; Schulze-Brüninghoff, Damian; Wengert, Matthias; Wachendorf, Michael";Predicting Forage Quality of Grasslands Using UAV-Borne Imaging Spectroscopy;Remote Sensing;NA;2072-4292;10.3390/rs12010126;https://www.mdpi.com/2072-4292/12/1/126;The timely knowledge of forage quality of grasslands is vital for matching the demands in animal feeding. Remote sensing (RS) is a promising tool for estimating field-scale forage quality compared with traditional methods, which usually do not provide equally detailed information. However, the applicability of RS prediction models depends on the variability of the underlying calibration data, which can be brought about by the inclusion of a multitude of grassland types and management practices in the model development. Major aims of this study were (i) to build forage quality estimation models for multiple grassland types based on an unmanned aerial vehicle (UAV)-borne imaging spectroscopy and (ii) to generate forage quality distribution maps using the best models obtained. The study examined data from eight grasslands in northern Hesse, Germany, which largely differed in terms of vegetation type and cutting regime. The UAV with a hyperspectral camera on board was utilised to acquire spectral images from the grasslands, and crude protein (CP) and acid detergent fibre (ADF) concentration of the forage was assessed at each cut. Five predictive modelling regression algorithms were applied to develop quality estimation models. Further, grassland forage quality distribution maps were created using the best models developed. The normalised spectral reflectance data showed the strongest relationship with both CP and ADF concentration. From all predictive algorithms, support vector regression provided the highest precision and accuracy for CP estimation (median normalised root mean square error prediction (nRMSEp) = 10.6%), while cubist regression model proved best for ADF estimation (median nRMSEp = 13.4%). The maps generated for both CP and ADF showed a distinct spatial variation in forage quality values for the different grasslands and cutting regimes. Overall, the results disclose that UAV-borne imaging spectroscopy, in combination with predictive modelling, provides a promising tool for accurate forage quality estimation of multiple grasslands.;01.01.2020;27.05.2025 07:09;27.05.2025 07:09;27.05.2025 07:09;126;NA;1;12;NA;Remote Sensing;;;NA;NA;NA;NA;NA;en;https://creativecommons.org/licenses/by/4.0/;NA;NA;NA;DOI.org (Crossref);NA;;NA;C:\Users\j_stee03\Zotero\storage\RLGC77QV\Wijesingha et al. - 2020 - Predicting Forage Quality of Grasslands Using UAV-.pdf;NA;NA;NA;;NA;NA;NA;NA;NA;NA;NA;NA;NA;NA;NA;NA;NA;NA;NA;NA;NA;NA;NA;NA;NA;NA;NA;NA;NA;NA;NA;NA;NA;NA;NA;NA;NA;NA;NA;NA;NA;NA;NA;NA;NA;NA;NA;NA;NA
X6EQMHCX;journalArticle;2020;"Villoslada, M.; Bergamo, T.F.; Ward, R.D.; Burnside, N.G.; Joyce, C.B.; Bunce, R.G.H.; Sepp, K.";Fine scale plant community assessment in coastal meadows using UAV based multispectral data;Ecological Indicators;NA;1470160X;10.1016/j.ecolind.2019.105979;https://linkinghub.elsevier.com/retrieve/pii/S1470160X19309744;;2020-04;27.05.2025 07:09;27.05.2025 07:09;27.05.2025 07:09;105979;NA;;111;NA;Ecological Indicators;;;NA;NA;NA;NA;NA;en;;NA;NA;NA;DOI.org (Crossref);NA;;NA;C:\Users\j_stee03\Zotero\storage\WRSXQMPD\Villoslada et al. - 2020 - Fine scale plant community assessment in coastal m.pdf;NA;NA;NA;;NA;NA;NA;NA;NA;NA;NA;NA;NA;NA;NA;NA;NA;NA;NA;NA;NA;NA;NA;NA;NA;NA;NA;NA;NA;NA;NA;NA;NA;NA;NA;NA;NA;NA;NA;NA;NA;NA;NA;NA;NA;NA;NA;NA;NA
SKFMSXPM;journalArticle;2025;"Faelga, Regine Anne; Assiri, Marco; Silvestri, Sonia";UAV Photogrammetry-Based Leaf Area Index for Above-Ground Biomass Estimation in Wetlands;IEEE Journal of Selected Topics in Applied Earth Observations and Remote Sensing;NA;1939-1404, 2151-1535;10.1109/JSTARS.2025.3558893;https://ieeexplore.ieee.org/document/10957832/;;2025;27.05.2025 07:09;27.05.2025 07:09;27.05.2025 07:09;Jan 22;NA;;NA;NA;IEEE J. Sel. Top. Appl. Earth Observations Remote Sensing;;;NA;NA;NA;NA;NA;;https://creativecommons.org/licenses/by/4.0/legalcode;NA;NA;NA;DOI.org (Crossref);NA;;NA;C:\Users\j_stee03\Zotero\storage\FIQA7FLE\Faelga et al. - 2025 - UAV Photogrammetry-Based Leaf Area Index for Above.pdf;NA;NA;NA;;NA;NA;NA;NA;NA;NA;NA;NA;NA;NA;NA;NA;NA;NA;NA;NA;NA;NA;NA;NA;NA;NA;NA;NA;NA;NA;NA;NA;NA;NA;NA;NA;NA;NA;NA;NA;NA;NA;NA;NA;NA;NA;NA;NA;NA
IVV66EYA;journalArticle;2019;"Gao, Rui; Kong, Qingming; Wang, Hongguang; Su, Zhongbin";Diagnostic Feed Values of Natural Grasslands Based on Multispectral Images Acquired by Small Unmanned Aerial Vehicle;Rangeland Ecology & Management;NA;15507424;10.1016/j.rama.2019.06.005;https://linkinghub.elsevier.com/retrieve/pii/S1550742418302823;;2019-11;27.05.2025 07:09;27.05.2025 07:09;27.05.2025 07:09;916-922;NA;6;72;NA;Rangeland Ecology & Management;;;NA;NA;NA;NA;NA;en;;NA;NA;NA;DOI.org (Crossref);NA;;NA;C:\Users\j_stee03\Zotero\storage\ZUG2F4EV\Gao et al. - 2019 - Diagnostic Feed Values of Natural Grasslands Based.pdf;NA;NA;NA;;NA;NA;NA;NA;NA;NA;NA;NA;NA;NA;NA;NA;NA;NA;NA;NA;NA;NA;NA;NA;NA;NA;NA;NA;NA;NA;NA;NA;NA;NA;NA;NA;NA;NA;NA;NA;NA;NA;NA;NA;NA;NA;NA;NA;NA
MHL8EYCX;journalArticle;2018;"Bareth, Georg; Schellberg, Jürgen";Replacing Manual Rising Plate Meter Measurements with Low-cost UAV-Derived Sward Height Data in Grasslands for Spatial Monitoring;PFG – Journal of Photogrammetry, Remote Sensing and Geoinformation Science;NA;2512-2789, 2512-2819;10.1007/s41064-018-0055-2;http://link.springer.com/10.1007/s41064-018-0055-2;;2018-10;27.05.2025 07:10;27.05.2025 07:10;27.05.2025 07:09;157-168;NA;03. Apr;86;NA;PFG;;;NA;NA;NA;NA;NA;en;;NA;NA;NA;DOI.org (Crossref);NA;;NA;C:\Users\j_stee03\Zotero\storage\EDF9CQH9\Bareth und Schellberg - 2018 - Replacing Manual Rising Plate Meter Measurements w.pdf;NA;NA;NA;;NA;NA;NA;NA;NA;NA;NA;NA;NA;NA;NA;NA;NA;NA;NA;NA;NA;NA;NA;NA;NA;NA;NA;NA;NA;NA;NA;NA;NA;NA;NA;NA;NA;NA;NA;NA;NA;NA;NA;NA;NA;NA;NA;NA;NA
GELSPBZ3;journalArticle;2025;"Page, Michael T.; Perotto-Baldivieso, Humberto L.; Ortega-S, J. Alfonso; Tanner, Evan P.; Angerer, Jay P.; Combs, Rider C.; Johnston, Bradley K.; Ramirez, Melaine; Camacho, Annalysa M.; DiMaggio, Alexandria M.; Daniels, Dwain; Kimmet, Tony";Developing Large-Scale Pasture Approaches to Quantify Forage Mass in Rangelands Using Drones;Rangeland Ecology & Management;NA;15507424;10.1016/j.rama.2025.03.005;https://linkinghub.elsevier.com/retrieve/pii/S155074242500034X;;2025-05;27.05.2025 07:10;27.05.2025 07:10;27.05.2025 07:09;111-120;NA;;100;NA;Rangeland Ecology & Management;;;NA;NA;NA;NA;NA;en;;NA;NA;NA;DOI.org (Crossref);NA;;NA;C:\Users\j_stee03\Zotero\storage\B7XX9JNL\Page et al. - 2025 - Developing Large-Scale Pasture Approaches to Quant.pdf;NA;NA;NA;;NA;NA;NA;NA;NA;NA;NA;NA;NA;NA;NA;NA;NA;NA;NA;NA;NA;NA;NA;NA;NA;NA;NA;NA;NA;NA;NA;NA;NA;NA;NA;NA;NA;NA;NA;NA;NA;NA;NA;NA;NA;NA;NA;NA;NA
CS96CCX5;journalArticle;2015;"Capolupo, Alessandra; Kooistra, Lammert; Berendonk, Clara; Boccia, Lorenzo; Suomalainen, Juha";Estimating Plant Traits of Grasslands from UAV-Acquired Hyperspectral Images: A Comparison of Statistical Approaches;ISPRS International Journal of Geo-Information;NA;2220-9964;10.3390/ijgi4042792;https://www.mdpi.com/2220-9964/4/4/2792;Grassland ecosystems cover around 40% of the entire Earth’s surface. Therefore, it is necessary to guarantee good grassland management at field scale in order to improve its conservation and to achieve optimal growth. This study identified the most appropriate statistical strategy, between partial least squares regression (PLSR) and narrow vegetation indices, for estimating the structural and biochemical grassland traits from UAV-acquired hyperspectral images. Moreover, the influence of fertilizers on plant traits for grasslands was analyzed. Hyperspectral data were collected from an experimental field at the farm Haus Riswick, near Kleve in Germany, for two different flight campaigns in May and October. The collected image blocks were geometrically and radiometrically corrected for surface reflectance. Spectral signatures extracted for the plots were adopted to derive grassland traits by computing PLSR and the following narrow vegetation indices: the MERIS Terrestrial Chlorophyll Index (MTCI), the ratio of the Modified Chlorophyll Absorption in Reflectance and Optimized Soil-Adjusted Vegetation Index (MCARI/OSAVI) modified by Wu, the Red-edge Chlorophyll Index (CIred-edge), and the Normalized Difference Red Edge (NDRE). PLSR showed promising results for estimating grassland structural traits and gave less satisfying outcomes for the selected chemical traits (crude ash, crude fiber, crude protein, Na, K, metabolic energy). Established relations are not influenced by the type and the amount of fertilization, while they are affected by the grassland health status. PLSR is found to be the best strategy, among the approaches analyzed in this paper, for exploring structural and biochemical features of grasslands. Using UAV-based hyperspectral sensing allows for the highly detailed assessment of grassland experimental plots.;10.12.2015;27.05.2025 07:10;27.05.2025 07:10;27.05.2025 07:09;2792-2820;NA;4;4;NA;IJGI;Estimating Plant Traits of Grasslands from UAV-Acquired Hyperspectral Images;;NA;NA;NA;NA;NA;en;https://creativecommons.org/licenses/by/4.0/;NA;NA;NA;DOI.org (Crossref);NA;;NA;C:\Users\j_stee03\Zotero\storage\6C9YYPBP\Capolupo et al. - 2015 - Estimating Plant Traits of Grasslands from UAV-Acq.pdf;NA;NA;NA;;NA;NA;NA;NA;NA;NA;NA;NA;NA;NA;NA;NA;NA;NA;NA;NA;NA;NA;NA;NA;NA;NA;NA;NA;NA;NA;NA;NA;NA;NA;NA;NA;NA;NA;NA;NA;NA;NA;NA;NA;NA;NA;NA;NA;NA
GFRR5YKL;journalArticle;2020;"Bhatnagar, Saheba; Gill, Laurence; Ghosh, Bidisha";Drone Image Segmentation Using Machine and Deep Learning for Mapping Raised Bog Vegetation Communities;Remote Sensing;NA;2072-4292;10.3390/rs12162602;https://www.mdpi.com/2072-4292/12/16/2602;The application of drones has recently revolutionised the mapping of wetlands due to their high spatial resolution and the flexibility in capturing images. In this study, the drone imagery was used to map key vegetation communities in an Irish wetland, Clara Bog, for the spring season. The mapping, carried out through image segmentation or semantic segmentation, was performed using machine learning (ML) and deep learning (DL) algorithms. With the aim of identifying the most appropriate, cost-efficient, and accurate segmentation method, multiple ML classifiers and DL models were compared. Random forest (RF) was identified as the best pixel-based ML classifier, which provided good accuracy (≈85%) when used in conjunction graph cut algorithm for image segmentation. Amongst the DL networks, a convolutional neural network (CNN) architecture in a transfer learning framework was utilised. A combination of ResNet50 and SegNet architecture gave the best semantic segmentation results (≈90%). The high accuracy of DL networks was accompanied with significantly larger labelled training dataset, computation time and hardware requirements compared to ML classifiers with slightly lower accuracy. For specific applications such as wetland mapping where networks are required to be trained for each different site, topography, season, and other atmospheric conditions, ML classifiers proved to be a more pragmatic choice.;12.08.2020;27.05.2025 07:10;27.05.2025 07:10;27.05.2025 07:09;2602;NA;16;12;NA;Remote Sensing;;;NA;NA;NA;NA;NA;en;https://creativecommons.org/licenses/by/4.0/;NA;NA;NA;DOI.org (Crossref);NA;;NA;C:\Users\j_stee03\Zotero\storage\THTTQUXE\Bhatnagar et al. - 2020 - Drone Image Segmentation Using Machine and Deep Le.pdf;NA;NA;NA;;NA;NA;NA;NA;NA;NA;NA;NA;NA;NA;NA;NA;NA;NA;NA;NA;NA;NA;NA;NA;NA;NA;NA;NA;NA;NA;NA;NA;NA;NA;NA;NA;NA;NA;NA;NA;NA;NA;NA;NA;NA;NA;NA;NA;NA
2WLDAKQC;journalArticle;2018;"Lu, Bing; He, Yuhong";Optimal spatial resolution of Unmanned Aerial Vehicle (UAV)-acquired imagery for species classification in a heterogeneous grassland ecosystem;GIScience & Remote Sensing;NA;1548-1603, 1943-7226;10.1080/15481603.2017.1408930;https://www.tandfonline.com/doi/full/10.1080/15481603.2017.1408930;;04.03.2018;27.05.2025 07:10;27.05.2025 07:10;27.05.2025 07:09;205-220;NA;2;55;NA;GIScience & Remote Sensing;;;NA;NA;NA;NA;NA;en;;NA;NA;NA;DOI.org (Crossref);NA;;NA;C:\Users\j_stee03\Zotero\storage\PDJ2V9RR\Lu und He - 2018 - Optimal spatial resolution of Unmanned Aerial Vehi.pdf;NA;NA;NA;;NA;NA;NA;NA;NA;NA;NA;NA;NA;NA;NA;NA;NA;NA;NA;NA;NA;NA;NA;NA;NA;NA;NA;NA;NA;NA;NA;NA;NA;NA;NA;NA;NA;NA;NA;NA;NA;NA;NA;NA;NA;NA;NA;NA;NA
P7RS2APV;journalArticle;2019;"Acorsi, Matheus Gabriel; das Dores Abati Miranda, Fabiani; Martello, Maurício; Smaniotto, Danrley Antonio; Sartor, Laercio Ricardo";Estimating Biomass of Black Oat Using UAV-Based RGB Imaging;Agronomy;NA;2073-4395;10.3390/agronomy9070344;https://www.mdpi.com/2073-4395/9/7/344;The spatial and temporal variability of crop parameters are fundamental in precision agriculture. Remote sensing of crop canopy can provide important indications on the growth variability and help understand the complex factors influencing crop yield. Plant biomass is considered an important parameter for crop management and yield estimation, especially for grassland and cover crops. A recent approach introduced to model crop biomass consists in the use of RGB (red, green, blue) stereo images acquired from unmanned aerial vehicles (UAV) coupled with photogrammetric softwares to predict biomass through plant height (PHT) information. In this study, we generated prediction models for fresh (FBM) and dry biomass (DBM) of black oat crop based on multi-temporal UAV RGB imaging. Flight missions were carried during the growing season to obtain crop surface models (CSMs), with an additional flight before sowing to generate a digital terrain model (DTM). During each mission, 30 plots with a size of 0.25 m² were distributed across the field to carry ground measurements of PHT and biomass. Furthermore, estimation models were established based on PHT derived from CSMs and field measurements, which were later used to build prediction maps of FBM and DBM. The study demonstrates that UAV RGB imaging can precisely estimate canopy height (R2 = 0.68–0.92, RMSE = 0.019–0.037 m) during the growing period. FBM and DBM models using PHT derived from UAV imaging yielded R2 values between 0.69 and 0.94 when analyzing each mission individually, with best results during the flowering stage (R2 = 0.92–0.94). Robust models using datasets from different growth stages were built and tested using cross-validation, resulting in R2 values of 0.52 for FBM and 0.84 for DBM. Prediction maps of FBM and DBM yield were obtained using calibrated models applied to CSMs, resulting in a feasible way to illustrate the spatial and temporal variability of biomass. Altogether the results of the study demonstrate that UAV RGB imaging can be a useful tool to predict and explore the spatial and temporal variability of black oat biomass, with potential use in precision farming.;29.06.2019;27.05.2025 07:10;27.05.2025 07:10;27.05.2025 07:09;344;NA;7;9;NA;Agronomy;;;NA;NA;NA;NA;NA;en;https://creativecommons.org/licenses/by/4.0/;NA;NA;NA;DOI.org (Crossref);NA;;NA;C:\Users\j_stee03\Zotero\storage\38BIB8YC\Acorsi et al. - 2019 - Estimating Biomass of Black Oat Using UAV-Based RG.pdf;NA;NA;NA;;NA;NA;NA;NA;NA;NA;NA;NA;NA;NA;NA;NA;NA;NA;NA;NA;NA;NA;NA;NA;NA;NA;NA;NA;NA;NA;NA;NA;NA;NA;NA;NA;NA;NA;NA;NA;NA;NA;NA;NA;NA;NA;NA;NA;NA
KRNK8YGY;journalArticle;2012;"Breckenridge, Robert P.; Dakins, Maxine; Bunting, Stephen; Harbour, Jerry L.; Lee, Randy D.";Using Unmanned Helicopters to Assess Vegetation Cover in Sagebrush Steppe Ecosystems;Rangeland Ecology & Management;NA;15507424;10.2111/REM-D-10-00031.1;https://linkinghub.elsevier.com/retrieve/pii/S1550742412500539;;2012-07;27.05.2025 07:10;27.05.2025 07:10;27.05.2025 07:09;362-370;NA;4;65;NA;Rangeland Ecology & Management;;;NA;NA;NA;NA;NA;en;https://www.elsevier.com/tdm/userlicense/1.0/;NA;NA;NA;DOI.org (Crossref);NA;;NA;C:\Users\j_stee03\Zotero\storage\SL8GIAQW\Breckenridge et al. - 2012 - Using Unmanned Helicopters to Assess Vegetation Co.pdf;NA;NA;NA;;NA;NA;NA;NA;NA;NA;NA;NA;NA;NA;NA;NA;NA;NA;NA;NA;NA;NA;NA;NA;NA;NA;NA;NA;NA;NA;NA;NA;NA;NA;NA;NA;NA;NA;NA;NA;NA;NA;NA;NA;NA;NA;NA;NA;NA
F7BUWDJJ;journalArticle;2020;"Grüner, Esther; Wachendorf, Michael; Astor, Thomas";The potential of UAV-borne spectral and textural information for predicting aboveground biomass and N fixation in legume-grass mixtures;PLOS ONE;NA;1932-6203;10.1371/journal.pone.0234703;https://dx.plos.org/10.1371/journal.pone.0234703;;25.06.2020;27.05.2025 07:10;27.05.2025 07:10;27.05.2025 07:09;e0234703;NA;6;15;NA;PLoS ONE;;;NA;NA;NA;NA;NA;en;;NA;NA;NA;DOI.org (Crossref);NA;;NA;C:\Users\j_stee03\Zotero\storage\839MBK4J\Grüner et al. - 2020 - The potential of UAV-borne spectral and textural i.pdf;NA;NA;NA;Müllerová, Jana;NA;NA;NA;NA;NA;NA;NA;NA;NA;NA;NA;NA;NA;NA;NA;NA;NA;NA;NA;NA;NA;NA;NA;NA;NA;NA;NA;NA;NA;NA;NA;NA;NA;NA;NA;NA;NA;NA;NA;NA;NA;NA;NA;NA;NA
2RTMRRSF;journalArticle;2021;"Zhang, Xiang; Bao, Yuhai; Wang, Dongliang; Xin, Xiaoping; Ding, Lei; Xu, Dawei; Hou, Lulu; Shen, Jie";Using UAV LiDAR to Extract Vegetation Parameters of Inner Mongolian Grassland;Remote Sensing;NA;2072-4292;10.3390/rs13040656;https://www.mdpi.com/2072-4292/13/4/656;The accurate estimation of grassland vegetation parameters at a high spatial resolution is important for the sustainable management of grassland areas. Unmanned aerial vehicle (UAV) light detection and ranging (LiDAR) sensors with a single laser beam emission capability can rapidly detect grassland vegetation parameters, such as canopy height, fractional vegetation coverage (FVC) and aboveground biomass (AGB). However, there have been few reports on the ability to detect grassland vegetation parameters based on RIEGL VUX-1 UAV LiDAR (Riegl VUX-1) systems. In this paper, we investigated the ability of Riegl VUX-1 to model the AGB at a 0.1 m pixel resolution in the Hulun Buir grazing platform under different grazing intensities. The LiDAR-derived minimum, mean, and maximum canopy heights and FVC were used to estimate the AGB across the entire grazing platform. The flight height of the LiDAR-derived vegetation parameters was also analyzed. The following results were determined: (1) The Riegl VUX-1-derived AGB was predicted to range from 29 g/m2 to 563 g/m2 under different grazing conditions. (2) The LiDAR-derived maximum canopy height and FVC were the best predictors of grassland AGB (R2 = 0.54, root-mean-square error (RMSE) = 64.76 g/m2). (3) For different UAV flight altitudes from 40 m to 110 m, different flight heights showed no major effect on the derived canopy height. The LiDAR-derived canopy height decreased from 9.19 cm to 8.17 cm, and the standard deviation of the LiDAR-derived canopy height decreased from 3.31 cm to 2.35 cm with increasing UAV flight altitudes. These conclusions could be useful for estimating grasslands in smaller areas and serving as references for other remote sensing datasets for estimating grasslands in larger areas.;11.02.2021;27.05.2025 07:10;27.05.2025 07:10;27.05.2025 07:09;656;NA;4;13;NA;Remote Sensing;;;NA;NA;NA;NA;NA;en;https://creativecommons.org/licenses/by/4.0/;NA;NA;NA;DOI.org (Crossref);NA;;NA;C:\Users\j_stee03\Zotero\storage\9T88FYPE\Zhang et al. - 2021 - Using UAV LiDAR to Extract Vegetation Parameters o.pdf;NA;NA;NA;;NA;NA;NA;NA;NA;NA;NA;NA;NA;NA;NA;NA;NA;NA;NA;NA;NA;NA;NA;NA;NA;NA;NA;NA;NA;NA;NA;NA;NA;NA;NA;NA;NA;NA;NA;NA;NA;NA;NA;NA;NA;NA;NA;NA;NA
4D8YPFZM;journalArticle;2020;"Hart, Leonie; Huguenin-Elie, Olivier; Latsch, Roy; Simmler, Michael; Dubois, Sébastien; Umstatter, Christina";Comparison of Spectral Reflectance-Based Smart Farming Tools and a Conventional Approach to Determine Herbage Mass and Grass Quality on Farm;Remote Sensing;NA;2072-4292;10.3390/rs12193256;https://www.mdpi.com/2072-4292/12/19/3256;The analysis of multispectral imagery (MSI) acquired by unmanned aerial vehicles (UAVs) and mobile near-infrared reflectance spectroscopy (NIRS) used on-site has become increasingly promising for timely assessments of grassland to support farm management. However, a major challenge of these methods is their calibration, given the large spatiotemporal variability of grassland. This study evaluated the performance of two smart farming tools in determining fresh herbage mass and grass quality (dry matter, crude protein, and structural carbohydrates): an analysis model for MSI (GrassQ) and a portable on-site NIRS (HarvestLabTM 3000). We compared them to conventional look-up tables used by farmers. Surveys were undertaken on 18 multi-species grasslands located on six farms in Switzerland throughout the vegetation period in 2018. The sampled plots represented two phenological growth stages, corresponding to an age of two weeks and four to six weeks, respectively. We found that neither the performance of the smart farming tools nor the performance of the conventional approach were satisfactory for use on multi-species grasslands. The MSI-model performed poorly, with relative errors of 99.7% and 33.2% of the laboratory analyses for herbage mass and crude protein, respectively. The errors of the MSI-model were indicated to be mainly caused by grassland and environmental characteristics that differ from the relatively narrow Irish calibration dataset. The On-site NIRS showed comparable performance to the conventional Look-up Tables in determining crude protein and structural carbohydrates (error ≤ 22.2%). However, we identified that the On-site NIRS determined undried herbage quality with a systematic and correctable error. After corrections, its performance was better than the conventional approach, indicating a great potential of the On-site NIRS for decision support on grazing and harvest scheduling.;07.10.2020;27.05.2025 07:10;27.05.2025 07:10;27.05.2025 07:09;3256;NA;19;12;NA;Remote Sensing;;;NA;NA;NA;NA;NA;en;https://creativecommons.org/licenses/by/4.0/;NA;NA;NA;DOI.org (Crossref);NA;;NA;C:\Users\j_stee03\Zotero\storage\JFU5U44K\Hart et al. - 2020 - Comparison of Spectral Reflectance-Based Smart Far.pdf;NA;NA;NA;;NA;NA;NA;NA;NA;NA;NA;NA;NA;NA;NA;NA;NA;NA;NA;NA;NA;NA;NA;NA;NA;NA;NA;NA;NA;NA;NA;NA;NA;NA;NA;NA;NA;NA;NA;NA;NA;NA;NA;NA;NA;NA;NA;NA;NA
TS4R7YAA;journalArticle;2025;"Laplacette, Celina M.; Berone, Germán D.; Utsumi, Santiago A.; Insua, Juan R.";Calibration of an Unmanned Aerial Vehicle for Prediction of Herbage Mass in Temperate Pasture;Agriculture;NA;2077-0472;10.3390/agriculture15050492;https://www.mdpi.com/2077-0472/15/5/492;Accurate estimation of herbage mass is crucial for managing pastoral livestock systems. The Normalized Difference Vegetation Index (NDVI) from Unmanned Aerial Vehicle (UAV) sensors shows promise for high-resolution estimations of pasture herbage mass, but it is still unknown how this method differs among forage species, seasons, and pasture management practices. A commercial sensor was calibrated to predict herbage mass using NDVI. Additionally, the effect of different forage species, days of regrowth, and nitrogen (N) status on the relationship between NDVI and herbage mass was evaluated. Two pastures of tall wheatgrass (Thinopyrum ponticum) and tall fescue (Festuca arundinacea), divided into 30 and 72 plots, respectively, were assessed during spring and autumn regrowth over two years in Balcarce, Argentina. Doses of 0, 50, and 100 kg N ha−1 were applied to tall wheatgrass, and 0, 50, 100, 200, 400, and 600 kg N ha−1 were applied to tall fescue to create variability in herbage mass and N status. Exponential regression models of herbage mass (y) fitted against NDVI (x) showed an average R2 of 0.83 ± 0.04 and a mean absolute error of 170 ± 60 kg DM ha−1. The relationship between NDVI and herbage mass differed (p ≤ 0.05) between species, seasons, and regrowth stage, but was not influenced by N status (p > 0.05). Results suggest that accurate predictions of herbage mass using NDVI measurements by an UAV require frequent model recalibrations to account for observed differences among forage species, days of regrowth, and years.;25.02.2025;27.05.2025 07:10;27.05.2025 07:10;27.05.2025 07:09;492;NA;5;15;NA;Agriculture;;;NA;NA;NA;NA;NA;en;https://creativecommons.org/licenses/by/4.0/;NA;NA;NA;DOI.org (Crossref);NA;;NA;C:\Users\j_stee03\Zotero\storage\QCJF7TWR\Laplacette et al. - 2025 - Calibration of an Unmanned Aerial Vehicle for Pred.pdf;NA;NA;NA;;NA;NA;NA;NA;NA;NA;NA;NA;NA;NA;NA;NA;NA;NA;NA;NA;NA;NA;NA;NA;NA;NA;NA;NA;NA;NA;NA;NA;NA;NA;NA;NA;NA;NA;NA;NA;NA;NA;NA;NA;NA;NA;NA;NA;NA
5ZL2IAD5;journalArticle;2018;"Palace, Michael; Herrick, Christina; DelGreco, Jessica; Finnell, Daniel; Garnello, Anthony John; McCalley, Carmody; McArthur, Kellen; Sullivan, Franklin; Varner, Ruth K.";Determining Subarctic Peatland Vegetation Using an Unmanned Aerial System (UAS);Remote Sensing;NA;2072-4292;10.3390/rs10091498;https://www.mdpi.com/2072-4292/10/9/1498;Rising global temperatures tied to increases in greenhouse gas emissions are impacting high latitude regions, leading to changes in vegetation composition and feedbacks to climate through increased methane (CH4) emissions. In subarctic peatlands, permafrost collapse has led to shifts in vegetation species on landscape scales with high spatial heterogeneity. Our goal was to provide a baseline for vegetation distribution related to permafrost collapse and changes in biogeochemical processes. We collected unmanned aerial system (UAS) imagery at Stordalen Mire, Abisko, Sweden to classify vegetation cover types. A series of digital image processing routines were used to generate texture attributes within the image for the purpose of characterizing vegetative cover types. An artificial neural network (ANN) was developed to classify the image. The ANN used all texture variables and color bands (three spectral bands and six metrics) to generate a probability map for each of the eight cover classes. We used the highest probability for a class at each pixel to designate the cover type in the final map. Our overall misclassification rate was 32%, while omission and commission error by class ranged from 0% to 50%. We found that within our area of interest, cover classes most indicative of underlying permafrost (hummock and tall shrub) comprised 43.9% percent of the landscape. Our effort showed the capability of an ANN applied to UAS high-resolution imagery to develop a classification that focuses on vegetation types associated with permafrost status and therefore potentially changes in greenhouse gas exchange. We also used a method to examine the multiple probabilities representing cover class prediction at the pixel level to examine model confusion. UAS image collection can be inexpensive and a repeatable avenue to determine vegetation change at high latitudes, which can further be used to estimate and scale corresponding changes in CH4 emissions.;19.09.2018;27.05.2025 07:10;27.05.2025 07:10;27.05.2025 07:09;1498;NA;9;10;NA;Remote Sensing;;;NA;NA;NA;NA;NA;en;https://creativecommons.org/licenses/by/4.0/;NA;NA;NA;DOI.org (Crossref);NA;;NA;C:\Users\j_stee03\Zotero\storage\8VGS3VNC\Palace et al. - 2018 - Determining Subarctic Peatland Vegetation Using an.pdf;NA;NA;NA;;NA;NA;NA;NA;NA;NA;NA;NA;NA;NA;NA;NA;NA;NA;NA;NA;NA;NA;NA;NA;NA;NA;NA;NA;NA;NA;NA;NA;NA;NA;NA;NA;NA;NA;NA;NA;NA;NA;NA;NA;NA;NA;NA;NA;NA
9L3YKMBR;journalArticle;2013;"Knoth, Christian; Klein, Birte; Prinz, Torsten; Kleinebecker, Till";Unmanned aerial vehicles as innovative remote sensing platforms for high‐resolution infrared imagery to support restoration monitoring in cut‐over bogs;Applied Vegetation Science;NA;1402-2001, 1654-109X;10.1111/avsc.12024;https://onlinelibrary.wiley.com/doi/10.1111/avsc.12024;Abstract                            Question                                Can                 UAV                 ‐based                 NIR                 remote sensing support restoration monitoring of cut‐over bogs by providing valid information on species distribution and surface structure?                                                        Location                                Restored polders of the                 U                 chter                 M                 oor, a bog complex in                 NW G                 ermany.                                                        Methods                                We used autonomously flying quadrocopters, supplied with either a panchromatic or colour infrared calibrated small frame digital camera to generate high resolution images of the restored bog surface. We performed a two‐step classification process of automatic image segmentation and object‐based classification to distinguish between four pre‐defined classes (waterlogged bare peat,                                    S                   phagnum                                  spp.,                                    E                   riophorum vaginatum                                  and                                    B                   etula pubescens                                  . An independent validation procedure was performed to evaluate the accuracy of the classification.                                                        Results                                A set‐up composed of decision rules for reflectance, geometry and textural features was applied for identification of the four classes. The presented classification revealed an overall accuracy level of 91%. Most reliable attribution was obtained for waterlogged bare peat and                                    S                   phagnum                                  ‐covered surfaces, revealing producer accuracies of 95% and 91%, respectively. Lower but still feasible accuracy levels were obtained for                                    E                   riophorum vaginatum                                  and                                    B                   etula pubescens                                  individuals (89% and 84%, respectively).                                                        Conclusions                                UAV                 ‐based                 NIR                 remote sensing is a promising tool for monitoring the restoration of cut‐over bogs and has the potential to significantly reduce laborious field surveys.                 UAV                 s may increasingly play a significant role in future ecological monitoring studies, since they are small in size, highly flexible, easy to handle, non‐emissive and available at a comparatively low cost.;2013-07;27.05.2025 07:10;27.05.2025 07:10;27.05.2025 07:09;509-517;NA;3;16;NA;Applied Vegetation Science;;;NA;NA;NA;NA;NA;en;http://onlinelibrary.wiley.com/termsAndConditions#vor;NA;NA;NA;DOI.org (Crossref);NA;;NA;C:\Users\j_stee03\Zotero\storage\ZAR3W8VY\Knoth et al. - 2013 - Unmanned aerial vehicles as innovative remote sens.pdf;NA;NA;NA;Goslee, Sarah;NA;NA;NA;NA;NA;NA;NA;NA;NA;NA;NA;NA;NA;NA;NA;NA;NA;NA;NA;NA;NA;NA;NA;NA;NA;NA;NA;NA;NA;NA;NA;NA;NA;NA;NA;NA;NA;NA;NA;NA;NA;NA;NA;NA;NA
2BU8VZF2;journalArticle;2016;"Lehmann, Jan; Münchberger, Wiebke; Knoth, Christian; Blodau, Christian; Nieberding, Felix; Prinz, Torsten; Pancotto, Verónica; Kleinebecker, Till";High-Resolution Classification of South Patagonian Peat Bog Microforms Reveals Potential Gaps in Up-Scaled CH4 Fluxes by use of Unmanned Aerial System (UAS) and CIR Imagery;Remote Sensing;NA;2072-4292;10.3390/rs8030173;https://www.mdpi.com/2072-4292/8/3/173;South Patagonian peat bogs are little studied sources of methane (CH4). Since CH4 fluxes can vary greatly on a small scale of meters, high-quality maps are needed to accurately quantify CH4 fluxes from bogs. We used high-resolution color infrared (CIR) images captured by an Unmanned Aerial System (UAS) to investigate potential uncertainties in total ecosystem CH4 fluxes introduced by the classification of the surface area. An object-based approach was used to classify vegetation both on species and microform level. We achieved an overall Kappa Index of Agreement (KIA) of 0.90 for the species- and 0.83 for the microform-level classification, respectively. CH4 fluxes were determined by closed chamber measurements on four predominant microforms of the studied bog. Both classification approaches were employed to up-scale CH4 closed chamber measurements in a total area of around 1.8 hectares. Including proportions of the surface area where no chamber measurements were conducted, we estimated a potential uncertainty in ecosystem CH4 fluxes introduced by the classification of the surface area. This potential uncertainty ranged from 14.2 mg·m−2·day−1 to 26.8 mg·m−2·day−1. Our results show that a simple classification with only few classes potentially leads to pronounced bias in total ecosystem CH4 fluxes when plot-scale fluxes are up-scaled.;25.02.2016;27.05.2025 07:10;27.05.2025 07:10;27.05.2025 07:09;173;NA;3;8;NA;Remote Sensing;;;NA;NA;NA;NA;NA;en;https://creativecommons.org/licenses/by/4.0/;NA;NA;NA;DOI.org (Crossref);NA;;NA;C:\Users\j_stee03\Zotero\storage\MR6DUN6F\Lehmann et al. - 2016 - High-Resolution Classification of South Patagonian.pdf;NA;NA;NA;;NA;NA;NA;NA;NA;NA;NA;NA;NA;NA;NA;NA;NA;NA;NA;NA;NA;NA;NA;NA;NA;NA;NA;NA;NA;NA;NA;NA;NA;NA;NA;NA;NA;NA;NA;NA;NA;NA;NA;NA;NA;NA;NA;NA;NA
FASABPZ8;journalArticle;2019;"Polley, H. Wayne; Yang, Chenghai; Wilsey, Brian J.; Fay, Philip A.";Spectral Heterogeneity Predicts Local-Scale Gamma and Beta Diversity of Mesic Grasslands;Remote Sensing;NA;2072-4292;10.3390/rs11040458;https://www.mdpi.com/2072-4292/11/4/458;Plant species diversity is an important metric of ecosystem functioning, but field assessments of diversity are constrained in number and spatial extent by labor and other expenses. We tested the utility of using spatial heterogeneity in the remotely-sensed reflectance spectrum of grassland canopies to model both spatial turnover in species composition and abundances (β diversity) and species diversity at aggregate spatial scales (γ diversity). Shannon indices of γ and β diversity were calculated from field measurements of the number and relative abundances of plant species at each of two spatial grains (0.45 m2 and 35.2 m2) in mesic grasslands in central Texas, USA. Spectral signatures of reflected radiation at each grain were measured from ground-level or an unmanned aerial vehicle (UAV). Partial least squares regression (PLSR) models explained 59–85% of variance in γ diversity and 68–79% of variance in β diversity using spatial heterogeneity in canopy optical properties. Variation in both γ and β diversity were associated most strongly with heterogeneity in reflectance in blue (350–370 nm), red (660–770 nm), and near infrared (810–1050 nm) wavebands. Modeled diversity was more sensitive by a factor of three to a given level of spectral heterogeneity when derived from data collected at the small than larger spatial grain. As estimated from calibrated PLSR models, β diversity was greater, but γ diversity was smaller for restored grassland on a lowland clay than upland silty clay soil. Both γ and β diversity of grassland can be modeled by using spatial heterogeneity in vegetation optical properties provided that the grain of reflectance measurements is conserved.;23.02.2019;27.05.2025 07:10;27.05.2025 07:10;27.05.2025 07:09;458;NA;4;11;NA;Remote Sensing;;;NA;NA;NA;NA;NA;en;https://creativecommons.org/licenses/by/4.0/;NA;NA;NA;DOI.org (Crossref);NA;;NA;C:\Users\j_stee03\Zotero\storage\28V72UTE\Polley et al. - 2019 - Spectral Heterogeneity Predicts Local-Scale Gamma .pdf;NA;NA;NA;;NA;NA;NA;NA;NA;NA;NA;NA;NA;NA;NA;NA;NA;NA;NA;NA;NA;NA;NA;NA;NA;NA;NA;NA;NA;NA;NA;NA;NA;NA;NA;NA;NA;NA;NA;NA;NA;NA;NA;NA;NA;NA;NA;NA;NA
RMAL7I8B;journalArticle;2018;"Lu, Bing; He, Yuhong; Liu, Hugh H. T.";Mapping vegetation biophysical and biochemical properties using unmanned aerial vehicles-acquired imagery;International Journal of Remote Sensing;NA;0143-1161, 1366-5901;10.1080/01431161.2017.1363441;https://www.tandfonline.com/doi/full/10.1080/01431161.2017.1363441;;18.08.2018;27.05.2025 07:10;27.05.2025 07:10;27.05.2025 07:09;5265-5287;NA;15-16;39;NA;International Journal of Remote Sensing;;;NA;NA;NA;NA;NA;en;;NA;NA;NA;DOI.org (Crossref);NA;;NA;C:\Users\j_stee03\Zotero\storage\NQAE8QJR\Lu et al. - 2018 - Mapping vegetation biophysical and biochemical pro.pdf;NA;NA;NA;;NA;NA;NA;NA;NA;NA;NA;NA;NA;NA;NA;NA;NA;NA;NA;NA;NA;NA;NA;NA;NA;NA;NA;NA;NA;NA;NA;NA;NA;NA;NA;NA;NA;NA;NA;NA;NA;NA;NA;NA;NA;NA;NA;NA;NA
2UCZ4EAS;journalArticle;2018;"Díaz-Varela, R.A.; Calvo Iglesias, S.; Cillero Castro, C.; Díaz Varela, E.R.";Sub-metric analisis of vegetation structure in bog-heathland mosaics using very high resolution rpas imagery;Ecological Indicators;NA;1470160X;10.1016/j.ecolind.2017.11.068;https://linkinghub.elsevier.com/retrieve/pii/S1470160X1730780X;;2018-06;27.05.2025 07:10;27.05.2025 07:10;27.05.2025 07:09;861-873;NA;;89;NA;Ecological Indicators;;;NA;NA;NA;NA;NA;en;;NA;NA;NA;DOI.org (Crossref);NA;;NA;C:\Users\j_stee03\Zotero\storage\FZNC2CBY\Díaz-Varela et al. - 2018 - Sub-metric analisis of vegetation structure in bog.pdf;NA;NA;NA;;NA;NA;NA;NA;NA;NA;NA;NA;NA;NA;NA;NA;NA;NA;NA;NA;NA;NA;NA;NA;NA;NA;NA;NA;NA;NA;NA;NA;NA;NA;NA;NA;NA;NA;NA;NA;NA;NA;NA;NA;NA;NA;NA;NA;NA
RI9IDPJ8;journalArticle;2019;"Grüner, Esther; Astor, Thomas; Wachendorf, Michael";Biomass Prediction of Heterogeneous Temperate Grasslands Using an SfM Approach Based on UAV Imaging;Agronomy;NA;2073-4395;10.3390/agronomy9020054;https://www.mdpi.com/2073-4395/9/2/54;An early and precise yield estimation in intensive managed grassland is mandatory for economic management decisions. RGB (red, green, blue) cameras attached on an unmanned aerial vehicle (UAV) represent a promising non-destructive technology for the assessment of crop traits especially in large and remote areas. Photogrammetric structure from motion (SfM) processing of the UAV-based images into point clouds can be used to generate 3D spatial information about the canopy height (CH). The aim of this study was the development of prediction models for dry matter yield (DMY) in temperate grassland based on CH data generated by UAV RGB imaging over a whole growing season including four cuts. The multi-temporal study compared the remote sensing technique with two conventional methods, i.e., destructive biomass sampling and ruler height measurements in two legume-grass mixtures with red clover (Trifolium pratense L.) and lucerne (Medicago sativa L.) in combination with Italian ryegrass (Lolium multiflorum Lam.). To cover the full range of legume contribution occurring in a practical grassland, pure stands of legumes and grasses contained in each mixture were also investigated. The results showed, that yield prediction by SfM-based UAV RGB imaging provided similar accuracies across all treatments (R2 = 0.59–0.81) as the ruler height measurements (R2 = 0.58–0.78). Furthermore, results of yield prediction by UAV RGB imaging demonstrated an improved robustness when an increased CH variability occurred due to extreme weather conditions. It became apparent that morphological characteristics of clover-based canopies (R2 = 0.75) allow a better remotely sensed prediction of total annual yield than for lucerne-grass mixtures (R2 = 0.64), and that these crop-specific models cannot be easily transferred to other grassland types.;26.01.2019;27.05.2025 07:10;27.05.2025 07:10;27.05.2025 07:09;54;NA;2;9;NA;Agronomy;;;NA;NA;NA;NA;NA;en;https://creativecommons.org/licenses/by/4.0/;NA;NA;NA;DOI.org (Crossref);NA;;NA;C:\Users\j_stee03\Zotero\storage\BTSN3TH5\Grüner et al. - 2019 - Biomass Prediction of Heterogeneous Temperate Gras.pdf;NA;NA;NA;;NA;NA;NA;NA;NA;NA;NA;NA;NA;NA;NA;NA;NA;NA;NA;NA;NA;NA;NA;NA;NA;NA;NA;NA;NA;NA;NA;NA;NA;NA;NA;NA;NA;NA;NA;NA;NA;NA;NA;NA;NA;NA;NA;NA;NA
R2KHUTTR;journalArticle;2019;"Scholefield, Paul; Morton, Dan; McShane, Gareth; Carrasco, Luis; Whitfield, Mike G; Rowland, Clare; Rose, Rob; Wood, Claire; Tebbs, Emma; Dodd, Beverly; Monteith, Don";Estimating habitat extent and carbon loss from an eroded northern blanket bog using UAV derived imagery and topography;Progress in Physical Geography: Earth and Environment;NA;0309-1333, 1477-0296;10.1177/0309133319841300;https://journals.sagepub.com/doi/10.1177/0309133319841300;Peatlands are important reserves of terrestrial carbon and biodiversity, and given that many peatlands across the UK and Europe exist in a degraded state, their conservation is a major area of concern and a focus of considerable research. Aerial surveys are valuable tools for habitat mapping and conservation and provide useful insights into their condition. We investigate how SfM photogrammetry-derived topography and habitat classes may be used to construct an estimate of carbon loss from erosion features in a remote blanket bog habitat. An autonomous, unmanned, aerial, fixed-wing remote sensing platform (Quest UAV 300™) collected imagery over Moor House, in the Upper Teesdale National Nature Reserve, a site with a high degree of peatland erosion. The images were used to generate point clouds into orthomosaics and digital surface models using SfM photogrammetry techniques, georeferenced and subsequently used to classify vegetation and peatland features. A classification of peatbog feature types was developed using a random forest classification model trained on field survey data and applied to UAV-captured products including the orthomosaic, digital surface model and derived surfaces such as topographic index, slope and aspect maps. Using the area classified as eroded peat and the derived digital surface model, we estimated a loss of 438 tonnes of carbon from a single gully. The UAV system was relatively straightforward to deploy in such a remote and unimproved area. SfM photogrammetry, imagery and random forest modelling obtained classification accuracies of between 42% and 100%, and was able to discern between bare peat, saturated bog and sphagnum habitats. This paper shows what can be achieved with low-cost UAVs equipped with consumer grade camera equipment and relatively straightforward ground control, and demonstrates their potential for the carbon and peatland conservation research community.;2019-04;27.05.2025 07:10;27.05.2025 07:10;27.05.2025 07:09;282-298;NA;2;43;NA;Progress in Physical Geography: Earth and Environment;;;NA;NA;NA;NA;NA;en;;NA;NA;NA;DOI.org (Crossref);NA;;NA;C:\Users\j_stee03\Zotero\storage\GYYCLACA\Scholefield et al. - 2019 - Estimating habitat extent and carbon loss from an .pdf;NA;NA;NA;;NA;NA;NA;NA;NA;NA;NA;NA;NA;NA;NA;NA;NA;NA;NA;NA;NA;NA;NA;NA;NA;NA;NA;NA;NA;NA;NA;NA;NA;NA;NA;NA;NA;NA;NA;NA;NA;NA;NA;NA;NA;NA;NA;NA;NA
TCXZHSS7;journalArticle;2016;"Gonçalves, João; Henriques, Renato; Alves, Paulo; Sousa‐Silva, Rita; Monteiro, António T.; Lomba, Ângela; Marcos, Bruno; Honrado, João";Evaluating an unmanned aerial vehicle‐based approach for assessing habitat extent and condition in fine‐scale early successional mountain mosaics;Applied Vegetation Science;NA;1402-2001, 1654-109X;10.1111/avsc.12204;https://onlinelibrary.wiley.com/doi/10.1111/avsc.12204;Abstract                            Question                                Can very high‐resolution colour orthophotography and digital surface models (                 DSM                 s) from an unmanned aerial vehicle (                 UAV                 ) be effectively used for assessment of habitat extent and condition in fine‐scale disturbance‐dependent mosaics?                                                        Location                                Serra de Arga                 mountain range, a Natura 2000 protected site in the                 NW                 region of Portugal where drastic changes in pastoral activities have occurred over recent decades.                                                        Methods                                An                 UAV                 platform was used to collect very high‐resolution (6 cm) images and to produce a                 DSM                 (10 cm). From these data, several features were extracted related to colour, band ratios, as well as texture features calculated from colour imagery and surface elevation. Based on a systematic sampling design, field data were collected for both training and validation of a supervised classifier. Extracted features and ground truth training data were combined to calibrate a pixel‐based Random forest classifier, with the purpose of devising a habitat map for the entire study area. Map validation was performed to assess classification accuracy, and feature importance metrics were calculated.                                                        Results                                Validation results revealed good mean overall accuracy (0.89), with some performance decrease in situations of high interspersion of habitat types. The priority habitat type 6230* (                 Nardus                 grasslands), defining the vegetation matrix of the test site, obtained 0.96 and 0.91, considering, respectively, producer and user accuracy. In turn, priority habitat type 4020* (Atlantic wet heathlands) recorded 0.68 and 0.77. The obtained habitat map allowed measurement of the extent, description of the spatial arrangement and provided an indication of the conservation condition of target habitat types. Test results regarding the discrimination ability of different features highlighted the importance of surface elevation textures derived from the                 DSM                 , followed by band ratios textures and other more complex texture features calculated from colour imagery.                                                        Conclusions                                Overall, the developed methodology showed promising results for assessing the extent and condition of habitats of high conservation priority in fine‐scale, dynamic vegetation mosaics. Future advances in the use of                 UAV                 platforms may play an important role in monitoring protected sites and fulfil legal reporting obligations of                 EU                 member states, while reducing the costs associated with intensive in‐field assessments.;2016-01;27.05.2025 07:10;27.05.2025 07:10;27.05.2025 07:09;132-146;NA;1;19;NA;Applied Vegetation Science;;;NA;NA;NA;NA;NA;en;http://onlinelibrary.wiley.com/termsAndConditions#vor;NA;NA;NA;DOI.org (Crossref);NA;;NA;C:\Users\j_stee03\Zotero\storage\ZQXCW56F\Gonçalves et al. - 2016 - Evaluating an unmanned aerial vehicle‐based approa.pdf;NA;NA;NA;Rocchini, Duccio;NA;NA;NA;NA;NA;NA;NA;NA;NA;NA;NA;NA;NA;NA;NA;NA;NA;NA;NA;NA;NA;NA;NA;NA;NA;NA;NA;NA;NA;NA;NA;NA;NA;NA;NA;NA;NA;NA;NA;NA;NA;NA;NA;NA;NA
2L6YUKM9;journalArticle;2019;"Vogel, Sebastian; Gebbers, Robin; Oertel, Marcel; Kramer, Eckart";Evaluating Soil-Borne Causes of Biomass Variability in Grassland by Remote and Proximal Sensing;Sensors;NA;1424-8220;10.3390/s19204593;https://www.mdpi.com/1424-8220/19/20/4593;On a grassland field with sandy soils in Northeast Germany (Brandenburg), vegetation indices from multi-spectral UAV-based remote sensing were used to predict grassland biomass productivity. These data were combined with soil pH value and apparent electrical conductivity (ECa) from on-the-go proximal sensing serving as indicators for soil-borne causes of grassland biomass variation. The field internal magnitude of spatial variability and hidden correlations between the variables of investigation were analyzed by means of geostatistics and boundary-line analysis to elucidate the influence of soil pH and ECa on the spatial distribution of biomass. Biomass and pH showed high spatial variability, which necessitates high resolution data acquisition of soil and plant properties. Moreover, boundary-line analysis showed grassland biomass maxima at pH values between 5.3 and 7.2 and ECa values between 3.5 and 17.5 mS m−1. After calibrating ECa to soil moisture, the ECa optimum was translated to a range of optimum soil moisture from 7% to 13%. This matches well with to the plant-available water content of the predominantly sandy soil as derived from its water retention curve. These results can be used in site-specific management decisions to improve grassland biomass productivity in low-yield regions of the field due to soil acidity or texture-related water scarcity.;22.10.2019;27.05.2025 07:10;27.05.2025 07:10;27.05.2025 07:09;4593;NA;20;19;NA;Sensors;;;NA;NA;NA;NA;NA;en;https://creativecommons.org/licenses/by/4.0/;NA;NA;NA;DOI.org (Crossref);NA;;NA;C:\Users\j_stee03\Zotero\storage\3RIFGPNW\Vogel et al. - 2019 - Evaluating Soil-Borne Causes of Biomass Variabilit.pdf;NA;NA;NA;;NA;NA;NA;NA;NA;NA;NA;NA;NA;NA;NA;NA;NA;NA;NA;NA;NA;NA;NA;NA;NA;NA;NA;NA;NA;NA;NA;NA;NA;NA;NA;NA;NA;NA;NA;NA;NA;NA;NA;NA;NA;NA;NA;NA;NA
VJXXT62K;journalArticle;2019;"Giannini, Vittoria; Bertacchi, Andrea; Bonari, Enrico; Silvestri, Nicola";Recolonisation by Spontaneous Vegetation of a Rewetted Peatland after Topsoil Removal: a Focus on Biomass Production and Nutrient Uptake;Wetlands;NA;0277-5212, 1943-6246;10.1007/s13157-019-01141-2;https://link.springer.com/10.1007/s13157-019-01141-2;;2019-10;27.05.2025 07:10;27.05.2025 07:10;27.05.2025 07:09;1079-1087;NA;5;39;NA;Wetlands;Recolonisation by Spontaneous Vegetation of a Rewetted Peatland after Topsoil Removal;;NA;NA;NA;NA;NA;en;;NA;NA;NA;DOI.org (Crossref);NA;;NA;C:\Users\j_stee03\Zotero\storage\MRNFU6LL\Giannini et al. - 2019 - Recolonisation by Spontaneous Vegetation of a Rewe.pdf;NA;NA;NA;;NA;NA;NA;NA;NA;NA;NA;NA;NA;NA;NA;NA;NA;NA;NA;NA;NA;NA;NA;NA;NA;NA;NA;NA;NA;NA;NA;NA;NA;NA;NA;NA;NA;NA;NA;NA;NA;NA;NA;NA;NA;NA;NA;NA;NA
F82UX8KZ;journalArticle;2020;"Zhang, Wei; Yi, Shuhua; Qin, Yu; Sun, Yi; Shangguan, Donghui; Meng, Baoping; Li, Meng; Zhang, Jianguo";Effects of Patchiness on Surface Soil Moisture of Alpine Meadow on the Northeastern Qinghai-Tibetan Plateau: Implications for Grassland Restoration;Remote Sensing;NA;2072-4292;10.3390/rs12244121;https://www.mdpi.com/2072-4292/12/24/4121;"Surface soil moisture (SSM) is a key limiting factor for vegetation growth in alpine meadow on the Qinghai-Tibetan Plateau (QTP). Patches with various sizes and types may cause the redistribution of SSM by changing soil hydrological processes, and then trigger or accelerate alpine grassland degradation. Therefore, it is vital to understand the effects of patchiness on SSM at multi-scales to provide a reference for alpine grassland restoration. However, there is a lack of direct observational evidence concerning the role of the size and type of patches on SSM, and little is known about the effects of patches pattern on SSM at plot scale. Here, we first measured SSM of typical patches with different sizes and types at patch scale and investigated their patterns and SSM spatial distribution through unmanned aerial vehicle (UAV)-mounted multi-type cameras at plot scale. We then analyzed the role of the size and type of patchiness on SSM at both patch and plot scales. Results showed that: (1) in situ measured SSM of typical patches was significantly different (P < 0.01), original vegetation patch (OV) had the highest SSM, followed by isolate vegetation patch (IV), small bare patch (SP), medium bare patch (MP) and large bare patch (LP); (2) the proposed method based on UAV images was able to estimate SSM (0–40 cm) with a satisfactory accuracy (R2 = 0.89, P < 0.001); (3) all landscape indices of OV, with the exception of patch density, were positively correlated with SSM at plot scale, while most of the landscape indices of LP and IV showed negative correlations (P < 0.05). Our results indicated that patchiness intensified the spatial heterogeneity of SSM and potentially accelerated the alpine meadow degradation. Preventing the development of OV into IV and the expansion of LP is a critical task for alpine meadow management and restoration.";16.12.2020;27.05.2025 07:10;27.05.2025 07:10;27.05.2025 07:09;4121;NA;24;12;NA;Remote Sensing;Effects of Patchiness on Surface Soil Moisture of Alpine Meadow on the Northeastern Qinghai-Tibetan Plateau;;NA;NA;NA;NA;NA;en;https://creativecommons.org/licenses/by/4.0/;NA;NA;NA;DOI.org (Crossref);NA;;NA;C:\Users\j_stee03\Zotero\storage\6ZR9K2YI\Zhang et al. - 2020 - Effects of Patchiness on Surface Soil Moisture of .pdf;NA;NA;NA;;NA;NA;NA;NA;NA;NA;NA;NA;NA;NA;NA;NA;NA;NA;NA;NA;NA;NA;NA;NA;NA;NA;NA;NA;NA;NA;NA;NA;NA;NA;NA;NA;NA;NA;NA;NA;NA;NA;NA;NA;NA;NA;NA;NA;NA
NVXVQN9F;journalArticle;2020;"Gillan, Jeffrey K.; Karl, Jason W.; van Leeuwen, Willem J. D.";Integrating drone imagery with existing rangeland monitoring programs;Environmental Monitoring and Assessment;NA;0167-6369, 1573-2959;10.1007/s10661-020-8216-3;http://link.springer.com/10.1007/s10661-020-8216-3;;2020-05;27.05.2025 07:10;27.05.2025 07:10;27.05.2025 07:09;269;NA;5;192;NA;Environ Monit Assess;;;NA;NA;NA;NA;NA;en;;NA;NA;NA;DOI.org (Crossref);NA;;NA;C:\Users\j_stee03\Zotero\storage\HB7GTXHF\Gillan et al. - 2020 - Integrating drone imagery with existing rangeland .pdf;NA;NA;NA;;NA;NA;NA;NA;NA;NA;NA;NA;NA;NA;NA;NA;NA;NA;NA;NA;NA;NA;NA;NA;NA;NA;NA;NA;NA;NA;NA;NA;NA;NA;NA;NA;NA;NA;NA;NA;NA;NA;NA;NA;NA;NA;NA;NA;NA
6SV7RFFU;journalArticle;2019;"Gillan, Jeffrey K.; McClaran, Mitchel P.; Swetnam, Tyson L.; Heilman, Philip";Estimating Forage Utilization with Drone-Based Photogrammetric Point Clouds;Rangeland Ecology & Management;NA;15507424;10.1016/j.rama.2019.02.009;https://linkinghub.elsevier.com/retrieve/pii/S1550742418302914;;2019-07;27.05.2025 07:10;27.05.2025 07:10;27.05.2025 07:09;575-585;NA;4;72;NA;Rangeland Ecology & Management;;;NA;NA;NA;NA;NA;fr;;NA;NA;NA;DOI.org (Crossref);NA;;NA;C:\Users\j_stee03\Zotero\storage\BHZDWWVP\Gillan et al. - 2019 - Estimating Forage Utilization with Drone-Based Pho.pdf;NA;NA;NA;;NA;NA;NA;NA;NA;NA;NA;NA;NA;NA;NA;NA;NA;NA;NA;NA;NA;NA;NA;NA;NA;NA;NA;NA;NA;NA;NA;NA;NA;NA;NA;NA;NA;NA;NA;NA;NA;NA;NA;NA;NA;NA;NA;NA;NA
SXQVDII5;journalArticle;2025;"Liu, Yuke; Liu, Yilei; Pan, Xin";Hyperspectral Classification of Grasslands for Sustainable Management Using Feature Fusion GRCNet;Sustainability;NA;2071-1050;10.3390/su17051804;https://www.mdpi.com/2071-1050/17/5/1804;Grasslands play a crucial role in ecosystems, influencing key ecological functions such as biodiversity, climate regulation, and soil and water conservation. With the impacts of environmental changes and human activities, the functional status and health of grasslands are facing challenges. Therefore, efficient identification of grassland status is of great significance for the sustainable management, ecological protection, and restoration of grassland resources. To support the sustainable development of grasslands, the GRCNet network model is proposed. Grassland sweep photography was performed via a UAV-mounted hyperspectral imager to establish a 13-category grassland hyperspectral dataset. Then, Gaussian filter and principal component analysis (PCA) were used for noise reduction and dimensionality reduction in the hyperspectral images, and the GRCNet network model, which mainly consists of the GCA module, the RDC module, and the VIT-Base module, was established for the classification task. The experiments use the average accuracy, overall accuracy, F1 score, Kappa coefficient, and running time as the performance indexes, and the eight methods are compared with GRCNet. The results showed that the GRCNet network performed the best with AA reaching 92.84%, OA reaching 94.59%, F1 score reaching 97.22, and Kappa coefficient reaching 0.93. The GRCNet method is 10–20% more accurate than other methods. Comparative tests were also conducted using two public datasets, and GRCNet performed the best with a 2–20% improvement in accuracy. The results demonstrate the effectiveness of the GRCNet network model in hyperspectral grass classification tasks, which can be used as an efficient solution to the current problem of low hyperspectral accuracy and poor stability.;20.02.2025;27.05.2025 07:10;27.05.2025 07:10;27.05.2025 07:09;1804;NA;5;17;NA;Sustainability;;;NA;NA;NA;NA;NA;en;https://creativecommons.org/licenses/by/4.0/;NA;NA;NA;DOI.org (Crossref);NA;;NA;C:\Users\j_stee03\Zotero\storage\SBALQDYM\Liu et al. - 2025 - Hyperspectral Classification of Grasslands for Sus.pdf;NA;NA;NA;;NA;NA;NA;NA;NA;NA;NA;NA;NA;NA;NA;NA;NA;NA;NA;NA;NA;NA;NA;NA;NA;NA;NA;NA;NA;NA;NA;NA;NA;NA;NA;NA;NA;NA;NA;NA;NA;NA;NA;NA;NA;NA;NA;NA;NA
CHZ5DKD6;journalArticle;2024;"Harrison, Georgia R.; Shrestha, Abhinav; Strand, Eva K.; Karl, Jason W.";A comparison and development of methods for estimating shrub volume using drone‐imagery‐derived point clouds;Ecosphere;NA;2150-8925, 2150-8925;10.1002/ecs2.4877;https://esajournals.onlinelibrary.wiley.com/doi/10.1002/ecs2.4877;Abstract                            Shrub volume is used to calculate numerous, essential ecological indicators in rangeland ecosystems such as biomass, fuel loading, wildlife habitat, site productivity, and ecosystem structure. Field techniques for biomass estimation, including destructive sampling, ocular estimates, and allometric techniques, use shrub height and canopy widths to estimate volume and translate it to biomass with species‐specific allometric equations. These techniques are time‐consuming and pose challenges, including removal of plant material and training of observers. We compared canopy volume estimates from field‐based measurements with drone‐collected canopy volume estimates for seven dominant shrub species within mountain big sagebrush (               Artemisia tridentata               subsp.               vaseyana               ) plant communities in southern Idaho, USA. Canopy height and two perpendicular width measurements were taken from 103 shrubs of varying sizes, and volume was estimated using a traditional allometric equation. Overlapping aerial images captured with a DJI Mavic 2 Professional drone were used to create a 3D representation of the study area using structure‐from‐motion photogrammetry. Each shrub was extracted from the point cloud, and volume was estimated using allometric and volumetric methods. The volumetric method, which involved converting point clouds to raster canopy height models with 2.5‐ and 5‐cm grid cells, outperformed the allometric method (               R               2                > 0.7) and was more reproducible and robust to user‐related variability. Drone‐estimated volume best‐matched field‐estimated volume (               R               2                > 0.9) for three larger species:               A. tridentata               subsp.               tridentata               ,               A. tridentata               subsp.               vaseyana               , and               Purshia tridentata               . The volume of smaller shrubs (canopy widths <1 m) was slightly overestimated from drone‐based models. We argue that drone‐based models provide a suitable alternative to field methods, while having the added benefit of being less time‐consuming, with fewer limitations, and more easily scaled to larger study areas than traditional field techniques. Finally, we demonstrate a proof of concept for automating canopy volume estimates using point‐cloud‐based automatic shrub detection algorithms. These findings demonstrate that drone‐collected images can be used to assess shrub canopy volume for at least five upland sagebrush steppe shrub species and support the integration of drone data collection into rangeland vegetation monitoring.;2024-05;27.05.2025 07:10;27.05.2025 07:10;27.05.2025 07:09;e4877;NA;5;15;NA;Ecosphere;;;NA;NA;NA;NA;NA;en;;NA;NA;NA;DOI.org (Crossref);NA;;NA;C:\Users\j_stee03\Zotero\storage\KR22SL67\Harrison et al. - 2024 - A comparison and development of methods for estima.pdf;NA;NA;NA;;NA;NA;NA;NA;NA;NA;NA;NA;NA;NA;NA;NA;NA;NA;NA;NA;NA;NA;NA;NA;NA;NA;NA;NA;NA;NA;NA;NA;NA;NA;NA;NA;NA;NA;NA;NA;NA;NA;NA;NA;NA;NA;NA;NA;NA
33T7HAXB;journalArticle;2019;"Dash, Jonathan P.; Watt, Michael S.; Paul, Thomas S. H.; Morgenroth, Justin; Pearse, Grant D.";Early Detection of Invasive Exotic Trees Using UAV and Manned Aircraft Multispectral and LiDAR Data;Remote Sensing;NA;2072-4292;10.3390/rs11151812;https://www.mdpi.com/2072-4292/11/15/1812;Exotic conifers can provide significant ecosystem services, but in some environments, they have become invasive and threaten indigenous ecosystems. In New Zealand, this phenomenon is of considerable concern as the area occupied by invasive exotic trees is large and increasing rapidly. Remote sensing methods offer a potential means of identifying and monitoring land infested by these trees, enabling managers to efficiently allocate resources for their control. In this study, we sought to develop methods for remote detection of exotic invasive trees, namely Pinus sylvestris and P. ponderosa. Critically, the study aimed to detect these species prior to the onset of maturity and coning as this is important for preventing further spread. In the study environment in New Zealand’s South Island, these species reach maturity and begin bearing cones at a young age. As such, detection of these smaller individuals requires specialist methods and very high-resolution remote sensing data. We examined the efficacy of classifiers developed using two machine learning algorithms with multispectral and laser scanning data collected from two platforms—manned aircraft and unmanned aerial vehicles (UAV). The study focused on a localized conifer invasion originating from a multi-species pine shelter belt in a grassland environment. This environment provided a useful means of defining the detection thresholds of the methods and technologies employed. An extensive field dataset including over 17,000 trees (height range = 1 cm to 476 cm) was used as an independent validation dataset for the detection methods developed. We found that data from both platforms and using both logistic regression and random forests for classification provided highly accurate (kappa     < 0.996    ) detection of invasive conifers. Our analysis showed that the data from both UAV and manned aircraft was useful for detecting trees down to 1 m in height and therefore shorter than 99.3% of the coning individuals in the study dataset. We also explored the relative contribution of both multispectral and airborne laser scanning (ALS) data in the detection of invasive trees through fitting classification models with different combinations of predictors and found that the most useful models included data from both sensors. However, the combination of ALS and multispectral data did not significantly improve classification accuracy. We believe that this was due to the simplistic vegetation and terrain structure in the study site that resulted in uncomplicated separability of invasive conifers from other vegetation. This study provides valuable new knowledge of the efficacy of detecting invasive conifers prior to the onset of coning using high-resolution data from UAV and manned aircraft. This will be an important tool in managing the spread of these important invasive plants.;02.08.2019;27.05.2025 07:10;27.05.2025 07:10;27.05.2025 07:09;1812;NA;15;11;NA;Remote Sensing;;;NA;NA;NA;NA;NA;en;https://creativecommons.org/licenses/by/4.0/;NA;NA;NA;DOI.org (Crossref);NA;;NA;C:\Users\j_stee03\Zotero\storage\XUAJSR5W\Dash et al. - 2019 - Early Detection of Invasive Exotic Trees Using UAV.pdf;NA;NA;NA;;NA;NA;NA;NA;NA;NA;NA;NA;NA;NA;NA;NA;NA;NA;NA;NA;NA;NA;NA;NA;NA;NA;NA;NA;NA;NA;NA;NA;NA;NA;NA;NA;NA;NA;NA;NA;NA;NA;NA;NA;NA;NA;NA;NA;NA
F4WGJJ5P;journalArticle;2017;"Malenovský, Zbyněk; Lucieer, Arko; King, Diana H.; Turnbull, Johanna D.; Robinson, Sharon A.";Unmanned aircraft system advances health mapping of fragile polar vegetation;Methods in Ecology and Evolution;NA;2041-210X, 2041-210X;10.1111/2041-210X.12833;https://besjournals.onlinelibrary.wiley.com/doi/10.1111/2041-210X.12833;Abstract                                                                Plants like mosses can be sensitive stress markers of subtle shifts in Arctic and Antarctic environmental conditions, including climate change. Traditional ground‐based monitoring of fragile polar vegetation is, however, invasive, labour intensive and physically demanding. High‐resolution multispectral satellite observations are an alternative, but even their recent highest achievable spatial resolution is still inadequate, resulting in a significant underestimation of plant health due to spectral mixing and associated reflectance impurities.                                                     To resolve these obstacles, we have developed a new method that uses low‐altitude unmanned aircraft system (UAS) hyperspectral images of sub‐decimeter spatial resolution. Machine‐learning support vector regressions (SVR) were employed to infer Antarctic moss vigour from quantitative remote sensing maps of plant canopy chlorophyll content and leaf density. The same maps were derived for comparison purposes from the WorldView‐2 high spatial resolution (2.2 m) multispectral satellite data.                                                                          We found SVR algorithms to be highly efficient in estimating plant health indicators with acceptable root mean square errors (                     RMSE                     ). The systematic                     RMSE                     s for chlorophyll content and leaf density were 3.5–6.0 and 1.3–2.0 times smaller, respectively, than the unsystematic errors. However, application of correctly trained SVR machines on space‐borne multispectral images considerably underestimated moss chlorophyll content, while stress indicators retrieved from UAS data were found to be comparable with independent field measurements, providing statistically significant regression coefficients of determination (median                     r                     2                      = .50,                     p                                            t                       test                                           = .0072).                                                                        This study demonstrates the superior performance of a cost‐efficient UAS mapping platform, which can be deployed even under the continuous cloud cover that often obscures optical high‐altitude airborne and satellite observations. Antarctic moss vigour maps of appropriate resolution could provide timely and spatially explicit warnings of environmental stress events, including those triggered by climate change. Since our polar vegetation health assessment method is based on physical principles of quantitative spectroscopy, it could be adapted to other short‐stature and fragmented plant communities (e.g. tundra grasslands), including alpine and desert regions. It therefore shows potential to become an operational component of any ecological monitoring sensor network.;2017-12;27.05.2025 07:10;27.05.2025 07:10;27.05.2025 07:09;1842-1857;NA;12;8;NA;Methods Ecol Evol;;;NA;NA;NA;NA;NA;en;http://onlinelibrary.wiley.com/termsAndConditions#am;NA;NA;NA;DOI.org (Crossref);NA;;NA;C:\Users\j_stee03\Zotero\storage\JTJY24CD\Malenovský et al. - 2017 - Unmanned aircraft system advances health mapping o.pdf;NA;NA;NA;Lecomte, Nicolas;NA;NA;NA;NA;NA;NA;NA;NA;NA;NA;NA;NA;NA;NA;NA;NA;NA;NA;NA;NA;NA;NA;NA;NA;NA;NA;NA;NA;NA;NA;NA;NA;NA;NA;NA;NA;NA;NA;NA;NA;NA;NA;NA;NA;NA
XMYFF5R9;journalArticle;2025;"P, Toro-Mujica; J, Lozano-Parra; D, Enríquez-Hidalgo";Analysis of the relationship between vegetation indices and forage nutritional parameters in Mediterranean semi-arid rainfed grasslands;Journal of Arid Environments;NA;1401963;10.1016/j.jaridenv.2025.105344;https://linkinghub.elsevier.com/retrieve/pii/S014019632500028X;;2025-06;27.05.2025 07:10;27.05.2025 07:10;27.05.2025 07:09;105344;NA;;228;NA;Journal of Arid Environments;;;NA;NA;NA;NA;NA;en;;NA;NA;NA;DOI.org (Crossref);NA;;NA;C:\Users\j_stee03\Zotero\storage\UDVSRXH8\P et al. - 2025 - Analysis of the relationship between vegetation in.pdf;NA;NA;NA;;NA;NA;NA;NA;NA;NA;NA;NA;NA;NA;NA;NA;NA;NA;NA;NA;NA;NA;NA;NA;NA;NA;NA;NA;NA;NA;NA;NA;NA;NA;NA;NA;NA;NA;NA;NA;NA;NA;NA;NA;NA;NA;NA;NA;NA
5HCSVLHB;journalArticle;2019;"Moudrý, Vítězslav; Gdulová, Kateřina; Fogl, Michal; Klápště, Petr; Urban, Rudolf; Komárek, Jan; Moudrá, Lucie; Štroner, Martin; Barták, Vojtěch; Solský, Milič";Comparison of leaf-off and leaf-on combined UAV imagery and airborne LiDAR for assessment of a post-mining site terrain and vegetation structure: Prospects for monitoring hazards and restoration success;Applied Geography;NA;1436228;10.1016/j.apgeog.2019.02.002;https://linkinghub.elsevier.com/retrieve/pii/S0143622818305897;;2019-03;27.05.2025 07:10;27.05.2025 07:10;27.05.2025 07:09;32-41;NA;;104;NA;Applied Geography;Comparison of leaf-off and leaf-on combined UAV imagery and airborne LiDAR for assessment of a post-mining site terrain and vegetation structure;;NA;NA;NA;NA;NA;en;;NA;NA;NA;DOI.org (Crossref);NA;;NA;C:\Users\j_stee03\Zotero\storage\29Y54BHA\Moudrý et al. - 2019 - Comparison of leaf-off and leaf-on combined UAV im.pdf;NA;NA;NA;;NA;NA;NA;NA;NA;NA;NA;NA;NA;NA;NA;NA;NA;NA;NA;NA;NA;NA;NA;NA;NA;NA;NA;NA;NA;NA;NA;NA;NA;NA;NA;NA;NA;NA;NA;NA;NA;NA;NA;NA;NA;NA;NA;NA;NA
EKRYF4SB;journalArticle;2024;"Wang, Yongcai; Wan, Huawei; Hu, Zhuowei; Gao, Jixi; Sun, Chenxi; Yang, Bin";Artemisia Frigida Distribution Mapping in Grassland with Unmanned Aerial Vehicle Imagery and Deep Learning;Drones;NA;2504-446X;10.3390/drones8040151;https://www.mdpi.com/2504-446X/8/4/151;Artemisia frigida, as an important indicator species of grassland degradation, holds significant guidance significance for understanding grassland degradation status and conducting grassland restoration. Therefore, conducting rapid surveys and monitoring it is crucial. In this study, to address the issue of insufficient identification accuracy due to the large density and small size of Artemisia frigida in UAV images, we improved the YOLOv7 object detection algorithm to enhance the performance of the YOLOv7 model in Artemisia frigida detection. We applied the improved model to the detection of Artemisia frigida across the entire experimental area, achieving spatial mapping of Artemisia frigida distribution. The results indicate: In comparison across different models, the improved YOLOv7 + Biformer + wise-iou model exhibited the most notable enhancement in precision metrics compared to the original YOLOv7, showing a 6% increase. The mean average precision at intersection over union (IoU) threshold of 0.5 (mAP@.5) also increased by 3%. In terms of inference speed, it ranked second among the four models, only trailing behind YOLOv7 + biformer. The YOLOv7 + biformer + wise-iou model achieved an overall detection precision of 96% and a recall of 94% across 10 plots. The model demonstrated superior overall detection performance. The enhanced YOLOv7 exhibited superior performance in Artemisia frigida detection, meeting the need for rapid mapping of Artemisia frigida distribution based on UAV images. This improvement is expected to contribute to enhancing the efficiency of UAV-based surveys and monitoring of grassland degradation. These findings emphasize the effectiveness of the improved YOLOv7 + Biformer + wise-iou model in enhancing precision metrics, overall detection performance, and its applicability to efficiently map the distribution of Artemisia frigida in UAV imagery for grassland degradation surveys and monitoring.;15.04.2024;27.05.2025 07:10;27.05.2025 07:10;27.05.2025 07:09;151;NA;4;8;NA;Drones;;;NA;NA;NA;NA;NA;en;https://creativecommons.org/licenses/by/4.0/;NA;NA;NA;DOI.org (Crossref);NA;;NA;C:\Users\j_stee03\Zotero\storage\PKYNRRVZ\Wang et al. - 2024 - Artemisia Frigida Distribution Mapping in Grasslan.pdf;NA;NA;NA;;NA;NA;NA;NA;NA;NA;NA;NA;NA;NA;NA;NA;NA;NA;NA;NA;NA;NA;NA;NA;NA;NA;NA;NA;NA;NA;NA;NA;NA;NA;NA;NA;NA;NA;NA;NA;NA;NA;NA;NA;NA;NA;NA;NA;NA
MINTJ8P7;journalArticle;2018;"Forsmoo, Joel; Anderson, Karen; Macleod, Christopher J. A.; Wilkinson, Mark E.; Brazier, Richard";Drone‐based structure‐from‐motion photogrammetry captures grassland sward height variability;Journal of Applied Ecology;NA;0021-8901, 1365-2664;10.1111/1365-2664.13148;https://besjournals.onlinelibrary.wiley.com/doi/10.1111/1365-2664.13148;"Abstract                                                                Grasslands deliver a range of ecosystem services, including the provision of food and biodiversity, and regulation of soil carbon storage and hydrology. Monitoring schemes are needed to quantify spatial changes in these multiple functions alongside ecosystem degradation. Sward height is widely recognised as a key spatial variable in the provision of these services. Current manual monitoring approaches are labour intensive, and often fail to capture spatial patterns of important features, including sward height.                                                                          Proximal sensing from small aerial drones carrying lightweight cameras can be transformed into surface height models using image‐based structure‐from‐motion and Multi‐View Stereo‐based approaches; this presents a new opportunity for monitoring the spatial structure of grassland sward height. We combined aerial photographs with field survey data and an open‐source image‐based modelling‐processing workflow to generate sward height measurements for a field comprising mainly                     Lolium perenne                     (perennial ryegrass) and                     Trifolium pratense                     (red clover). We compared the derived measurements with in situ data captured on the same day using traditional agronomic sward height techniques to determine the quality of the drone‐derived surface model product for sward characterisation.                                                                                             The SfM and Multi‐View Stereo‐based surface model had a mean absolute sward height measurement error of between 3.7 and 4.2 cm. To produce field observations with equivalent quality would require up to 550 sward height measurements for the study site (area: 8,059 m                     2                     ), which is not feasible over larger extents required for conservation of key species or agronomic purposes.                                                                                             Synthesis and applications                     . We demonstrate how the collection of precise and detailed information on the spatial structure of grasslands can be made over management‐relevant extents. Aerial digital photographs can be transformed into surface models using an image‐based modelling approach: structure‐from‐motion and Multi‐View Stereo techniques. Image‐based measurements of sward heights were compared with manual sward height data captured on the same day. This novel source of vegetation spatial information could improve sward management for conservation and agronomy applications. The approach supports frequent surveys, at user‐controlled revisit times, and delivers data for spatial monitoring of key grassland functions and services.                                                                           ,              Sammanfattning                                                                Gräsmarker är värdefulla. De bidrar med en rad nyckelfunktioner och naturvärden så som kolinlagring, produktion av biomassa och biologisk mångfald. Nya mätmetoder är emellertid nödvändiga för att bättre förstå dessa funktioners och naturvärdens förändringar över tid och rum, samt för att tidigt kunna upptäcka potentiell ekosystemdegradering. Det är allmänt vedertaget att gräsets längd är en nyckelvariabel för försörjningen av viktiga ekosystemtjänster så som biodiversitet. Nuvarande manuella mätmetoder är tidskrävande, och missar ofta viktiga aspekter och dess trender, så som gräsets medellängd och dess rumsliga variation.                                                                          Flygbilder från små luftburna drönare utrustade med kompakta kameror kan förvandlas till tredimensionella höjdmodeller genom fotogrammetrisk bearbetning av bilder. Detta innebär nya möjligheter för övervakningen av gräsets längd över tid och rum. Vi kombinerade flygfoton och fältdata med ett fotogrammetriskt bildbearbetningsförfarande för att mäta gräsets längd. Fältstudien genomfördes på gräsmark som främst bestod av                     Lolium perenne                     (engelskt rajgräs) och                     Trifolium pratense                     (rödklöver). De erhållna bildabaserade mätningarna av gräsets längd jämfördes med traditionella, manuella metoder för att mäta gräsets längd.                                                                                             Gräsets uppmätta längd från den bildabaserade, tredimensionella höjdmodellen hade en genomsnittlig avvikelse på mellan 3.7 och 4.2 cm jämfört med manuellt insamlad referens‐data. Fältobservationer av likvärdig kvalitet skulle, med traditionella metoder, kräva uppemot 550 mätningar av gräsets längd för det beskrivna fältstudieområdet (area: 8059 m                     2                     ). Något som således inte är praktiskt genomförbart över större områden vilket bevarandet av nyckelarter samt lantbruksnäringen kräver.                                                                                             Sammanställning och tillämpning                     . Vi visar hur insamling av precis och detaljrik information om förändringar i en gräsmarks vegetation över tid och rum nu är möjlig över områden stora nog för att vara av relevans för relevanta intressenter. Digitala flygbilder kan genom fotogrammetriska bildbearbetningsmetoder förvandlas till digitala höjdmodeller. Genom att samla in data om gräsets längd med traditionella metoder samma dag som området flögs med en drönare kunde kvaliteten av den bildbaserade uppskattningen av gräsets längd approximeras. Denna nya, lovande källa till information om vegetationen och dess småskaliga karaktäristik kan bevara och/eller förstärka gräsmarkers naturvärden. Metoden främjar regelbunden kartläggning av vegetationens förändringar över tid och rum då insamlingen av data kan ske på användarens villkor ‐ och levererar en dataprodukt som kan bli ett viktigt stöd i arbetet för att nå uppsatta miljömål om till exempel biologisk mångfald i och utanför odlingslandskap.                                                                           ,              We demonstrate how the collection of precise and detailed information on the spatial structure of grasslands can be made over management‐relevant extents. Aerial digital photographs can be transformed into surface models using an image‐based modelling approach: structure‐from‐motion and Multi‐View Stereo techniques. Image‐based measurements of sward heights were compared with manual sward height data captured on the same day. This novel source of vegetation spatial information could improve sward management for conservation and agronomy applications. The approach supports frequent surveys, at user‐controlled revisit times, and delivers data for spatial monitoring of key grassland functions and services.";2018-11;27.05.2025 07:10;27.05.2025 07:10;27.05.2025 07:09;2587-2599;NA;6;55;NA;Journal of Applied Ecology;;;NA;NA;NA;NA;NA;en;;NA;NA;NA;DOI.org (Crossref);NA;;NA;C:\Users\j_stee03\Zotero\storage\Z3WD7MBH\Forsmoo et al. - 2018 - Drone‐based structure‐from‐motion photogrammetry c.pdf;NA;NA;NA;Smit, Izak;NA;NA;NA;NA;NA;NA;NA;NA;NA;NA;NA;NA;NA;NA;NA;NA;NA;NA;NA;NA;NA;NA;NA;NA;NA;NA;NA;NA;NA;NA;NA;NA;NA;NA;NA;NA;NA;NA;NA;NA;NA;NA;NA;NA;NA
U69AG72H;journalArticle;2019;"Insua, Juan R.; Utsumi, Santiago A.; Basso, Bruno";Estimation of spatial and temporal variability of pasture growth and digestibility in grazing rotations coupling unmanned aerial vehicle (UAV) with crop simulation models;PLOS ONE;NA;1932-6203;10.1371/journal.pone.0212773;https://dx.plos.org/10.1371/journal.pone.0212773;;13.03.2019;27.05.2025 07:10;27.05.2025 07:10;27.05.2025 07:09;e0212773;NA;3;14;NA;PLoS ONE;;;NA;NA;NA;NA;NA;en;;NA;NA;NA;DOI.org (Crossref);NA;;NA;C:\Users\j_stee03\Zotero\storage\IWAEF3KZ\Insua et al. - 2019 - Estimation of spatial and temporal variability of .pdf;NA;NA;NA;Loor, Juan J;NA;NA;NA;NA;NA;NA;NA;NA;NA;NA;NA;NA;NA;NA;NA;NA;NA;NA;NA;NA;NA;NA;NA;NA;NA;NA;NA;NA;NA;NA;NA;NA;NA;NA;NA;NA;NA;NA;NA;NA;NA;NA;NA;NA;NA
KNYS2WNM;journalArticle;2024;"Anderson, Nicholas V.; Petersen, Steven L.; Johnson, Robert L.; Terry, Tyson J.; Anderson, Val J.";Detecting Floral Resource Availability Using Small Unmanned Aircraft Systems;Land;NA;2073-445X;10.3390/land13010099;https://www.mdpi.com/2073-445X/13/1/99;Floral resources for native pollinators that live in wildland settings are diverse and vary across and within growing seasons. Understanding floral resource dynamics and management is becoming increasingly important as honeybee farms seek public land for summer pasture. Small Unmanned Aircraft Systems (sUASs) present a viable approach for accurate broad floristic surveys and present an additional solution to more traditional alternative methods of vegetation assessment. This methodology was designed as a simplified approach using tools frequently available to land managers. The images of three subalpine meadows were captured from a DJI Phantom 4 Pro drone platform three times over the growing season in 2019 in Sanpete County, Utah. The images were composited using Pix4D software 4.5.6 and classified using a simple supervised approach in ENVI 4.8 and ArcGIS Pro 2.4.3 These same meadows were assessed using two traditional ocular methods of vegetation cover–meter-squared quadrats and macroplot estimation. The areas assessed with these methods were compared side by side with their classified counterparts from drone imagery. Classified images were not only found to be highly accurate when detecting overall floral cover and floral color groups (76–100%), but they were also strongly correlated with quadrat estimations, suggesting that these methods used in tandem may be a conducive strategy toward increased accuracy and efficiency when determining floral cover at broad spatial scales.;16.01.2024;27.05.2025 07:10;27.05.2025 07:10;27.05.2025 07:09;99;NA;1;13;NA;Land;;;NA;NA;NA;NA;NA;en;https://creativecommons.org/licenses/by/4.0/;NA;NA;NA;DOI.org (Crossref);NA;;NA;C:\Users\j_stee03\Zotero\storage\997B5JZL\Anderson et al. - 2024 - Detecting Floral Resource Availability Using Small.pdf;NA;NA;NA;;NA;NA;NA;NA;NA;NA;NA;NA;NA;NA;NA;NA;NA;NA;NA;NA;NA;NA;NA;NA;NA;NA;NA;NA;NA;NA;NA;NA;NA;NA;NA;NA;NA;NA;NA;NA;NA;NA;NA;NA;NA;NA;NA;NA;NA
AYUSXJAJ;journalArticle;2024;"Zhu, Xiaohua; Chen, Xinyu; Ma, Lingling; Liu, Wei";UAV and Satellite Synergies for Mapping Grassland Aboveground Biomass in Hulunbuir Meadow Steppe;Plants;NA;2223-7747;10.3390/plants13071006;https://www.mdpi.com/2223-7747/13/7/1006;Aboveground biomass (AGB) is an important indicator of the grassland ecosystem. It can be used to evaluate the grassland productivity and carbon stock. Satellite remote sensing technology is useful for monitoring the dynamic changes in AGB across a wide range of grasslands. However, due to the scale mismatch between satellite observations and ground surveys, significant uncertainties and biases exist in mapping grassland AGB from satellite data. This is also a common problem in low- and medium-resolution satellite remote sensing modeling that has not been effectively solved. The rapid development of uncrewed aerial vehicle (UAV) technology offers a way to solve this problem. In this study, we developed a method with UAV and satellite synergies for estimating grassland AGB that filled the gap between satellite observation and ground surveys and successfully mapped the grassland AGB in the Hulunbuir meadow steppe in the northeast of Inner Mongolia, China. First, based on the UAV hyperspectral data and ground survey data, the UAV-based AGB was estimated using a combination of typical vegetation indices (VIs) and the leaf area index (LAI), a structural parameter. Then, the UAV-based AGB was aggregated as a satellite-scale sample set and used to model satellite-based AGB estimation. At the same time, spatial information was incorporated into the LAI inversion process to minimize the scale bias between UAV and satellite data. Finally, the grassland AGB of the entire experimental area was mapped and analyzed. The results show the following: (1) random forest (RF) had the best performance compared with simple regression (SR), partial least squares regression (PLSR) and back-propagation neural network (BPNN) for UAV-based AGB estimation, with an R2 of 0.80 and an RMSE of 76.03 g/m2. (2) Grassland AGB estimation through introducing LAI achieved higher accuracy. For UAV-based AGB estimation, the R2 was improved by an average of 10% and the RMSE was reduced by an average of 9%. For satellite-based AGB estimation, the R2 was increased from 0.70 to 0.75 and the RMSE was decreased from 78.24 g/m2 to 72.36 g/m2. (3) Based on sample aggregated UAV-based AGB and an LAI map, the accuracy of satellite-based AGB estimation was significantly improved. The R2 was increased from 0.57 to 0.75, and the RMSE was decreased from 99.38 g/m2 to 72.36 g/m2. This suggests that UAVs can bridge the gap between satellite observations and field measurements by providing a sufficient training dataset for model development and AGB estimation from satellite data.;31.03.2024;27.05.2025 07:10;27.05.2025 07:10;27.05.2025 07:09;1006;NA;7;13;NA;Plants;;;NA;NA;NA;NA;NA;en;https://creativecommons.org/licenses/by/4.0/;NA;NA;NA;DOI.org (Crossref);NA;;NA;C:\Users\j_stee03\Zotero\storage\CLAGLWKR\Zhu et al. - 2024 - UAV and Satellite Synergies for Mapping Grassland .pdf;NA;NA;NA;;NA;NA;NA;NA;NA;NA;NA;NA;NA;NA;NA;NA;NA;NA;NA;NA;NA;NA;NA;NA;NA;NA;NA;NA;NA;NA;NA;NA;NA;NA;NA;NA;NA;NA;NA;NA;NA;NA;NA;NA;NA;NA;NA;NA;NA
CERIPY32;journalArticle;2025;"Sun, Feida; Chen, Dewei; Li, Linhao; Zhang, Qiaoqiao; Yuan, Xin; Liao, Zihong; Xiang, Chunlian; Liu, Lin; Zhou, Jiqiong; Shrestha, Mani; Xu, Dong; Bai, Yanfu; Degen, A. Allan";"Machine Learning Models Based on <span style=""font-variant:small-caps;"">UAV</span> Oblique Images Improved Above‐Ground Biomass Estimation Accuracy Across Diverse Grasslands on the Qinghai–Tibetan Plateau";Land Degradation & Development;NA;1085-3278, 1099-145X;10.1002/ldr.5381;https://onlinelibrary.wiley.com/doi/10.1002/ldr.5381;ABSTRACT                            Unmanned aerial vehicles (UAVs) are becoming important tools for modern management and scientific research of grassland resources, especially in the dynamic monitoring of above‐ground biomass (AGB). However, current studies rely mostly on vertical images to construct models, with little consideration given to oblique images. Determination of image acquisition height often relies on experience and intuition, but there is limited comparison of models in estimating across different grassland types. To address this gap, this study selected 56 plots on the northern Qinghai–Tibetan Plateau (QTP), comprising 16 alpine meadows (AM), 14 alpine steppes (AS), 13 alpine meadow steppes (AMS), and 13 alpine desert steppes (ADS). We used the DJI Mavic 2 Pro to capture a total of 5040 images at six heights (5, 10, 20, 30, 40, and 50 m) and five angles (30°, 45°, 60°, 90°, and 180° panoramic shots). Based on RGB (red‐green‐blue) images, seven vegetation indices (normalized difference index (NDI), excess red vegetation index (EXR), modified green red vegetation index (MGRVI), visible atmospherically resistant index (VARI), excess green minus excess (EXG), green leaf index (GLI), and red–green–blue vegetation index (RGBVI)) were employed, displaying a trend in vegetation and biomass changes across different heights and angles, peaking at 20 m and 45°. Linear regression models and machine learning models (random forest, extreme gradient boosting, multilayer perceptron neural network, and stochastic gradient descent) were generated, with NDI, VARI, and MGRVI providing the best estimations. Comparative results on estimations of different grassland types indicated that oblique images helped reduce the models' root mean square error (RMSE), particularly in the machine learning models. All models were best in AMS and ADS, with average               R               2               of 0.810 and 0.825, with machine learning models (average               R               2                = 0.746) stronger than linear regression models (average               R               2                = 0.597), indicating specific requirements for model selection across different grasslands. The findings in this study can provide a reference for the adaptive management of different grassland ecosystems on the QTP and worldwide.;30.01.2025;27.05.2025 07:10;27.05.2025 07:10;27.05.2025 07:09;585-598;NA;2;36;NA;Land Degrad Dev;"Machine Learning Models Based on <span style=""font-variant";;NA;NA;NA;NA;NA;en;;NA;NA;NA;DOI.org (Crossref);NA;;NA;C:\Users\j_stee03\Zotero\storage\2EIDSHV4\Sun et al. - 2025 - Machine Learning Models Based on span style=font.pdf;NA;NA;NA;;NA;NA;NA;NA;NA;NA;NA;NA;NA;NA;NA;NA;NA;NA;NA;NA;NA;NA;NA;NA;NA;NA;NA;NA;NA;NA;NA;NA;NA;NA;NA;NA;NA;NA;NA;NA;NA;NA;NA;NA;NA;NA;NA;NA;NA
4CNGPT59;journalArticle;2018;"Maire, Juliette; Gibson-Poole, Simon; Cowan, Nicholas; Reay, Dave S.; Richards, Karl G.; Skiba, Ute; Rees, Robert M.; Lanigan, Gary J.";Identifying Urine Patches on Intensively Managed Grassland Using Aerial Imagery Captured From Remotely Piloted Aircraft Systems;Frontiers in Sustainable Food Systems;NA;2571-581X;10.3389/fsufs.2018.00010;http://journal.frontiersin.org/article/10.3389/fsufs.2018.00010/full;;25.04.2018;27.05.2025 07:10;27.05.2025 07:10;27.05.2025 07:09;10;NA;;2;NA;Front. Sustain. Food Syst.;;;NA;NA;NA;NA;NA;;;NA;NA;NA;DOI.org (Crossref);NA;;NA;C:\Users\j_stee03\Zotero\storage\8SDYERCR\Maire et al. - 2018 - Identifying Urine Patches on Intensively Managed G.pdf;NA;NA;NA;;NA;NA;NA;NA;NA;NA;NA;NA;NA;NA;NA;NA;NA;NA;NA;NA;NA;NA;NA;NA;NA;NA;NA;NA;NA;NA;NA;NA;NA;NA;NA;NA;NA;NA;NA;NA;NA;NA;NA;NA;NA;NA;NA;NA;NA
H4GKUBM8;journalArticle;2024;"Singh, Jasanmol; Koc, Ali Bulent; Aguerre, Matias Jose; Chastain, John P.";Estimation of aboveground biomass of Alfalfa using field robotics;Smart Agricultural Technology;NA;27723755;10.1016/j.atech.2024.100597;https://linkinghub.elsevier.com/retrieve/pii/S2772375524002028;;2024-12;27.05.2025 07:10;27.05.2025 07:10;27.05.2025 07:09;100597;NA;;9;NA;Smart Agricultural Technology;;;NA;NA;NA;NA;NA;en;;NA;NA;NA;DOI.org (Crossref);NA;;NA;C:\Users\j_stee03\Zotero\storage\LDIK66A2\Singh et al. - 2024 - Estimation of aboveground biomass of Alfalfa using.pdf;NA;NA;NA;;NA;NA;NA;NA;NA;NA;NA;NA;NA;NA;NA;NA;NA;NA;NA;NA;NA;NA;NA;NA;NA;NA;NA;NA;NA;NA;NA;NA;NA;NA;NA;NA;NA;NA;NA;NA;NA;NA;NA;NA;NA;NA;NA;NA;NA
87AIFFSQ;journalArticle;2017;"Strong, Conor J.; Burnside, Niall G.; Llewellyn, Dan";The potential of small-Unmanned Aircraft Systems for the rapid detection of threatened unimproved grassland communities using an Enhanced Normalized Difference Vegetation Index;PLOS ONE;NA;1932-6203;10.1371/journal.pone.0186193;https://dx.plos.org/10.1371/journal.pone.0186193;;12.10.2017;27.05.2025 07:10;27.05.2025 07:10;27.05.2025 07:09;e0186193;NA;10;12;NA;PLoS ONE;;;NA;NA;NA;NA;NA;en;;NA;NA;NA;DOI.org (Crossref);NA;;NA;C:\Users\j_stee03\Zotero\storage\ISDHHGHA\Strong et al. - 2017 - The potential of small-Unmanned Aircraft Systems f.pdf;NA;NA;NA;Serrano Ferron, Emmanuel;NA;NA;NA;NA;NA;NA;NA;NA;NA;NA;NA;NA;NA;NA;NA;NA;NA;NA;NA;NA;NA;NA;NA;NA;NA;NA;NA;NA;NA;NA;NA;NA;NA;NA;NA;NA;NA;NA;NA;NA;NA;NA;NA;NA;NA
NWXD75R7;journalArticle;2019;"Isokangas, Elina; Davids, Corine; Kujala, Katharina; Rauhala, Anssi; Ronkanen, Anna-Kaisa; Rossi, Pekka M.";Combining unmanned aerial vehicle-based remote sensing and stable water isotope analysis to monitor treatment peatlands of mining areas;Ecological Engineering;NA;9258574;10.1016/j.ecoleng.2019.04.024;https://linkinghub.elsevier.com/retrieve/pii/S0925857419301417;;2019-08;27.05.2025 07:10;27.05.2025 07:10;27.05.2025 07:09;137-147;NA;;133;NA;Ecological Engineering;;;NA;NA;NA;NA;NA;en;;NA;NA;NA;DOI.org (Crossref);NA;;NA;C:\Users\j_stee03\Zotero\storage\RHHH82J5\Isokangas et al. - 2019 - Combining unmanned aerial vehicle-based remote sen.pdf;NA;NA;NA;;NA;NA;NA;NA;NA;NA;NA;NA;NA;NA;NA;NA;NA;NA;NA;NA;NA;NA;NA;NA;NA;NA;NA;NA;NA;NA;NA;NA;NA;NA;NA;NA;NA;NA;NA;NA;NA;NA;NA;NA;NA;NA;NA;NA;NA
EE9BLU7T;journalArticle;2024;"Rezende de Ataíde, Marcos Vinicius; Barbosa Rodrigues, Silvia; Rocha Silva, Tamilis; Silva Coelho, Augusto Cesar; Wiederhecker, Ana; Mascia Vieira, Daniel Luis";Monitoring invasive exotic grass species in ecological restoration areas of the Brazilian savanna using UAV images;Remote Sensing Applications: Society and Environment;NA;23529385;10.1016/j.rsase.2024.101328;https://linkinghub.elsevier.com/retrieve/pii/S2352938524001927;;2024-11;27.05.2025 07:10;27.05.2025 07:10;27.05.2025 07:09;101328;NA;;36;NA;Remote Sensing Applications: Society and Environment;;;NA;NA;NA;NA;NA;en;;NA;NA;NA;DOI.org (Crossref);NA;;NA;C:\Users\j_stee03\Zotero\storage\5FV5SAAY\Rezende de Ataíde et al. - 2024 - Monitoring invasive exotic grass species in ecolog.pdf;NA;NA;NA;;NA;NA;NA;NA;NA;NA;NA;NA;NA;NA;NA;NA;NA;NA;NA;NA;NA;NA;NA;NA;NA;NA;NA;NA;NA;NA;NA;NA;NA;NA;NA;NA;NA;NA;NA;NA;NA;NA;NA;NA;NA;NA;NA;NA;NA
RQUDWYLV;journalArticle;2024;"Aebischer, Philippe; Sutter, Michael; Birkinshaw, Amy; Nussbaum, Madlene; Reidy, Beat";"Herbage biomass predictions from <span style=""font-variant:small-caps;"">UAV</span> data using a derived digital terrain model and machine learning";Grass and Forage Science;NA;0142-5242, 1365-2494;10.1111/gfs.12694;https://onlinelibrary.wiley.com/doi/10.1111/gfs.12694;Abstract                            More than 70% of Switzerland's agricultural area is covered by grasslands that often exhibit highly diverse species compositions and heterogeneous growth patterns. An essential requirement for efficient and effective pasture management is the regular estimation of herbage biomass. While various methods exist for estimating herbage biomass, they are often time‐consuming and may not accurately capture the variability within pastures. This highlights the need for more efficient, accurate estimation techniques. To help improve herbage biomass estimation, we present               estiGrass3D+               , a Random Forest model. This model predicts pasture biomass using a digital terrain model (DTM) derived from a digital surface model (DSM) for sward height modelling, along with vegetation indices and agronomic variables from UAV images only. The model was successfully evaluated with independent test data from different sites on the Swiss central plateau, including both grazed and mown areas. Model performance on an independent validation dataset achieved a NRMSE of 20.3%, while the training dataset had an NRMSE of 21.5%. These consistent results confirm that               estiGrass3D               + is both transferable and applicable to unseen data while maintaining accuracy and reliability across different datasets. The wide applicability of our method demonstrates its practicality for predicting herbage biomass under different pasture management scenarios. Additionally, our method of deriving a DTM directly from a DSM simplifies the measurement of grass sward height by UAVs, eliminating the need for prior ground control point (GCP) marking and subsequent aligning, enhancing the efficiency of herbage biomass estimation.;2024-12;27.05.2025 07:10;27.05.2025 07:10;27.05.2025 07:09;530-542;NA;4;79;NA;Grass and Forage Science;"Herbage biomass predictions from <span style=""font-variant";;NA;NA;NA;NA;NA;en;;NA;NA;NA;DOI.org (Crossref);NA;;NA;C:\Users\j_stee03\Zotero\storage\A9XZFWW3\Aebischer et al. - 2024 - Herbage biomass predictions from span style=font.pdf;NA;NA;NA;;NA;NA;NA;NA;NA;NA;NA;NA;NA;NA;NA;NA;NA;NA;NA;NA;NA;NA;NA;NA;NA;NA;NA;NA;NA;NA;NA;NA;NA;NA;NA;NA;NA;NA;NA;NA;NA;NA;NA;NA;NA;NA;NA;NA;NA
C4BIPWJ6;journalArticle;2024;"Hütt, Christoph; Isselstein, Johannes; Komainda, Martin; Schöttker, Oliver; Sturm, Astrid";UAV LiDAR-based grassland biomass estimation for precision livestock management;Journal of Applied Remote Sensing;NA;1931-3195;10.1117/1.JRS.18.017502;https://www.spiedigitallibrary.org/journals/journal-of-applied-remote-sensing/volume-18/issue-01/017502/UAV-LiDAR-based-grassland-biomass-estimation-for-precision-livestock-management/10.1117/1.JRS.18.017502.full;;14.03.2024;27.05.2025 07:10;27.05.2025 07:10;27.05.2025 07:09;;NA;1;18;NA;J. Appl. Rem. Sens.;;;NA;NA;NA;NA;NA;;;NA;NA;NA;DOI.org (Crossref);NA;;NA;C:\Users\j_stee03\Zotero\storage\3YPECSJB\Hütt et al. - 2024 - UAV LiDAR-based grassland biomass estimation for p.pdf;NA;NA;NA;;NA;NA;NA;NA;NA;NA;NA;NA;NA;NA;NA;NA;NA;NA;NA;NA;NA;NA;NA;NA;NA;NA;NA;NA;NA;NA;NA;NA;NA;NA;NA;NA;NA;NA;NA;NA;NA;NA;NA;NA;NA;NA;NA;NA;NA
GHLQE99T;journalArticle;2024;"Fu, Yi; Tan, Xiaopeng; Yao, Yunlong; Wang, Lei; Shan, Yuanqi; Yang, Yuehua; Jing, Zhongwei";Uncovering optimal vegetation indices for estimating wetland plant species diversity;Ecological Indicators;NA;1470160X;10.1016/j.ecolind.2024.112367;https://linkinghub.elsevier.com/retrieve/pii/S1470160X24008240;;2024-09;27.05.2025 07:10;27.05.2025 07:10;27.05.2025 07:09;112367;NA;;166;NA;Ecological Indicators;;;NA;NA;NA;NA;NA;en;;NA;NA;NA;DOI.org (Crossref);NA;;NA;C:\Users\j_stee03\Zotero\storage\ZAFW6BNQ\Fu et al. - 2024 - Uncovering optimal vegetation indices for estimati.pdf;NA;NA;NA;;NA;NA;NA;NA;NA;NA;NA;NA;NA;NA;NA;NA;NA;NA;NA;NA;NA;NA;NA;NA;NA;NA;NA;NA;NA;NA;NA;NA;NA;NA;NA;NA;NA;NA;NA;NA;NA;NA;NA;NA;NA;NA;NA;NA;NA
7L7XMCRS;journalArticle;2023;"Bakacsy, László; Tobak, Zalán; van Leeuwen, Boudewijn; Szilassi, Péter; Biró, Csaba; Szatmári, József";Drone-Based Identification and Monitoring of Two Invasive Alien Plant Species in Open Sand Grasslands by Six RGB Vegetation Indices;Drones;NA;2504-446X;10.3390/drones7030207;https://www.mdpi.com/2504-446X/7/3/207;Today, invasive alien species cause serious trouble for biodiversity and ecosystem services, which are essential for human survival. In order to effectively manage invasive species, it is important to know their current distribution and the dynamics of their spread. Unmanned aerial vehicle (UAV) monitoring is one of the best tools for gathering this information from large areas. Vegetation indices for multispectral camera images are often used for this, but RGB colour-based vegetation indices can provide a simpler and less expensive solution. The goal was to examine whether six RGB indices are suitable for identifying invasive plant species in the QGIS environment on UAV images. To examine this, we determined the shoot area and number of common milkweed (Asclepias syriaca) and the inflorescence area and number of blanket flowers (Gaillardia pulchella) as two typical invasive species in open sandy grasslands. According to the results, the cover area of common milkweed was best identified with the TGI and SSI indices. The producers’ accuracy was 76.38% (TGI) and 67.02% (SSI), while the user’s accuracy was 75.42% (TGI) and 75.12% (SSI), respectively. For the cover area of blanket flower, the IF index proved to be the most suitable index. In spite of this, it gave a low producer’s accuracy of 43.74% and user’s accuracy of 51.4%. The used methods were not suitable for the determination of milkweed shoot and the blanket flower inflorescence number, due to significant overestimation. With the methods presented here, the data of large populations of invasive species can be processed in a simple, fast, and cost-effective manner, which can ensure the precise planning of treatments for nature conservation practitioners.;17.03.2023;27.05.2025 07:10;27.05.2025 07:10;27.05.2025 07:09;207;NA;3;7;NA;Drones;;;NA;NA;NA;NA;NA;en;https://creativecommons.org/licenses/by/4.0/;NA;NA;NA;DOI.org (Crossref);NA;;NA;C:\Users\j_stee03\Zotero\storage\VSW7HE76\Bakacsy et al. - 2023 - Drone-Based Identification and Monitoring of Two I.pdf;NA;NA;NA;;NA;NA;NA;NA;NA;NA;NA;NA;NA;NA;NA;NA;NA;NA;NA;NA;NA;NA;NA;NA;NA;NA;NA;NA;NA;NA;NA;NA;NA;NA;NA;NA;NA;NA;NA;NA;NA;NA;NA;NA;NA;NA;NA;NA;NA
FJU6A9Q3;journalArticle;2023;"Medeiros, Thaís Pereira de; Morellato, Leonor Patrícia Cerdeira; Silva, Thiago Sanna Freire";Spatial distribution and temporal variation of tropical mountaintop vegetation through images obtained by drones;Frontiers in Environmental Science;NA;2296-665X;10.3389/fenvs.2023.1083328;https://www.frontiersin.org/articles/10.3389/fenvs.2023.1083328/full;Modern UAS (Unmanned Aerial Vehicles) or just drones have emerged with the primary goal of producing maps and imagery with extremely high spatial resolution. The refined information provides a good opportunity to quantify the distribution of vegetation across heterogeneous landscapes, revealing an important strategy for biodiversity conservation. We investigate whether computer vision and machine learning techniques (Object-Based Image Analysis—OBIA method, associated with Random Forest classifier) are effective to classify heterogeneous vegetation arising from ultrahigh-resolution data generated by UAS images. We focus our fieldwork in a highly diverse, seasonally dry, complex mountaintop vegetation system, the               campo rupestre               or rupestrian grassland, located at Serra do Cipó, Espinhaço Range, Southeastern Brazil. According to our results, all classifications received general accuracy above 0.95, indicating that the methodological approach enabled the identification of subtle variations in species composition, the capture of detailed vegetation and landscape features, and the recognition of vegetation types’ phenophases. Therefore, our study demonstrated that the machine learning approach and combination between OBIA method and Random Forest classifier, generated extremely high accuracy classification, reducing the misclassified pixels, and providing valuable data for the classification of complex vegetation systems such as the               campo rupestre               mountaintop grassland.;10.02.2023;27.05.2025 07:10;27.05.2025 07:10;27.05.2025 07:09;1083328;NA;;11;NA;Front. Environ. Sci.;;;NA;NA;NA;NA;NA;;;NA;NA;NA;DOI.org (Crossref);NA;;NA;C:\Users\j_stee03\Zotero\storage\NQCVQ4W9\Medeiros et al. - 2023 - Spatial distribution and temporal variation of tro.pdf;NA;NA;NA;;NA;NA;NA;NA;NA;NA;NA;NA;NA;NA;NA;NA;NA;NA;NA;NA;NA;NA;NA;NA;NA;NA;NA;NA;NA;NA;NA;NA;NA;NA;NA;NA;NA;NA;NA;NA;NA;NA;NA;NA;NA;NA;NA;NA;NA
7RB5RGWC;journalArticle;2023;"Pásztor, László; Takács, Katalin; Mészáros, János; Szatmári, Gábor; Árvai, Mátyás; Tóth, Tibor; Barna, Gyöngyi; Koós, Sándor; Kovács, Zsófia Adrienn; László, Péter; Balog, Kitti";Indirect Prediction of Salt Affected Soil Indicator Properties through Habitat Types of a Natural Saline Grassland Using Unmanned Aerial Vehicle Imagery;Land;NA;2073-445X;10.3390/land12081516;https://www.mdpi.com/2073-445X/12/8/1516;Salt meadows, protected within National Parks, cannot be directly surveyed, yet understanding their soil condition is crucial. Our study indirectly estimates soil parameters (Total Salt Content (TSC), Na, and pH) related to salinization/sodification/alkalinization using spectral indices and UAV survey-derived elevation model, focusing on continental lowland salt meadows. A vegetation map was created using 16 spectral indices and a Digital Elevation Model calculated from RGB orthophotos using photogrammetry. Field observations helped define habitat types based on the General National Habitat Classification System (Hungary), and quadrats with complete coverage of specific plant species were identified. Machine learning was employed on 84 training quadrats to develop a prediction algorithm for vegetation patterns. Five saline habitat types, representing variations in soil properties and topography, were identified. Spectral and topomorphometric indices derived from UAV were key to the spatial prediction of soil properties, employing random forest and co-kriging methods. TSC, Na, and pH data served as indicators of salt-affected soils (SAS), and thematic maps were generated for each indicator (57 samples). Overlapping with the vegetation map, the probability range of estimated SAS indicator values was determined. Consequently, a model-based estimation of soil pH, TSC, and Na conditions is provided for habitat types without disturbing protected areas.;30.07.2023;27.05.2025 07:10;27.05.2025 07:10;27.05.2025 07:09;1516;NA;8;12;NA;Land;;;NA;NA;NA;NA;NA;en;https://creativecommons.org/licenses/by/4.0/;NA;NA;NA;DOI.org (Crossref);NA;;NA;C:\Users\j_stee03\Zotero\storage\X8MG3TTL\Pásztor et al. - 2023 - Indirect Prediction of Salt Affected Soil Indicato.pdf;NA;NA;NA;;NA;NA;NA;NA;NA;NA;NA;NA;NA;NA;NA;NA;NA;NA;NA;NA;NA;NA;NA;NA;NA;NA;NA;NA;NA;NA;NA;NA;NA;NA;NA;NA;NA;NA;NA;NA;NA;NA;NA;NA;NA;NA;NA;NA;NA
ABKBFQ34;journalArticle;2023;"Torresani, Michele; Kleijn, David; de Vries, Jan Peter Reinier; Bartholomeus, Harm; Chieffallo, Ludovico; Cazzolla Gatti, Roberto; Moudrý, Vítězslav; Da Re, Daniele; Tomelleri, Enrico; Rocchini, Duccio";A novel approach for surveying flowers as a proxy for bee pollinators using drone images;Ecological Indicators;NA;1470160X;10.1016/j.ecolind.2023.110123;https://linkinghub.elsevier.com/retrieve/pii/S1470160X23002650;;2023-05;27.05.2025 07:10;27.05.2025 07:10;27.05.2025 07:09;110123;NA;;149;NA;Ecological Indicators;;;NA;NA;NA;NA;NA;en;;NA;NA;NA;DOI.org (Crossref);NA;;NA;C:\Users\j_stee03\Zotero\storage\CBPAGWIF\Torresani et al. - 2023 - A novel approach for surveying flowers as a proxy .pdf;NA;NA;NA;;NA;NA;NA;NA;NA;NA;NA;NA;NA;NA;NA;NA;NA;NA;NA;NA;NA;NA;NA;NA;NA;NA;NA;NA;NA;NA;NA;NA;NA;NA;NA;NA;NA;NA;NA;NA;NA;NA;NA;NA;NA;NA;NA;NA;NA
SIBMTLNM;journalArticle;2024;"Simpson, Gillian; Nichol, Caroline J.; Wade, Tom; Helfter, Carole; Hamilton, Alistair; Gibson-Poole, Simon";Species-Level Classification of Peatland Vegetation Using Ultra-High-Resolution UAV Imagery;Drones;NA;2504-446X;10.3390/drones8030097;https://www.mdpi.com/2504-446X/8/3/97;"Peatland restoration projects are being employed worldwide as a form of climate change mitigation due to their potential for long-term carbon sequestration. Monitoring these environments (e.g., cover of keystone species) is therefore essential to evaluate success. However, existing studies have rarely examined peatland vegetation at fine scales due to its strong spatial heterogeneity and seasonal canopy development. The present study collected centimetre-scale multispectral Uncrewed Aerial Vehicle (UAV) imagery with a Parrot Sequoia camera (2.8 cm resolution; Parrot Drones SAS, Paris, France) in a temperate peatland over a complete growing season. Supervised classification algorithms were used to map the vegetation at the single-species level, and the Maximum Likelihood classifier was found to perform best at the site level (69% overall accuracy). The classification accuracy increased with the spatial resolution of the input data, and a large reduction in accuracy was observed when employing imagery of >11 cm resolution. Finally, the most accurate classifications were produced using imagery collected during the peak (July–August) or early growing season (start of May). These findings suggest that despite the strong heterogeneity of peatlands, these environments can be mapped at the species level using UAVs. Such an approach would benefit studies estimating peatland carbon emissions or using the cover of keystone species to evaluate restoration projects.";13.03.2024;27.05.2025 07:10;27.05.2025 07:10;27.05.2025 07:09;97;NA;3;8;NA;Drones;;;NA;NA;NA;NA;NA;en;https://creativecommons.org/licenses/by/4.0/;NA;NA;NA;DOI.org (Crossref);NA;;NA;C:\Users\j_stee03\Zotero\storage\3FZJD8NB\Simpson et al. - 2024 - Species-Level Classification of Peatland Vegetatio.pdf;NA;NA;NA;;NA;NA;NA;NA;NA;NA;NA;NA;NA;NA;NA;NA;NA;NA;NA;NA;NA;NA;NA;NA;NA;NA;NA;NA;NA;NA;NA;NA;NA;NA;NA;NA;NA;NA;NA;NA;NA;NA;NA;NA;NA;NA;NA;NA;NA
UVQ6UKNZ;journalArticle;2024;"Kaneko, Kazuhiro; Yokochi, Minoru; Inoue, Takashi; Kato, Yukie; Fujita, Hiroko";Topographic conditions as governing factors of mire vegetation types analyzed from drone‐based terrain model;Journal of Vegetation Science;NA;1100-9233, 1654-1103;10.1111/jvs.13226;https://onlinelibrary.wiley.com/doi/10.1111/jvs.13226;"Abstract                            Questions               Previous studies have shown that mire vegetation responds to fine‐scale differences in topography; however, very few studies have examined the relationship between multiple topographic conditions and vegetation distribution patterns by using topographic information with a resolution finer than microtopographic patches of sub‐meter scale in mires. Is it possible to predict vegetation distribution patterns in a mire using topographic information derived from drone imagery? How do topographic conditions affect the emergence of vegetation types?                                         Location                                3 km                 2                 of sloping mire in eastern Hokkaido, northern Japan.                                                        Methods                                Digital surface models (DSMs) and orthomosaics were created using an affordable drone (Phantom3 advanced) and photogrammetry. We calculated 23 variables reflecting topographic conditions from DSMs. The locations of four vegetation types (                 Moliniopsis japonica                 –                 Eriophorum vaginatum                 , ME;                 Moliniopsis japonica–Carex lasiocarpa                 , MC;                 Sphagnum fuscum                 –                 Ledum palustre                 , SL; and                 Carex lyngbyei–Thelypteris palustris                 , CT) were recorded by field survey and orthomosaics. Random forest models that predicted vegetation types from topographic variables were created and we evaluated the prediction accuracy, importance of variables and effect of variables on the occurrence probability of the vegetation types.                                                        Results               All predictive indicators (recall, precision, overall accuracy, kappa) were very high (>0.9). Important variables for modeling were altitude, relative height to the surroundings, slopes at a scale of several 10 m, soil wetness index and terrain ruggedness. Each vegetation type appeared under different topographic conditions; altitude was a key factor in ME and MC, and slope in CT. SL showed patchy distribution predictions on hummocks.                                         Conclusions               Vegetation distribution in the mire was strongly related to topographic information based on the DSMs. Analysis of the variable effects indicates that the emergence of the vegetation types was explained by a combination of multiple topographic conditions. This approach has the outstanding advantages of obtaining many survey points quickly and retrieving topographic conditions difficult to measure using on‐ground field surveys.";2024-01;27.05.2025 07:10;27.05.2025 07:10;27.05.2025 07:09;e13226;NA;1;35;NA;J Vegetation Science;;;NA;NA;NA;NA;NA;en;;NA;NA;NA;DOI.org (Crossref);NA;;NA;C:\Users\j_stee03\Zotero\storage\S84W4F2Z\Kaneko et al. - 2024 - Topographic conditions as governing factors of mir.pdf;NA;NA;NA;;NA;NA;NA;NA;NA;NA;NA;NA;NA;NA;NA;NA;NA;NA;NA;NA;NA;NA;NA;NA;NA;NA;NA;NA;NA;NA;NA;NA;NA;NA;NA;NA;NA;NA;NA;NA;NA;NA;NA;NA;NA;NA;NA;NA;NA
PNA7RUIS;journalArticle;2024;"Pang, Yuwen; Räsänen, Aleksi; Wolff, Franziska; Tahvanainen, Teemu; Männikkö, Milja; Aurela, Mika; Korpelainen, Pasi; Kumpula, Timo; Virtanen, Tarmo";Comparing multispectral and hyperspectral UAV data for detecting peatland vegetation patterns;International Journal of Applied Earth Observation and Geoinformation;NA;15698432;10.1016/j.jag.2024.104043;https://linkinghub.elsevier.com/retrieve/pii/S1569843224003972;;2024-08;27.05.2025 07:10;27.05.2025 07:10;27.05.2025 07:09;104043;NA;;132;NA;International Journal of Applied Earth Observation and Geoinformation;;;NA;NA;NA;NA;NA;en;;NA;NA;NA;DOI.org (Crossref);NA;;NA;C:\Users\j_stee03\Zotero\storage\DAYWUI5Q\Pang et al. - 2024 - Comparing multispectral and hyperspectral UAV data.pdf;NA;NA;NA;;NA;NA;NA;NA;NA;NA;NA;NA;NA;NA;NA;NA;NA;NA;NA;NA;NA;NA;NA;NA;NA;NA;NA;NA;NA;NA;NA;NA;NA;NA;NA;NA;NA;NA;NA;NA;NA;NA;NA;NA;NA;NA;NA;NA;NA
SQMZ3GKV;journalArticle;2022;"Qian, Dawen; Li, Qian; Fan, Bo; Guo, Xiaowei; Du, Yangong; Cao, Guangmin";Landscape pattern changes across alpine shrub meadows gradient in warm-season pastures on the Qinghai-Tibet Plateau;Ecological Complexity;NA;1476945X;10.1016/j.ecocom.2022.100979;https://linkinghub.elsevier.com/retrieve/pii/S1476945X22000010;;2022-03;27.05.2025 07:10;27.05.2025 07:10;27.05.2025 07:09;100979;NA;;49;NA;Ecological Complexity;;;NA;NA;NA;NA;NA;en;;NA;NA;NA;DOI.org (Crossref);NA;;NA;C:\Users\j_stee03\Zotero\storage\A34XIGF9\Qian et al. - 2022 - Landscape pattern changes across alpine shrub mead.pdf;NA;NA;NA;;NA;NA;NA;NA;NA;NA;NA;NA;NA;NA;NA;NA;NA;NA;NA;NA;NA;NA;NA;NA;NA;NA;NA;NA;NA;NA;NA;NA;NA;NA;NA;NA;NA;NA;NA;NA;NA;NA;NA;NA;NA;NA;NA;NA;NA
NNFDTQIL;journalArticle;2023;"Wu, Songjun; Tetzlaff, Doerthe; Daempfling, Hauke; Soulsby, Chris";"Improved understanding of vegetation dynamics and wetland ecohydrology via monthly <span style=""font-variant:small-caps;"">UAV</span> ‐based classification";Hydrological Processes;NA;0885-6087, 1099-1085;10.1002/hyp.14988;https://onlinelibrary.wiley.com/doi/10.1002/hyp.14988;Abstract             Vegetation classification is an essential prerequisite for understanding vegetation‐water relations at a range of spatial scales. However, in site‐specific applications, such classifications were mostly based on a single Unmanned Aerial Vehicle (UAV) flight, which can be challenging in grasslands and/or herbaceous‐dominated systems, as those communities are small in size and highly mixed. Here, we conducted monthly UAV flights for two years in a riparian wetland in Germany, with acquired imagery used for vegetation classification on a monthly basis under different strategies (with or without auxiliary information from other flights) to increase understanding in ecohydrology. The results show that multi‐flight‐based classification outperformed single‐flight‐based classification due to the higher classification accuracy. Moreover, improved sensitivity of temporal changes in community distribution highlights the benefits of multi‐flight‐based classification ‐ providing a more comprehensive picture of community evolution. From reference to the monthly community distribution, we argue that a combination of two or three flights in early‐ and late‐summer is enough to achieve comparable results to monthly flights, while mid‐summer would be a better timing in case only one flight is scheduled. With such detailed vegetation mapping, we further interpreted the complex spatio‐temporal heterogeneity in NDVI and explored the dominant areas and developmental progress of each community. Impacts from management (mowing events) were also evaluated based on the different responses between communities in two years. Finally, we explored how such vegetation mapping could help understand landscape ecohydrology, and found that the spatio‐temporal distribution of minimal soil moisture was related to NDVI peaks of local community, while grass distribution was explained by both topography and low moisture conditions. Such bi‐directional relationships proved that apart from contributing to an evidence base for wetland management, multi‐flight UAV vegetation mapping could also provide fundamental insights into the ecohydrology of wetlands.;2023-09;27.05.2025 07:10;27.05.2025 07:10;27.05.2025 07:09;e14988;NA;9;37;NA;Hydrological Processes;"Improved understanding of vegetation dynamics and wetland ecohydrology via monthly <span style=""font-variant";;NA;NA;NA;NA;NA;en;;NA;NA;NA;DOI.org (Crossref);NA;;NA;C:\Users\j_stee03\Zotero\storage\R66P59EF\Wu et al. - 2023 - Improved understanding of vegetation dynamics and .pdf;NA;NA;NA;;NA;NA;NA;NA;NA;NA;NA;NA;NA;NA;NA;NA;NA;NA;NA;NA;NA;NA;NA;NA;NA;NA;NA;NA;NA;NA;NA;NA;NA;NA;NA;NA;NA;NA;NA;NA;NA;NA;NA;NA;NA;NA;NA;NA;NA
WBY9N9TT;journalArticle;2024;"Bazzo, Clara Oliva Gonçalves; Kamali, Bahareh; dos Santos Vianna, Murilo; Behrend, Dominik; Hueging, Hubert; Schleip, Inga; Mosebach, Paul; Haub, Almut; Behrendt, Axel; Gaiser, Thomas";Integration of UAV-sensed features using machine learning methods to assess species richness in wet grassland ecosystems;Ecological Informatics;NA;15749541;10.1016/j.ecoinf.2024.102813;https://linkinghub.elsevier.com/retrieve/pii/S1574954124003558;;2024-11;27.05.2025 07:10;27.05.2025 07:10;27.05.2025 07:09;102813;NA;;83;NA;Ecological Informatics;;;NA;NA;NA;NA;NA;en;;NA;NA;NA;DOI.org (Crossref);NA;;NA;C:\Users\j_stee03\Zotero\storage\FG45RF94\Bazzo et al. - 2024 - Integration of UAV-sensed features using machine l.pdf;NA;NA;NA;;NA;NA;NA;NA;NA;NA;NA;NA;NA;NA;NA;NA;NA;NA;NA;NA;NA;NA;NA;NA;NA;NA;NA;NA;NA;NA;NA;NA;NA;NA;NA;NA;NA;NA;NA;NA;NA;NA;NA;NA;NA;NA;NA;NA;NA
BJYIM7YX;journalArticle;2023;"Wang, Shengli; Bi, Yuge; Du, Jianmin; Zhang, Tao; Gao, Xinchao; Jin, Erdmt";The Unmanned Aerial Vehicle (UAV)-Based Hyperspectral Classification of Desert Grassland Plants in Inner Mongolia, China;Applied Sciences;NA;2076-3417;10.3390/app132212245;https://www.mdpi.com/2076-3417/13/22/12245;In recent years, grassland ecosystems have faced increasingly severe desertification, which has caused continuous changes in the vegetation composition in grassland ecosystems. Therefore, effective research on grassland plant taxa is crucial to exploring the process of grassland desertification. This study proposed a solution by constructing a UAV hyperspectral remote sensing system to collect the hyperspectral data of various species in desert grasslands. This approach overcomes the limitations of traditional grassland survey methods such as a low efficiency and insufficient spatial resolution. A streamlined 2D-CNN model with different feature enhancement modules was constructed, and an improved depth-separable convolution approach was used to classify the desert grassland plants. The model was compared with existing hyperspectral classification models, such as ResNet34 and DenseNet121, under the preprocessing condition of data downscaling by combining the variance and F-norm2. The results showed that the model outperformed the other models in terms of the overall classification accuracy, kappa coefficient, and memory occupied, achieving 99.216%, 98.735%, and 16.3 MB, respectively. This model could effectively classify desert grassland species. This method provides a new approach for monitoring grassland ecosystem degradation.;11.11.2023;27.05.2025 07:10;27.05.2025 07:10;27.05.2025 07:09;12245;NA;22;13;NA;Applied Sciences;;;NA;NA;NA;NA;NA;en;https://creativecommons.org/licenses/by/4.0/;NA;NA;NA;DOI.org (Crossref);NA;;NA;C:\Users\j_stee03\Zotero\storage\IJQFMBTX\Wang et al. - 2023 - The Unmanned Aerial Vehicle (UAV)-Based Hyperspect.pdf;NA;NA;NA;;NA;NA;NA;NA;NA;NA;NA;NA;NA;NA;NA;NA;NA;NA;NA;NA;NA;NA;NA;NA;NA;NA;NA;NA;NA;NA;NA;NA;NA;NA;NA;NA;NA;NA;NA;NA;NA;NA;NA;NA;NA;NA;NA;NA;NA
7TBQH5W5;journalArticle;2024;"Ogungbuyi, Michael Gbenga; Mohammed, Caroline; Fischer, Andrew M.; Turner, Darren; Whitehead, Jason; Harrison, Matthew Tom";Integration of Drone and Satellite Imagery Improves Agricultural Management Agility;Remote Sensing;NA;2072-4292;10.3390/rs16244688;https://www.mdpi.com/2072-4292/16/24/4688;Effective agricultural management hinges upon timely decision-making. Here, we evaluated whether drone and satellite imagery could improve real-time and remote monitoring of pasture management. Using unmanned aerial systems (UAS), we quantified grassland biomass through changes in sward height pre- and post-grazing by sheep. As optical spectral data from Sentinel-2 satellite imagery is often hindered by cloud contamination, we assessed whether machine learning could help improve the accuracy of pasture biomass prognostics. The calibration of UAS biomass using field measurements from sward height change through 3D photogrammetry resulted in an improved regression (R2 = 0.75, RMSE = 1240 kg DM/ha, and MAE = 980 kg DM/ha) compared with using the same field measurements with random forest-machine learning and Sentinel-2 imagery (R2 = 0.56, RMSE = 2140 kg DM/ha, and MAE = 1585 kg DM/ha). The standard error of the mean (SEM) for the field biomass, derived from UAS-measured sward height changes, was 1240 kg DM/ha. When UAS data were integrated with the Sentinel-2-random forest model, SEM reduced from 1642 kg DM/ha to 1473 kg DM/ha, demonstrating that integration of UAS data improved model accuracy. We show that modelled biomass from 3D photogrammetry has significantly higher accuracy than that predicted from Sentinel-2 imagery with random forest modelling (S2-RF). Our study demonstrates that timely, accurate quantification of pasture biomass is conducive to improved decision-making agility, and that coupling of UAS with satellite imagery may improve the accuracy and timeliness of agricultural biomass prognostics.;16.12.2024;27.05.2025 07:10;27.05.2025 07:10;27.05.2025 07:09;4688;NA;24;16;NA;Remote Sensing;;;NA;NA;NA;NA;NA;en;https://creativecommons.org/licenses/by/4.0/;NA;NA;NA;DOI.org (Crossref);NA;;NA;C:\Users\j_stee03\Zotero\storage\9KLPN2VW\Ogungbuyi et al. - 2024 - Integration of Drone and Satellite Imagery Improve.pdf;NA;NA;NA;;NA;NA;NA;NA;NA;NA;NA;NA;NA;NA;NA;NA;NA;NA;NA;NA;NA;NA;NA;NA;NA;NA;NA;NA;NA;NA;NA;NA;NA;NA;NA;NA;NA;NA;NA;NA;NA;NA;NA;NA;NA;NA;NA;NA;NA
4VY97PVZ;journalArticle;2024;"Langhammer, Jakub; Lendzioch, Theodora; Vlček, Lukáš";Montane peatland response to drought: Evidence from multispectral and thermal UAS monitoring;Ecological Indicators;NA;1470160X;10.1016/j.ecolind.2024.112587;https://linkinghub.elsevier.com/retrieve/pii/S1470160X24010446;;2024-10;27.05.2025 07:10;27.05.2025 07:10;27.05.2025 07:09;112587;NA;;167;NA;Ecological Indicators;Montane peatland response to drought;;NA;NA;NA;NA;NA;en;;NA;NA;NA;DOI.org (Crossref);NA;;NA;C:\Users\j_stee03\Zotero\storage\JBPATXHL\Langhammer et al. - 2024 - Montane peatland response to drought Evidence fro.pdf;NA;NA;NA;;NA;NA;NA;NA;NA;NA;NA;NA;NA;NA;NA;NA;NA;NA;NA;NA;NA;NA;NA;NA;NA;NA;NA;NA;NA;NA;NA;NA;NA;NA;NA;NA;NA;NA;NA;NA;NA;NA;NA;NA;NA;NA;NA;NA;NA
CVN86F9Y;journalArticle;2024;"Chen, Ang; Xu, Cong; Zhang, Min; Guo, Jian; Xing, Xiaoyu; Yang, Dong; Xu, Bin; Yang, Xiuchun";Cross-scale mapping of above-ground biomass and shrub dominance by integrating UAV and satellite data in temperate grassland;Remote Sensing of Environment;NA;344257;10.1016/j.rse.2024.114024;https://linkinghub.elsevier.com/retrieve/pii/S003442572400035X;;2024-04;27.05.2025 07:10;27.05.2025 07:10;27.05.2025 07:09;114024;NA;;304;NA;Remote Sensing of Environment;;;NA;NA;NA;NA;NA;en;;NA;NA;NA;DOI.org (Crossref);NA;;NA;C:\Users\j_stee03\Zotero\storage\PYTSK9WZ\Chen et al. - 2024 - Cross-scale mapping of above-ground biomass and sh.pdf;NA;NA;NA;;NA;NA;NA;NA;NA;NA;NA;NA;NA;NA;NA;NA;NA;NA;NA;NA;NA;NA;NA;NA;NA;NA;NA;NA;NA;NA;NA;NA;NA;NA;NA;NA;NA;NA;NA;NA;NA;NA;NA;NA;NA;NA;NA;NA;NA
ZNWI2843;journalArticle;2025;"Zheng, Bo; Shi, Yishao; Wang, Qian; Zheng, Jianwen; Lu, Jue";Fine Classification of Vegetation Under Complex Surface Cover Conditions with Hyperspectral and High-Spatial Resolution: A Case Study of the Xisha Area, Chongming District, Shanghai;Journal of the Indian Society of Remote Sensing;NA;0255-660X, 0974-3006;10.1007/s12524-025-02153-8;https://link.springer.com/10.1007/s12524-025-02153-8;Abstract                            Since both diversity and similarity exist among different vegetation types and since differences and similarities are reflected mainly in geometric morphology and in physical and chemical characteristics, the feedback signals of remote sensors can exhibit both similarities and differences. In vegetation remote sensing, the phenomenon of foreign bodies within the same spectrum is likely to occur. The complex mixed environment of land and water, which is a combination of cultivated land, wetland, woodland, and grassland areas, leads to the occurrence of such problems. In this case, relying on data with a high spatial resolution or high spectral resolution alone cannot effectively improve the accuracy of vegetation classification. Both hyperspectral and high spatial resolutions (H               2               , with both nanometre spectral resolution and submeter spatial resolution) can ensure that both morphological and spectral characteristics are considered when improving vegetation classification accuracy. In this paper, the Xisha wetland in Chongming and the surrounding cultivated land and forestland areas comprise the experimental area. H               2               images with both high spatial and high spectral resolutions were collected using an unmanned aerial vehicle platform. Forty-five plant cover types (and 10 non-vegetation features) were classified according to the spectral features of ground objects. The overall classification accuracy reached 97.86%, and the kappa coefficient reached 0.9725.;2025-05;27.05.2025 07:10;27.05.2025 07:10;27.05.2025 07:09;1615-1626;NA;5;53;NA;J Indian Soc Remote Sens;Fine Classification of Vegetation Under Complex Surface Cover Conditions with Hyperspectral and High-Spatial Resolution;;NA;NA;NA;NA;NA;en;;NA;NA;NA;DOI.org (Crossref);NA;;NA;C:\Users\j_stee03\Zotero\storage\PYQ9DCG7\Zheng et al. - 2025 - Fine Classification of Vegetation Under Complex Su.pdf;NA;NA;NA;;NA;NA;NA;NA;NA;NA;NA;NA;NA;NA;NA;NA;NA;NA;NA;NA;NA;NA;NA;NA;NA;NA;NA;NA;NA;NA;NA;NA;NA;NA;NA;NA;NA;NA;NA;NA;NA;NA;NA;NA;NA;NA;NA;NA;NA
AB2NSDIJ;journalArticle;2021;"Yang, Hongyan; Du, Jianmin";Classification of desert steppe species based on unmanned aerial vehicle hyperspectral remote sensing and continuum removal vegetation indices;Optik;NA;304026;10.1016/j.ijleo.2021.167877;https://linkinghub.elsevier.com/retrieve/pii/S003040262101456X;;2021-12;27.05.2025 07:10;27.05.2025 07:10;27.05.2025 07:09;167877;NA;;247;NA;Optik;;;NA;NA;NA;NA;NA;en;;NA;NA;NA;DOI.org (Crossref);NA;;NA;C:\Users\j_stee03\Zotero\storage\2JGSJSBS\Yang und Du - 2021 - Classification of desert steppe species based on u.pdf;NA;NA;NA;;NA;NA;NA;NA;NA;NA;NA;NA;NA;NA;NA;NA;NA;NA;NA;NA;NA;NA;NA;NA;NA;NA;NA;NA;NA;NA;NA;NA;NA;NA;NA;NA;NA;NA;NA;NA;NA;NA;NA;NA;NA;NA;NA;NA;NA
JAQGQ6CJ;journalArticle;2019;"Harvey, Mark C.; Hare, Danielle K.; Hackman, Alex; Davenport, Glorianna; Haynes, Adam B.; Helton, Ashley; Lane, John W.; Briggs, Martin A.";Evaluation of Stream and Wetland Restoration Using UAS-Based Thermal Infrared Mapping;Water;NA;2073-4441;10.3390/w11081568;https://www.mdpi.com/2073-4441/11/8/1568;"Large-scale wetland restoration often focuses on repairing the hydrologic connections degraded by anthropogenic modifications. Of these hydrologic connections, groundwater discharge is an important target, as these surface water ecosystem control points are important for thermal stability, among other ecosystem services. However, evaluating the effectiveness of the restoration activities on establishing groundwater discharge connection is often difficult over large areas and inaccessible terrain. Unoccupied aircraft systems (UAS) are now routinely used for collecting aerial imagery and creating digital surface models (DSM). Lightweight thermal infrared (TIR) sensors provide another payload option for generation of sub-meter-resolution aerial TIR orthophotos. This technology allows for the rapid and safe survey of groundwater discharge areas. Aerial TIR water-surface data were collected in March 2019 at Tidmarsh Farms, a former commercial cranberry peatland located in coastal Massachusetts, USA (41°54′17″ N 70°34′17″ W), where stream and wetland restoration actions were completed in 2016. Here, we present a 0.4 km2 georeferenced, temperature-calibrated TIR orthophoto of the area. The image represents a mosaic of nearly 900 TIR images captured by UAS in a single morning with a total flight time of 36 min and is supported by a DSM derived from UAS-visible imagery. The survey was conducted in winter to maximize temperature contrast between relatively warm groundwater and colder ambient surface environment; lower-density groundwater rises above cool surface waters and thus can be imaged by a UAS. The resulting TIR orthomosaic shows fine detail of seepage distribution and downstream influence along the several restored channel forms, which was an objective of the ecological restoration design. The restored stream channel has increased connectivity to peatland groundwater discharge, reducing the ecosystem thermal stressors. Such aerial techniques can be used to guide ecological restoration design and assess post-restoration outcomes, especially in settings where ecosystem structure and function is governed by groundwater and surface water interaction.";29.07.2019;27.05.2025 07:10;27.05.2025 07:10;27.05.2025 07:09;1568;NA;8;11;NA;Water;;;NA;NA;NA;NA;NA;en;https://creativecommons.org/licenses/by/4.0/;NA;NA;NA;DOI.org (Crossref);NA;;NA;C:\Users\j_stee03\Zotero\storage\VSG9GWR7\Harvey et al. - 2019 - Evaluation of Stream and Wetland Restoration Using.pdf;NA;NA;NA;;NA;NA;NA;NA;NA;NA;NA;NA;NA;NA;NA;NA;NA;NA;NA;NA;NA;NA;NA;NA;NA;NA;NA;NA;NA;NA;NA;NA;NA;NA;NA;NA;NA;NA;NA;NA;NA;NA;NA;NA;NA;NA;NA;NA;NA
3YIIDLK9;journalArticle;2023;"Zhu, Xiangbing; Bi, Yuge; Du, Jianmin; Gao, Xinchao; Zhang, Tao; Pi, Weiqiang; Zhang, Yanbin; Wang, Yuan; Zhang, Haijun";Research on deep learning method recognition and a classification model of grassland grass species based on unmanned aerial vehicle hyperspectral remote sensing;Grassland Science;NA;1744-6961, 1744-697X;10.1111/grs.12379;https://onlinelibrary.wiley.com/doi/10.1111/grs.12379;Abstract             Identifying grass species in grasslands based on unmanned aerial vehicle hyperspectral remote sensing is the basis and premise of hyperspectral remote sensing when applied to grassland degradation monitoring and research. The small targets and mixed pixels involved grass species identification in grasslands creates problems, making identification cumbersome and classification accuracy difficult. This study involved the construction of an unmanned aerial vehicle hyperspectral remote sensing system using hyperspectral data of grass species in desert habitats that had been collected under natural light. A multi‐resolution combined with a 1 × 1 feature map was formed by multiscale convolution, and grass species data were extracted from hyperspectral fine‐grained feature data from grasslands. A recognition and classification model for degradation indicator species CNN was constructed using max pooling to retain the maximum amount of feature detail and up‐sampling, reconstructing the feature space and feature fusion to smooth the edge texture of the data and enhance the weak data to alleviate the imbalance among samples. The results showed that the overall identification accuracy of the model for grassland species reached 98.78%, and the kappa coefficient reached 0.92, realizing the high‐precision identification of grassland species, which laid the foundation for grassland species detection and research based on unmanned aerial vehicle hyperspectral imagery. In addition, the proposed degradation indicator species CNN model provides a useful reference for the identification and classification of small targets with mixed pixels.;2023-01;27.05.2025 07:10;27.05.2025 07:10;27.05.2025 07:09;03. Nov;NA;1;69;NA;Grassland Science;;;NA;NA;NA;NA;NA;en;;NA;NA;NA;DOI.org (Crossref);NA;;NA;C:\Users\j_stee03\Zotero\storage\8492JHAY\Zhu et al. - 2023 - Research on deep learning method recognition and a.pdf;NA;NA;NA;;NA;NA;NA;NA;NA;NA;NA;NA;NA;NA;NA;NA;NA;NA;NA;NA;NA;NA;NA;NA;NA;NA;NA;NA;NA;NA;NA;NA;NA;NA;NA;NA;NA;NA;NA;NA;NA;NA;NA;NA;NA;NA;NA;NA;NA
BPPP34TG;journalArticle;2024;"Jin, Eerdoumutu; Du, Jianmin; Bi, Yuge; Wang, Shengli; Gao, Xinchao";Research on Classification of Grassland Degeneration Indicator Objects Based on UAV Hyperspectral Remote Sensing and 3D_RNet-O Model;Sensors;NA;1424-8220;10.3390/s24041114;https://www.mdpi.com/1424-8220/24/4/1114;Real-time and high-precision land cover classification is the foundation for efficient and quantitative research on grassland degradation using remote sensing techniques. In view of the shortcomings of manual surveying and satellite remote sensing, this study focuses on the identification and classification of grass species indicating grassland degradation. We constructed a UAV-based hyperspectral remote sensing system and collected field data in grassland areas. By applying artificial intelligence technology, we developed a 3D_RNet-O model based on convolutional neural networks, effectively addressing technical challenges in hyperspectral remote sensing identification and classification of grassland degradation indicators, such as low reflectance of vegetation, flat spectral curves, and sparse distribution. The results showed that the model achieved a classification accuracy of 99.05% by optimizing hyperparameter combinations based on improving residual block structures. The establishment of the UAV-based hyperspectral remote sensing system and the proposed 3D_RNet-O classification model provide possibilities for further research on low-altitude hyperspectral remote sensing in grassland ecology.;08.02.2024;27.05.2025 07:10;27.05.2025 07:10;27.05.2025 07:09;1114;NA;4;24;NA;Sensors;;;NA;NA;NA;NA;NA;en;https://creativecommons.org/licenses/by/4.0/;NA;NA;NA;DOI.org (Crossref);NA;;NA;C:\Users\j_stee03\Zotero\storage\G56SD9WB\Jin et al. - 2024 - Research on Classification of Grassland Degenerati.pdf;NA;NA;NA;;NA;NA;NA;NA;NA;NA;NA;NA;NA;NA;NA;NA;NA;NA;NA;NA;NA;NA;NA;NA;NA;NA;NA;NA;NA;NA;NA;NA;NA;NA;NA;NA;NA;NA;NA;NA;NA;NA;NA;NA;NA;NA;NA;NA;NA
RVH3EG6I;journalArticle;2019;"Melville, Bethany; Lucieer, Arko; Aryal, Jagannath";Classification of Lowland Native Grassland Communities Using Hyperspectral Unmanned Aircraft System (UAS) Imagery in the Tasmanian Midlands;Drones;NA;2504-446X;10.3390/drones3010005;https://www.mdpi.com/2504-446X/3/1/5;This paper presents the results of a study undertaken to classify lowland native grassland communities in the Tasmanian Midlands region. Data was collected using the 20 band hyperspectral snapshot PhotonFocus sensor mounted on an unmanned aerial vehicle. The spectral range of the sensor is 600 to 875 nm. Four vegetation classes were identified for analysis including Themeda triandra grassland, Wilsonia rotundifolia, Danthonia/Poa grassland, and Acacia dealbata. In addition to the hyperspectral UAS dataset, a Digital Surface Model (DSM) was derived using a structure-from-motion (SfM). Classification was undertaken using an object-based Random Forest (RF) classification model. Variable importance measures from the training model indicated that the DSM was the most significant variable. Key spectral variables included bands two (620.9 nm), four (651.1 nm), and 11 (763.2 nm) from the hyperspectral UAS imagery. Classification validation was performed using both the reference segments and the two transects. For the reference object validation, mean accuracies were between 70% and 72%. Classification accuracies based on the validation transects achieved a maximum overall classification accuracy of 93.;05.01.2019;27.05.2025 07:10;27.05.2025 07:10;27.05.2025 07:09;5;NA;1;3;NA;Drones;;;NA;NA;NA;NA;NA;en;https://creativecommons.org/licenses/by/4.0/;NA;NA;NA;DOI.org (Crossref);NA;;NA;C:\Users\j_stee03\Zotero\storage\J6BQT6ZN\Melville et al. - 2019 - Classification of Lowland Native Grassland Communi.pdf;NA;NA;NA;;NA;NA;NA;NA;NA;NA;NA;NA;NA;NA;NA;NA;NA;NA;NA;NA;NA;NA;NA;NA;NA;NA;NA;NA;NA;NA;NA;NA;NA;NA;NA;NA;NA;NA;NA;NA;NA;NA;NA;NA;NA;NA;NA;NA;NA
68BRZYCD;journalArticle;2024;"Torresani, Michele; Rocchini, Duccio; Ceola, Giada; de Vries, Jan Peter Reinier; Feilhauer, Hannes; Moudrý, Vítězslav; Bartholomeus, Harm; Perrone, Michela; Anderle, Matteo; Gamper, Hannes Andres; Chieffallo, Ludovico; Guatelli, Enrico; Gatti, Roberto Cazzolla; Kleijn, David";Grassland vertical height heterogeneity predicts flower and bee diversity: an UAV photogrammetric approach;Scientific Reports;NA;2045-2322;10.1038/s41598-023-50308-9;https://www.nature.com/articles/s41598-023-50308-9;Abstract                            The ecosystem services offered by pollinators are vital for supporting agriculture and ecosystem functioning, with bees standing out as especially valuable contributors among these insects. Threats such as habitat fragmentation, intensive agriculture, and climate change are contributing to the decline of natural bee populations. Remote sensing could be a useful tool to identify sites of high diversity before investing into more expensive field survey. In this study, the ability of Unoccupied Aerial Vehicles (UAV) images to estimate biodiversity at a local scale has been assessed while testing the concept of the Height Variation Hypothesis (HVH). This hypothesis states that the higher the vegetation height heterogeneity (HH) measured by remote sensing information, the higher the vegetation vertical complexity and the associated species diversity. In this study, the concept has been further developed to understand if vegetation HH can also be considered a proxy for bee diversity and abundance. We tested this approach in 30 grasslands in the South of the Netherlands, where an intensive field data campaign (collection of flower and bee diversity and abundance) was carried out in 2021, along with a UAV campaign (collection of true color-RGB-images at high spatial resolution). Canopy Height Models (CHM) of the grasslands were derived using the photogrammetry technique “Structure from Motion” (SfM) with horizontal resolution (spatial) of 10 cm, 25 cm, and 50 cm. The accuracy of the CHM derived from UAV photogrammetry was assessed by comparing them through linear regression against local CHM LiDAR (Light Detection and Ranging) data derived from an Airborne Laser Scanner campaign completed in 2020/2021, yielding an                                                   $$R^2$$                                                               R                       2                                                                                       of 0.71. Subsequently, the HH assessed on the CHMs at the three spatial resolutions, using four different heterogeneity indices (Rao’s Q, Coefficient of Variation, Berger–Parker index, and Simpson’s D index), was correlated with the ground-based flower and bee diversity and bee abundance data. The Rao’s Q index was the most effective heterogeneity index, reaching high correlations with the ground-based data (0.44 for flower diversity, 0.47 for bee diversity, and 0.34 for bee abundance). Interestingly, the correlations were not significantly influenced by the spatial resolution of the CHM derived from UAV photogrammetry. Our results suggest that vegetation height heterogeneity can be used as a proxy for large-scale, standardized, and cost-effective inference of flower diversity and habitat quality for bees.;08.01.2024;27.05.2025 07:10;27.05.2025 07:10;27.05.2025 07:09;809;NA;1;14;NA;Sci Rep;Grassland vertical height heterogeneity predicts flower and bee diversity;;NA;NA;NA;NA;NA;en;;NA;NA;NA;DOI.org (Crossref);NA;;NA;C:\Users\j_stee03\Zotero\storage\7SZMEIQU\Torresani et al. - 2024 - Grassland vertical height heterogeneity predicts f.pdf;NA;NA;NA;;NA;NA;NA;NA;NA;NA;NA;NA;NA;NA;NA;NA;NA;NA;NA;NA;NA;NA;NA;NA;NA;NA;NA;NA;NA;NA;NA;NA;NA;NA;NA;NA;NA;NA;NA;NA;NA;NA;NA;NA;NA;NA;NA;NA;NA
BTM3ZQWP;journalArticle;2019;"Prošek, Jiří; Šímová, Petra";UAV for mapping shrubland vegetation: Does fusion of spectral and vertical information derived from a single sensor increase the classification accuracy?;International Journal of Applied Earth Observation and Geoinformation;NA;15698432;10.1016/j.jag.2018.10.009;https://linkinghub.elsevier.com/retrieve/pii/S0303243418305981;;2019-03;27.05.2025 07:10;27.05.2025 07:10;27.05.2025 07:09;151-162;NA;;75;NA;International Journal of Applied Earth Observation and Geoinformation;UAV for mapping shrubland vegetation;;NA;NA;NA;NA;NA;en;;NA;NA;NA;DOI.org (Crossref);NA;;NA;C:\Users\j_stee03\Zotero\storage\25I9SQRB\Prošek und Šímová - 2019 - UAV for mapping shrubland vegetation Does fusion .pdf;NA;NA;NA;;NA;NA;NA;NA;NA;NA;NA;NA;NA;NA;NA;NA;NA;NA;NA;NA;NA;NA;NA;NA;NA;NA;NA;NA;NA;NA;NA;NA;NA;NA;NA;NA;NA;NA;NA;NA;NA;NA;NA;NA;NA;NA;NA;NA;NA
AQP8RSB5;journalArticle;2025;"Walcker, R.; Le Lay, C.; Gandois, L.; Elger, A.; Jassey, V.E.J.";High-resolution mapping of peatland CO2 fluxes using drone multispectral images;Ecological Informatics;NA;15749541;10.1016/j.ecoinf.2025.103060;https://linkinghub.elsevier.com/retrieve/pii/S157495412500069X;;2025-05;27.05.2025 07:10;27.05.2025 07:10;27.05.2025 07:09;103060;NA;;86;NA;Ecological Informatics;;;NA;NA;NA;NA;NA;en;;NA;NA;NA;DOI.org (Crossref);NA;;NA;C:\Users\j_stee03\Zotero\storage\F8W8I8HN\Walcker et al. - 2025 - High-resolution mapping of peatland CO2 fluxes usi.pdf;NA;NA;NA;;NA;NA;NA;NA;NA;NA;NA;NA;NA;NA;NA;NA;NA;NA;NA;NA;NA;NA;NA;NA;NA;NA;NA;NA;NA;NA;NA;NA;NA;NA;NA;NA;NA;NA;NA;NA;NA;NA;NA;NA;NA;NA;NA;NA;NA
4GBTVMPW;journalArticle;2024;"Sângeorzan, Dragomir D.; Păcurar, Florin; Reif, Albert; Weinacker, Holger; Rușdea, Evelyn; Vaida, Ioana; Rotar, Ioan";Detection and Quantification of Arnica montana L. Inflorescences in Grassland Ecosystems Using Convolutional Neural Networks and Drone-Based Remote Sensing;Remote Sensing;NA;2072-4292;10.3390/rs16112012;https://www.mdpi.com/2072-4292/16/11/2012;Arnica montana L. is a medicinal plant with significant conservation importance. It is crucial to monitor this species, ensuring its sustainable harvesting and management. The aim of this study is to develop a practical system that can effectively detect A. montana inflorescences utilizing unmanned aerial vehicles (UAVs) with RGB sensors (red–green–blue, visible light) to improve the monitoring of A. montana habitats during the harvest season. From a methodological point of view, a model was developed based on a convolutional neural network (CNN) ResNet101 architecture. The trained model offers quantitative and qualitative assessments of A. montana inflorescences detected in semi-natural grasslands using low-resolution imagery, with a correctable error rate. The developed prototype is applicable in monitoring a larger area in a short time by flying at a higher altitude, implicitly capturing lower-resolution images. Despite the challenges posed by shadow effects, fluctuating ground sampling distance (GSD), and overlapping vegetation, this approach revealed encouraging outcomes, particularly when the GSD value was less than 0.45 cm. This research highlights the importance of low-resolution image clarity, on the training data by the phenophase, and of the need for training across different photoperiods to enhance model flexibility. This innovative approach provides guidelines for mission planning in support of reaching sustainable management goals. The robustness of the model can be attributed to the fact that it has been trained with real-world imagery of semi-natural grassland, making it practical for fieldwork with accessible portable devices. This study confirms the potential of ResNet CNN models to transfer learning to new plant communities, contributing to the broader effort of using high-resolution RGB sensors, UAVs, and machine-learning technologies for sustainable management and biodiversity conservation.;03.06.2024;27.05.2025 07:10;27.05.2025 07:10;27.05.2025 07:09;2012;NA;11;16;NA;Remote Sensing;;;NA;NA;NA;NA;NA;en;https://creativecommons.org/licenses/by/4.0/;NA;NA;NA;DOI.org (Crossref);NA;;NA;C:\Users\j_stee03\Zotero\storage\JTYDYULU\Sângeorzan et al. - 2024 - Detection and Quantification of Arnica montana L. .pdf;NA;NA;NA;;NA;NA;NA;NA;NA;NA;NA;NA;NA;NA;NA;NA;NA;NA;NA;NA;NA;NA;NA;NA;NA;NA;NA;NA;NA;NA;NA;NA;NA;NA;NA;NA;NA;NA;NA;NA;NA;NA;NA;NA;NA;NA;NA;NA;NA
NFGH3DWX;journalArticle;2024;"Yin, Liubing; Yan, Shicheng; Li, Meng; Liu, Weizhe; Zhang, Shu; Xie, Xinyu; Wang, Xiaoxue; Wang, Wenting; Chang, Shenghua; Hou, Fujiang";Enhancing soil moisture estimation in alfalfa root-zone using UAV-based multimodal remote sensing and deep learning;European Journal of Agronomy;NA;11610301;10.1016/j.eja.2024.127366;https://linkinghub.elsevier.com/retrieve/pii/S1161030124002879;;2024-11;27.05.2025 07:10;27.05.2025 07:10;27.05.2025 07:09;127366;NA;;161;NA;European Journal of Agronomy;;;NA;NA;NA;NA;NA;en;;NA;NA;NA;DOI.org (Crossref);NA;;NA;C:\Users\j_stee03\Zotero\storage\NPL2BKLG\Yin et al. - 2024 - Enhancing soil moisture estimation in alfalfa root.pdf;NA;NA;NA;;NA;NA;NA;NA;NA;NA;NA;NA;NA;NA;NA;NA;NA;NA;NA;NA;NA;NA;NA;NA;NA;NA;NA;NA;NA;NA;NA;NA;NA;NA;NA;NA;NA;NA;NA;NA;NA;NA;NA;NA;NA;NA;NA;NA;NA
2V6SQF47;journalArticle;2018;"Tay, Jessica Y. L.; Erfmeier, Alexandra; Kalwij, Jesse M.";Reaching new heights: can drones replace current methods to study plant population dynamics?;Plant Ecology;NA;1385-0237, 1573-5052;10.1007/s11258-018-0865-8;http://link.springer.com/10.1007/s11258-018-0865-8;;2018-10;27.05.2025 07:10;27.05.2025 07:10;27.05.2025 07:09;1139-1150;NA;10;219;NA;Plant Ecol;Reaching new heights;;NA;NA;NA;NA;NA;en;;NA;NA;NA;DOI.org (Crossref);NA;;NA;C:\Users\j_stee03\Zotero\storage\3IYH2Y2T\Tay et al. - 2018 - Reaching new heights can drones replace current m.pdf;NA;NA;NA;;NA;NA;NA;NA;NA;NA;NA;NA;NA;NA;NA;NA;NA;NA;NA;NA;NA;NA;NA;NA;NA;NA;NA;NA;NA;NA;NA;NA;NA;NA;NA;NA;NA;NA;NA;NA;NA;NA;NA;NA;NA;NA;NA;NA;NA
PR78LM92;journalArticle;2025;"Yang, Yifeng; Zhang, Mengjie; Li, Jingsi; Wang, Xu; Yan, Yuchun; Xin, Xiaoping; Xu, Dawei";The performance of a canopy relative height model (CRHM) in natural grassland aboveground biomass estimation using unmanned aerial vehicle data;Computers and Electronics in Agriculture;NA;1681699;10.1016/j.compag.2025.110137;https://linkinghub.elsevier.com/retrieve/pii/S0168169925002431;;2025-06;27.05.2025 07:10;27.05.2025 07:10;27.05.2025 07:09;110137;NA;;233;NA;Computers and Electronics in Agriculture;;;NA;NA;NA;NA;NA;en;;NA;NA;NA;DOI.org (Crossref);NA;;NA;C:\Users\j_stee03\Zotero\storage\R9V8SGII\Yang et al. - 2025 - The performance of a canopy relative height model .pdf;NA;NA;NA;;NA;NA;NA;NA;NA;NA;NA;NA;NA;NA;NA;NA;NA;NA;NA;NA;NA;NA;NA;NA;NA;NA;NA;NA;NA;NA;NA;NA;NA;NA;NA;NA;NA;NA;NA;NA;NA;NA;NA;NA;NA;NA;NA;NA;NA
N25FF8K2;journalArticle;2025;"Song, Zhenqi; Lu, Yuefeng; Yuan, Jinhui; Lu, Miao; Qin, Yong; Sun, Dengkuo; Ding, Ziqi";Research on Desertification Monitoring and Vegetation Refinement Extraction Methods Based on the Synergy of Multisource Remote Sensing Imagery;IEEE Transactions on Geoscience and Remote Sensing;NA;0196-2892, 1558-0644;10.1109/TGRS.2025.3542800;https://ieeexplore.ieee.org/document/10891531/;;2025;27.05.2025 07:10;27.05.2025 07:10;27.05.2025 07:09;Jan 19;NA;;63;NA;IEEE Trans. Geosci. Remote Sensing;;;NA;NA;NA;NA;NA;;https://ieeexplore.ieee.org/Xplorehelp/downloads/license-information/IEEE.html;NA;NA;NA;DOI.org (Crossref);NA;;NA;C:\Users\j_stee03\Zotero\storage\42WDBMNH\Song et al. - 2025 - Research on Desertification Monitoring and Vegetat.pdf;NA;NA;NA;;NA;NA;NA;NA;NA;NA;NA;NA;NA;NA;NA;NA;NA;NA;NA;NA;NA;NA;NA;NA;NA;NA;NA;NA;NA;NA;NA;NA;NA;NA;NA;NA;NA;NA;NA;NA;NA;NA;NA;NA;NA;NA;NA;NA;NA
RDP2M4R9;journalArticle;2011;"Breckenridge, Robert P.; Dakins, Maxine E.";Evluation of Bare Ground on Rangelands Using Unmanned Aerial Vehicles: A Case Study;GIScience & Remote Sensing;NA;1548-1603, 1943-7226;10.2747/1548-1603.48.1.74;https://www.tandfonline.com/doi/full/10.2747/1548-1603.48.1.74;;2011-01;27.05.2025 07:10;27.05.2025 07:10;27.05.2025 07:09;74-85;NA;1;48;NA;GIScience & Remote Sensing;Evluation of Bare Ground on Rangelands Using Unmanned Aerial Vehicles;;NA;NA;NA;NA;NA;en;;NA;NA;NA;DOI.org (Crossref);NA;;NA;C:\Users\j_stee03\Zotero\storage\3HW9MPNA\Breckenridge und Dakins - 2011 - Evluation of Bare Ground on Rangelands Using Unman.pdf;NA;NA;NA;;NA;NA;NA;NA;NA;NA;NA;NA;NA;NA;NA;NA;NA;NA;NA;NA;NA;NA;NA;NA;NA;NA;NA;NA;NA;NA;NA;NA;NA;NA;NA;NA;NA;NA;NA;NA;NA;NA;NA;NA;NA;NA;NA;NA;NA
J2G2F3UT;journalArticle;2024;"Wolff, Franziska; Lorenz, Sandra; Korpelainen, Pasi; Eltner, Anette; Kumpula, Timo";UAV and field hyperspectral imaging for Sphagnum discrimination and vegetation modelling in Finnish aapa mires;International Journal of Applied Earth Observation and Geoinformation;NA;15698432;10.1016/j.jag.2024.104201;https://linkinghub.elsevier.com/retrieve/pii/S1569843224005570;;2024-11;27.05.2025 07:10;27.05.2025 07:10;27.05.2025 07:09;104201;NA;;134;NA;International Journal of Applied Earth Observation and Geoinformation;;;NA;NA;NA;NA;NA;en;;NA;NA;NA;DOI.org (Crossref);NA;;NA;C:\Users\j_stee03\Zotero\storage\BP3FCW47\Wolff et al. - 2024 - UAV and field hyperspectral imaging for Sphagnum d.pdf;NA;NA;NA;;NA;NA;NA;NA;NA;NA;NA;NA;NA;NA;NA;NA;NA;NA;NA;NA;NA;NA;NA;NA;NA;NA;NA;NA;NA;NA;NA;NA;NA;NA;NA;NA;NA;NA;NA;NA;NA;NA;NA;NA;NA;NA;NA;NA;NA
XZ9YZN3I;journalArticle;2024;"Meng, Xia; Kooijman, Annemieke; Anders, Niels; de Boer, Thijs; Cammeraat, Erik";Sediment connectivity and sediment yield on semi-arid slopes: Integration of unmanned aerial vehicles imagery and field measurements;CATENA;NA;3418162;10.1016/j.catena.2024.107842;https://linkinghub.elsevier.com/retrieve/pii/S0341816224000407;;2024-04;27.05.2025 07:10;27.05.2025 07:10;27.05.2025 07:09;107842;NA;;238;NA;CATENA;Sediment connectivity and sediment yield on semi-arid slopes;;NA;NA;NA;NA;NA;en;;NA;NA;NA;DOI.org (Crossref);NA;;NA;C:\Users\j_stee03\Zotero\storage\QB6KM3AR\Meng et al. - 2024 - Sediment connectivity and sediment yield on semi-a.pdf;NA;NA;NA;;NA;NA;NA;NA;NA;NA;NA;NA;NA;NA;NA;NA;NA;NA;NA;NA;NA;NA;NA;NA;NA;NA;NA;NA;NA;NA;NA;NA;NA;NA;NA;NA;NA;NA;NA;NA;NA;NA;NA;NA;NA;NA;NA;NA;NA
MB9N3UC2;journalArticle;2020;"Liu, Jia; Chen, Jianjun; Qin, Qiaoting; You, Haotian; Han, Xiaowen; Zhou, Guoqing";Patch Pattern and Ecological Risk Assessment of Alpine Grassland in the Source Region of the Yellow River;Remote Sensing;NA;2072-4292;10.3390/rs12203460;https://www.mdpi.com/2072-4292/12/20/3460;The source region of the Yellow River (SRYR) is an important water conservation and animal husbandry resource in China. It is of great significance to understand the patch pattern and ecological risk of alpine grassland in the SRYR for ecological environment management. This study first used 12 unmanned aerial vehicle (UAV) aerial images and eight moderate resolution imaging spectroradiometer (MODIS) vegetation index product MOD13Q1 images from July to August in 2019 to extract alpine grassland patch patterns in the SRYR, then constructed an ecological risk model based on the landscape vulnerability index and landscape disturbance index, and finally combined spatial self-reliance correlation and semi-variance analysis methods to explore the spatial distribution of ecological risks. The results showed that the patch fragmentation degree (Pi), area weighted shape index (AWMSI), and separation degree (Si) of the four grassland types in the SRYR are ordered as follows: alpine steppe > degraded meadow > alpine meadow > swamp meadow. Moreover, the greater the fractional vegetation cover (FVC), the greater the landscape dominance index (DOi), and the better the ecosystem stability. The spatial difference of ecological risk in the SRYR shows a situation of low risk in the east (ERImin=1.5355) and high risk in the west (ERImax = 70.6429). High FVC was found in low and mild low risk areas where the vegetation types are mainly swamp meadow and shrub, while low FVC was found in high and mild high-risk areas where the vegetation types are mainly alpine steppe and degraded meadow. The spatial distribution of ecological risk of the SRYR has obvious positive spatial correlation (Moran's I = 0.863), the spatial aggregation distribution is distinct, and the local space has significant high-high aggregation and low–low aggregation phenomena. The results of this study reveal that patch characteristics have good indicative significance for alpine grassland ecological protection and should be considered in future studies. In addition, the ecological risk in the SRYR is relatively high, especially in the western region, which should be taken seriously in future ecological management and governance.;21.10.2020;27.05.2025 07:10;27.05.2025 07:10;27.05.2025 07:09;3460;NA;20;12;NA;Remote Sensing;;;NA;NA;NA;NA;NA;en;https://creativecommons.org/licenses/by/4.0/;NA;NA;NA;DOI.org (Crossref);NA;;NA;C:\Users\j_stee03\Zotero\storage\2YN8E8KP\Liu et al. - 2020 - Patch Pattern and Ecological Risk Assessment of Al.pdf;NA;NA;NA;;NA;NA;NA;NA;NA;NA;NA;NA;NA;NA;NA;NA;NA;NA;NA;NA;NA;NA;NA;NA;NA;NA;NA;NA;NA;NA;NA;NA;NA;NA;NA;NA;NA;NA;NA;NA;NA;NA;NA;NA;NA;NA;NA;NA;NA
7LYR4XT9;journalArticle;2024;"Steenvoorden, Jasper; Leestemaker, Nina; Kooij, Daniël; Crowley, William; Fernandez, Fernando; Schouten, M.G.C.; Limpens, Juul";Towards standardised large-scale monitoring of peatland habitats through fine-scale drone-derived vegetation mapping;Ecological Indicators;NA;1470160X;10.1016/j.ecolind.2024.112265;https://linkinghub.elsevier.com/retrieve/pii/S1470160X24007222;;2024-09;27.05.2025 07:10;27.05.2025 07:10;27.05.2025 07:09;112265;NA;;166;NA;Ecological Indicators;;;NA;NA;NA;NA;NA;en;;NA;NA;NA;DOI.org (Crossref);NA;;NA;C:\Users\j_stee03\Zotero\storage\HRJQHGIX\Steenvoorden et al. - 2024 - Towards standardised large-scale monitoring of pea.pdf;NA;NA;NA;;NA;NA;NA;NA;NA;NA;NA;NA;NA;NA;NA;NA;NA;NA;NA;NA;NA;NA;NA;NA;NA;NA;NA;NA;NA;NA;NA;NA;NA;NA;NA;NA;NA;NA;NA;NA;NA;NA;NA;NA;NA;NA;NA;NA;NA
BIW9UX4X;journalArticle;2024;"Evstatiev, Boris; Valova, Irena; Kaneva, Tsvetelina; Valov, Nikolay; Sevov, Atanas; Stanchev, Georgi; Komitov, Georgi; Zhelyazkova, Tsenka; Gerdzhikova, Mariya; Todorova, Mima; Grozeva, Neli; Saliev, Durhan; Damyanov, Iliyan";Identification of Pasture Degradation Using Remote Sensing Data and Machine Learning: A Case Study of Obichnik;Applied Sciences;NA;2076-3417;10.3390/app14177599;https://www.mdpi.com/2076-3417/14/17/7599;The degradation of pastures and meadows is a global problem with a wide range of impacts. It affects farmers in different ways, such as decreases in cattle production, milk yield, and forage quality. Still, it also has other side effects, such as loss of biodiversity, loss of resources, etc. In this study, the degradation of a semi-natural pasture near the village of Obichnik, Bulgaria, was evaluated using machine learning algorithms, and an unmanned aerial vehicle (UAV) obtained visual spectrum images. A high-quality (HQ) orthomosaic of the area was created and numerous regions of interest were manually marked for training and validation purposes. Three machine learning algorithms were used—Maximum likelihood, Random trees (RT), and Support Vector Machine (SVM). Furthermore, object-based and pixel-based approaches were utilized. The obtained results indicate that the object-based RT and SVM models provide significantly better accuracy, with their Cohen’s Kappa reaching 0.86 and 0.82, respectively. The performed classification showed that approximately 61% of the investigated pasture area is covered with grass, which indicates light-to-medium degradation.;28.08.2024;27.05.2025 07:10;27.05.2025 07:10;27.05.2025 07:09;7599;NA;17;14;NA;Applied Sciences;Identification of Pasture Degradation Using Remote Sensing Data and Machine Learning;;NA;NA;NA;NA;NA;en;https://creativecommons.org/licenses/by/4.0/;NA;NA;NA;DOI.org (Crossref);NA;;NA;C:\Users\j_stee03\Zotero\storage\Q96SJ46D\Evstatiev et al. - 2024 - Identification of Pasture Degradation Using Remote.pdf;NA;NA;NA;;NA;NA;NA;NA;NA;NA;NA;NA;NA;NA;NA;NA;NA;NA;NA;NA;NA;NA;NA;NA;NA;NA;NA;NA;NA;NA;NA;NA;NA;NA;NA;NA;NA;NA;NA;NA;NA;NA;NA;NA;NA;NA;NA;NA;NA
R6IUWQS7;journalArticle;2024;"Wen, Hefei; Zhang, Yong; Wang, Xiumei; Wang, Ruochen; Wu, Wenbo; Dong, Jianjun";Inversion study of the meadow steppe above-ground biomass based on ground and airborne hyperspectral data;Geocarto International;NA;1010-6049, 1752-0762;10.1080/10106049.2024.2370304;https://www.tandfonline.com/doi/full/10.1080/10106049.2024.2370304;;2024-01;27.05.2025 07:10;27.05.2025 07:10;27.05.2025 07:09;2370304;NA;1;39;NA;Geocarto International;;;NA;NA;NA;NA;NA;en;;NA;NA;NA;DOI.org (Crossref);NA;;NA;C:\Users\j_stee03\Zotero\storage\QD6YGPI6\Wen et al. - 2024 - Inversion study of the meadow steppe above-ground .pdf;NA;NA;NA;;NA;NA;NA;NA;NA;NA;NA;NA;NA;NA;NA;NA;NA;NA;NA;NA;NA;NA;NA;NA;NA;NA;NA;NA;NA;NA;NA;NA;NA;NA;NA;NA;NA;NA;NA;NA;NA;NA;NA;NA;NA;NA;NA;NA;NA
9ZVT3FZV;journalArticle;2024;"Buckland-Nicks, Michael; Porter, Caitlin; Lundholm, Jeremy";Spatial distributions and edge relationships of plant communities in coastal barrens in Nova Scotia, Canada;Perspectives in Plant Ecology, Evolution and Systematics;NA;14338319;10.1016/j.ppees.2024.125823;https://linkinghub.elsevier.com/retrieve/pii/S1433831924000465;;2024-11;27.05.2025 07:10;27.05.2025 07:10;27.05.2025 07:09;125823;NA;;65;NA;Perspectives in Plant Ecology, Evolution and Systematics;;;NA;NA;NA;NA;NA;en;;NA;NA;NA;DOI.org (Crossref);NA;;NA;C:\Users\j_stee03\Zotero\storage\ZALDW7FK\Buckland-Nicks et al. - 2024 - Spatial distributions and edge relationships of pl.pdf;NA;NA;NA;;NA;NA;NA;NA;NA;NA;NA;NA;NA;NA;NA;NA;NA;NA;NA;NA;NA;NA;NA;NA;NA;NA;NA;NA;NA;NA;NA;NA;NA;NA;NA;NA;NA;NA;NA;NA;NA;NA;NA;NA;NA;NA;NA;NA;NA
5XQZBA7U;journalArticle;2024;"Bretas, Igor L.; Dubeux, Jose C. B.; Zhao, Chang; Queiroz, Luana M. D.; Flynn, Scott; Ingram, Sam; Oduor, Kenneth T.; Cruz, Priscila J. R.; Ruiz‐Moreno, Martin; Loures, Daniele R. S.; Valente, Domingos S. M.; Chizzotti, Fernanda H. M.";Detection and mapping of <i>Amaranthus spinosus</i> L. in bermudagrass pastures using drone imagery and deep learning for a site‐specific weed management;Agronomy Journal;NA;0002-1962, 1435-0645;10.1002/agj2.21545;https://acsess.onlinelibrary.wiley.com/doi/10.1002/agj2.21545;Abstract                            Weed encroachment negatively affects pasture productivity by reducing herbage allowance, stocking rates, and livestock performance.               Amaranthus spinosus               L. is a weed species widely found in pastures worldwide and is considered challenging for ranchers due to its great potential for invasion, making it difficult to control. The high costs of chemical application and the global concern about environmental impacts restrict indiscriminate herbicide spraying in pastures. Site‐specific weed management (SSWM) is a weed management strategy based on weed spot‐spraying that has the potential to overcome these issues. Images from unmanned aerial vehicles (UAVs) can provide valuable information for weed mapping to drive the herbicide application in pastures. Deep learning techniques have been highlighted in image classification tasks. We developed a deep convolutional neural network (CNN)‐based image segmentation model based on the U‐Net architecture to detect and map               Amaranthus spinosus               in bermudagrass pastures using red–green–blue images acquired through UAV flying in moderate‐high altitude. The images were acquired from twelve paddocks under three treatments (weed‐free, weed‐strips, or weed‐infested) during the summer (2021‐2022). The CNN model was able to detect around 80% of the               A               .               spinosus               with an average prediction accuracy of 94%. Our weed mapping showed the potential of using the U‐Net model to generate a herbicide application map to be inserted into the sprayer system, reducing up to 76% of the amount of herbicide applied. Further studies are encouraged to increase the robustness of the model across species and development stages and develop sprayer systems to implement the spot‐spraying in field conditions.                        ,              Core Ideas                                                                Low‐cost red–green–blue images obtained by drones are useful for weed detection in pastures.                                                                          Deep convolutional neural network can detect up to 80% of                     Amaranthus spinosus                     L. in pastures accurately.                                                                        Remote sensing–based weed mapping enables site‐specific weed management in pastures.                                                     Spot‐spraying of herbicides reduces weed control costs by up to 40% in heavily infested pastures.                                                     Site‐specific weed management is a promising tool to mitigate the environmental impacts of grazing systems.;2024-05;27.05.2025 07:10;27.05.2025 07:10;27.05.2025 07:09;990-1002;NA;3;116;NA;Agronomy Journal;;;NA;NA;NA;NA;NA;en;;NA;NA;NA;DOI.org (Crossref);NA;;NA;C:\Users\j_stee03\Zotero\storage\KFMCIN5C\Bretas et al. - 2024 - Detection and mapping of Amaranthus spinosusi.pdf;NA;NA;NA;;NA;NA;NA;NA;NA;NA;NA;NA;NA;NA;NA;NA;NA;NA;NA;NA;NA;NA;NA;NA;NA;NA;NA;NA;NA;NA;NA;NA;NA;NA;NA;NA;NA;NA;NA;NA;NA;NA;NA;NA;NA;NA;NA;NA;NA
F93329PI;journalArticle;2025;"Šrollerů, Alex; Potůčková, Markéta";Evaluating the applicability of high-density UAV LiDAR data for monitoring tundra grassland vegetation;International Journal of Remote Sensing;NA;0143-1161, 1366-5901;10.1080/01431161.2024.2383381;https://www.tandfonline.com/doi/full/10.1080/01431161.2024.2383381;;02.01.2025;27.05.2025 07:10;27.05.2025 07:10;27.05.2025 07:09;42-76;NA;1;46;NA;International Journal of Remote Sensing;;;NA;NA;NA;NA;NA;en;;NA;NA;NA;DOI.org (Crossref);NA;;NA;C:\Users\j_stee03\Zotero\storage\GYAKXPF4\Šrollerů und Potůčková - 2025 - Evaluating the applicability of high-density UAV L.pdf;NA;NA;NA;;NA;NA;NA;NA;NA;NA;NA;NA;NA;NA;NA;NA;NA;NA;NA;NA;NA;NA;NA;NA;NA;NA;NA;NA;NA;NA;NA;NA;NA;NA;NA;NA;NA;NA;NA;NA;NA;NA;NA;NA;NA;NA;NA;NA;NA
DLIYN5KJ;journalArticle;2024;"Wang, Hong; Feng, Chunyong; Li, Xiaobing; Yang, Yalei; Zhang, Yao; Su, Jingru; Luo, Dingsheng; Wei, Dandan; He, Yixiao";Plant Species Diversity Assessment in the Temperate Grassland Region of China Using UAV Hyperspectral Remote Sensing;Diversity;NA;1424-2818;10.3390/d16120775;https://www.mdpi.com/1424-2818/16/12/775;Biodiversity conservation is a critical environmental challenge, with accurate assessment being essential for conservation efforts. This study addresses the limitations of current plant diversity assessment methods, particularly in recognizing mixed and stunted grass species, by developing an enhanced species recognition approach using unmanned aerial vehicle (UAV) hyperspectral data and deep learning models in the steppe region of Xilinhot, Inner Mongolia. We compared five models—support vector machine (SVM), two-dimensional convolutional neural network (2D-CNN), three-dimensional convolutional neural network (3D-CNN), hybrid spectral CNN (HybridSN), and the improved HybridSN+—for grass species identification. The results show that SVM and 2D-CNN models have relatively poor recognition effects on mixed distribution and stunted individuals, while HybridSN and HybridSN+ models can effectively identify important grass species in the region, and the recognition accuracy of the HybridSN+ model can reach 96.45 (p < 0.05). Notably, the 3D-CNN model’s recognition performance was inferior to the HybridSN model, especially for densely populated and smaller grass species. The HybridSN+ model, optimized from the HybridSN model, demonstrated improved recognition performance for smaller grass species individuals under equivalent conditions, leading to a discernible enhancement in overall accuracy (OA). Diversity indices (Shannon–Wiener diversity, Simpson diversity, and Pielou evenness) were calculated using the identification results from the HybridSN+ model, and spatial distribution maps were generated for each index. A comparative analysis with diversity indices derived from ground survey data revealed a strong correlation and consistency, with minimal differences between the two methods. This study provides a feasible technical approach for efficient and meticulous biodiversity assessment, offering crucial scientific references for regional biodiversity conservation, management, and restoration.;20.12.2024;27.05.2025 07:10;27.05.2025 07:10;27.05.2025 07:09;775;NA;12;16;NA;Diversity;;;NA;NA;NA;NA;NA;en;https://creativecommons.org/licenses/by/4.0/;NA;NA;NA;DOI.org (Crossref);NA;;NA;C:\Users\j_stee03\Zotero\storage\VIQHEE2K\Wang et al. - 2024 - Plant Species Diversity Assessment in the Temperat.pdf;NA;NA;NA;;NA;NA;NA;NA;NA;NA;NA;NA;NA;NA;NA;NA;NA;NA;NA;NA;NA;NA;NA;NA;NA;NA;NA;NA;NA;NA;NA;NA;NA;NA;NA;NA;NA;NA;NA;NA;NA;NA;NA;NA;NA;NA;NA;NA;NA
GU643WDP;journalArticle;2025;"Anadon‐Rosell, Alba; Dombrowsky, Melanie; Kreyling, Jürgen; Blindow, Irmgard; Dahlke, Sven; Dahms, Tobias; Räder, Felix; Vogelsang, Leonie; Scharnweber, Tobias";Dieback of <i>Calluna vulgaris</i> in a Coastal Heathland After the 2018 Extreme Drought;Journal of Vegetation Science;NA;1100-9233, 1654-1103;10.1111/jvs.70024;https://onlinelibrary.wiley.com/doi/10.1111/jvs.70024;ABSTRACT                            Aims                                Central and northern Europe experienced extremely dry conditions in 2018, which caused dieback events in many ecosystems, including coastal heathlands. Our aim was to determine the causes of the varying drought responses observed in                                    Calluna vulgaris                                  on the Baltic island of Hiddensee after this extreme drought.                                                        Location               Island of Hiddensee, Baltic Sea, NE Germany.                                         Methods                                We assessed heathland community damage in autumn 2018 and 2019 with drone‐based remote sensing. In addition, we measured water table depths and excavated root samples of                                    C. vulgaris                                  . In 2019, we sampled neighboring                                    C. vulgaris                                  individuals showing contrasting vitality statuses (dead, weakened or healthy), measured their height and canopy width, and prepared cross‐sections of the main stem at the root collar or soil surface level to count and measure their xylem rings. We also assessed climate‐growth correlations in these individuals.                                                        Results                                An 8.0% of all heathland plants showed damage in 2018, while this value decreased to 6.6% in 2019. Only 18% of the plants showing damage in 2018 recovered in 2019. Plant damage was positively related to elevation. Groundwater measurements showed that water table depth dropped below                                    C. vulgaris                                  rooting depth during 2018 and 2019. Healthy plants were taller and had a larger crown area than neighboring weakened and dead individuals, but they did not differ in age nor in previous years' growth.                                    C. vulgaris                                  growth was positively correlated with June and July precipitation.                                                        Conclusions                                Our study evidences the negative impacts of extreme droughts on                                    C. vulgaris                                  in coastal heathlands, especially in individuals growing in elevated areas and/or relatively small‐sized, and emphasizes the need for adapting heathland management planning accordingly.;2025-03;27.05.2025 07:10;27.05.2025 07:10;27.05.2025 07:09;e70024;NA;2;36;NA;J Vegetation Science;;;NA;NA;NA;NA;NA;en;;NA;NA;NA;DOI.org (Crossref);NA;;NA;C:\Users\j_stee03\Zotero\storage\AG7SL4X4\Anadon‐Rosell et al. - 2025 - Dieback of Calluna vulgaris in a Coastal He.pdf;NA;NA;NA;;NA;NA;NA;NA;NA;NA;NA;NA;NA;NA;NA;NA;NA;NA;NA;NA;NA;NA;NA;NA;NA;NA;NA;NA;NA;NA;NA;NA;NA;NA;NA;NA;NA;NA;NA;NA;NA;NA;NA;NA;NA;NA;NA;NA;NA
DLJECEH7;journalArticle;2023;"Rozenberg, Gal; Dias, José Luiz C. S.; Anderson, Wesley M.; Sellers, Brent A.; Boughton, Raoul K.; Piccolo, Matheus B.; Blank, Lior";Using a low-cost unmanned aerial vehicle for mapping giant smutgrass in bahiagrass pastures;Precision Agriculture;NA;1385-2256, 1573-1618;10.1007/s11119-022-09982-4;https://link.springer.com/10.1007/s11119-022-09982-4;;2023-06;27.05.2025 07:10;27.05.2025 07:10;27.05.2025 07:09;971-985;NA;3;24;NA;Precision Agric;;;NA;NA;NA;NA;NA;en;;NA;NA;NA;DOI.org (Crossref);NA;;NA;C:\Users\j_stee03\Zotero\storage\X2TWCBWL\Rozenberg et al. - 2023 - Using a low-cost unmanned aerial vehicle for mappi.pdf;NA;NA;NA;;NA;NA;NA;NA;NA;NA;NA;NA;NA;NA;NA;NA;NA;NA;NA;NA;NA;NA;NA;NA;NA;NA;NA;NA;NA;NA;NA;NA;NA;NA;NA;NA;NA;NA;NA;NA;NA;NA;NA;NA;NA;NA;NA;NA;NA
JDINTG7K;journalArticle;2024;"Stern, Michelle; Ferrell, Ryan; Flint, Lorraine; Kozanitas, Melina; Ackerly, David; Elston, Jack; Stachura, Maciej; Dai, Eryan; Thorne, James";Fine-scale surficial soil moisture mapping using UAS-based L-band remote sensing in a mixed oak-grassland landscape;Frontiers in Remote Sensing;NA;2673-6187;10.3389/frsen.2024.1337953;https://www.frontiersin.org/articles/10.3389/frsen.2024.1337953/full;Soil moisture maps provide quantitative information that, along with climate and energy balance, is critical to integrate with hydrologic processes for characterizing landscape conditions. However, soil moisture maps are difficult to produce for natural landscapes because of vegetation cover and complex topography. Satellite-based L-band microwave sensors are commonly used to develop spatial soil moisture data products, but most existing L-band satellites provide only coarse scale (one to tens of kilometers grid size), information that is unsuitable for measuring soil moisture variation at hillslope or watershed-scales. L-band sensors are typically deployed on satellite platforms and aircraft but have been too large to deploy on small uncrewed aircraft systems (UAS). There is a need for greater spatial resolution and development of effective measures of soil moisture across a variety of natural vegetation types. To address these challenges, a novel UAS-based L-band radiometer system was evaluated that has recently been tested in agricultural settings. In this study, L-band UAS was used to map soil moisture at 3–50-m (m) resolution in a 13 square kilometer (km               2               ) mixed grassland-forested landscape in Sonoma County, California. The results represent the first application of this technology in a natural landscape with complex topography and vegetation. The L-band inversion of the radiative transfer model produced soil moisture maps with an average unbiased root mean squared error (ubRMSE) of 0.07 m               3               /m               3               and a bias of 0.02 m               3               /m               3               . Improved fine-scale soil moisture maps developed using UAS-based systems may be used to help inform wildfire risk, improve hydrologic models, streamflow forecasting, and early detection of landslides.;20.11.2024;27.05.2025 07:10;27.05.2025 07:10;27.05.2025 07:09;1337953;NA;;5;NA;Front. Remote Sens.;;;NA;NA;NA;NA;NA;;;NA;NA;NA;DOI.org (Crossref);NA;;NA;C:\Users\j_stee03\Zotero\storage\IJIJBWG3\Stern et al. - 2024 - Fine-scale surficial soil moisture mapping using U.pdf;NA;NA;NA;;NA;NA;NA;NA;NA;NA;NA;NA;NA;NA;NA;NA;NA;NA;NA;NA;NA;NA;NA;NA;NA;NA;NA;NA;NA;NA;NA;NA;NA;NA;NA;NA;NA;NA;NA;NA;NA;NA;NA;NA;NA;NA;NA;NA;NA
QYHIYSNN;journalArticle;2024;"Li, Yanfei; Henrion, Maud; Moore, Angus; Lambot, Sébastien; Opfergelt, Sophie; Vanacker, Veerle; Jonard, François; Van Oost, Kristof";Factors controlling peat soil thickness and carbon storage in temperate peatlands based on UAV high-resolution remote sensing;Geoderma;NA;167061;10.1016/j.geoderma.2024.117009;https://linkinghub.elsevier.com/retrieve/pii/S0016706124002386;;2024-09;27.05.2025 07:10;27.05.2025 07:10;27.05.2025 07:09;117009;NA;;449;NA;Geoderma;;;NA;NA;NA;NA;NA;en;;NA;NA;NA;DOI.org (Crossref);NA;;NA;C:\Users\j_stee03\Zotero\storage\E9AD7NDM\Li et al. - 2024 - Factors controlling peat soil thickness and carbon.pdf;NA;NA;NA;;NA;NA;NA;NA;NA;NA;NA;NA;NA;NA;NA;NA;NA;NA;NA;NA;NA;NA;NA;NA;NA;NA;NA;NA;NA;NA;NA;NA;NA;NA;NA;NA;NA;NA;NA;NA;NA;NA;NA;NA;NA;NA;NA;NA;NA
GPTF3ZVZ;journalArticle;2024;"Huang, Tao; Olsoy, Peter J.; Glenn, Nancy F.; Cattau, Megan E.; Roser, Anna V.; Boehm, Alex; Clark, Patrick E.";Quantifying rangeland fractional cover in the Northern Great Basin sagebrush steppe communities using high-resolution unoccupied aerial systems (UAS) imagery;Landscape Ecology;NA;1572-9761;10.1007/s10980-024-01983-0;https://link.springer.com/10.1007/s10980-024-01983-0;;14.11.2024;27.05.2025 07:10;27.05.2025 07:10;27.05.2025 07:09;196;NA;11;39;NA;Landsc Ecol;;;NA;NA;NA;NA;NA;en;;NA;NA;NA;DOI.org (Crossref);NA;;NA;C:\Users\j_stee03\Zotero\storage\D8TMDY7N\Huang et al. - 2024 - Quantifying rangeland fractional cover in the Nort.pdf;NA;NA;NA;;NA;NA;NA;NA;NA;NA;NA;NA;NA;NA;NA;NA;NA;NA;NA;NA;NA;NA;NA;NA;NA;NA;NA;NA;NA;NA;NA;NA;NA;NA;NA;NA;NA;NA;NA;NA;NA;NA;NA;NA;NA;NA;NA;NA;NA
JM97VJUX;journalArticle;2024;"Avila-Sanchez, J. Silverio; Perotto-Baldivieso, Humberto L.; Massey, Lori D.; Ortega-S, J. Alfonso; Brennan, Leonard A.; Hernández, Fidel";Fine spatial scale assessment of structure and configuration of vegetation cover for northern bobwhites in grazed pastures;Ecological Processes;NA;2192-1709;10.1186/s13717-024-00546-0;https://ecologicalprocesses.springeropen.com/articles/10.1186/s13717-024-00546-0;"Abstract                            Background                                Monitoring forage in livestock operations is critical to sustainable rangeland management of soil and ecological processes that provide both livestock and wildlife habitat. Traditional ground-based sampling methods have been widely used and provide valuable information; however, they are time-consuming, labor-intensive, and limited in their ability to capture larger extents of the spatial and temporal dynamics of rangeland ecosystems. Drones provide a solution to collect data to larger extents than field-based methods and with higher-resolution than traditional remote sensing platforms. Our objectives were to (1) assess the accuracy of vegetation cover height in grasses using drones, (2) quantify the spatial distribution of vegetation cover height in grazed and non-grazed pastures during the dormant (fall–winter) and growing seasons (spring–summer), and (3) evaluate the spatial distribution of vegetation cover height as a proxy for northern bobwhite (                 Colinus virginianus                 ) habitat in South Texas. We achieved this by very fine scale drone-derived imagery and using class level landscape metrics to assess vegetation cover height configuration.                                                        Results                                Estimated heights from drone imagery had a significant relationship with the field height measurements in September (                 r                 2                  = 0.83; growing season) and February (                 r                 2                  = 0.77; dormant season). Growing season pasture maintained residual landscape habitat configuration adequate for bobwhites throughout the fall and winter of 2022–2023 following grazing. Dormant season pasture had an increase in bare ground cover, and a shift from many large patches of tall herbaceous cover (40–120 cm) to few large patches of low herbaceous cover (5–30 cm) (                 p                  < 0.05).                                                        Conclusions               Drones provided high-resolution imagery that allowed us to assess the spatial and temporal changes of vertical herbaceous vegetation structure in a semi-arid rangeland subject to grazing. This study shows how drone imagery can be beneficial for wildlife conservation and management by providing insights into changes in fine-scale vegetation spatial and temporal heterogeneity from livestock grazing.";10.09.2024;27.05.2025 07:10;27.05.2025 07:10;27.05.2025 07:09;64;NA;1;13;NA;Ecol Process;;;NA;NA;NA;NA;NA;en;;NA;NA;NA;DOI.org (Crossref);NA;;NA;C:\Users\j_stee03\Zotero\storage\SLSADGRL\Avila-Sanchez et al. - 2024 - Fine spatial scale assessment of structure and con.pdf;NA;NA;NA;;NA;NA;NA;NA;NA;NA;NA;NA;NA;NA;NA;NA;NA;NA;NA;NA;NA;NA;NA;NA;NA;NA;NA;NA;NA;NA;NA;NA;NA;NA;NA;NA;NA;NA;NA;NA;NA;NA;NA;NA;NA;NA;NA;NA;NA
M58LUIAB;journalArticle;2024;"de Lima, Gabriella Santos Arruda; Ferreira, Manuel Eduardo; Sales, Jepherson Correia; de Souza Passos, Joelson; Maggiotto, Selma Regina; Madari, Beata Emoke; de Melo Carvalho, Márcia Thaís; de Almeida Machado, Pedro Luiz Oliveira";Evapotranspiration measurements in pasture, crops, and native Brazilian Cerrado based on UAV-borne multispectral sensor;Environmental Monitoring and Assessment;NA;0167-6369, 1573-2959;10.1007/s10661-024-13224-7;https://link.springer.com/10.1007/s10661-024-13224-7;;2024-11;27.05.2025 07:10;27.05.2025 07:10;27.05.2025 07:09;1105;NA;11;196;NA;Environ Monit Assess;;;NA;NA;NA;NA;NA;en;;NA;NA;NA;DOI.org (Crossref);NA;;NA;C:\Users\j_stee03\Zotero\storage\RR685TCR\de Lima et al. - 2024 - Evapotranspiration measurements in pasture, crops,.pdf;NA;NA;NA;;NA;NA;NA;NA;NA;NA;NA;NA;NA;NA;NA;NA;NA;NA;NA;NA;NA;NA;NA;NA;NA;NA;NA;NA;NA;NA;NA;NA;NA;NA;NA;NA;NA;NA;NA;NA;NA;NA;NA;NA;NA;NA;NA;NA;NA
D328UVHH;journalArticle;2016;"Cunliffe, Andrew M.; Brazier, Richard E.; Anderson, Karen";Ultra-fine grain landscape-scale quantification of dryland vegetation structure with drone-acquired structure-from-motion photogrammetry;Remote Sensing of Environment;NA;344257;10.1016/j.rse.2016.05.019;https://linkinghub.elsevier.com/retrieve/pii/S0034425716302206;;2016-09;27.05.2025 07:10;27.05.2025 07:10;27.05.2025 07:09;129-143;NA;;183;NA;Remote Sensing of Environment;;;NA;NA;NA;NA;NA;en;;NA;NA;NA;DOI.org (Crossref);NA;;NA;C:\Users\j_stee03\Zotero\storage\SYGUHEBM\Cunliffe et al. - 2016 - Ultra-fine grain landscape-scale quantification of.pdf;NA;NA;NA;;NA;NA;NA;NA;NA;NA;NA;NA;NA;NA;NA;NA;NA;NA;NA;NA;NA;NA;NA;NA;NA;NA;NA;NA;NA;NA;NA;NA;NA;NA;NA;NA;NA;NA;NA;NA;NA;NA;NA;NA;NA;NA;NA;NA;NA
ERJAPTVT;journalArticle;2023;"Steenvoorden, Jasper; Limpens, Juul";Upscaling peatland mapping with drone-derived imagery: impact of spatial resolution and vegetation characteristics;GIScience & Remote Sensing;NA;1548-1603, 1943-7226;10.1080/15481603.2023.2267851;https://www.tandfonline.com/doi/full/10.1080/15481603.2023.2267851;;31.12.2023;27.05.2025 07:10;27.05.2025 07:10;27.05.2025 07:09;2267851;NA;1;60;NA;GIScience & Remote Sensing;Upscaling peatland mapping with drone-derived imagery;;NA;NA;NA;NA;NA;en;;NA;NA;NA;DOI.org (Crossref);NA;;NA;C:\Users\j_stee03\Zotero\storage\S9QATZRU\Steenvoorden und Limpens - 2023 - Upscaling peatland mapping with drone-derived imag.pdf;NA;NA;NA;;NA;NA;NA;NA;NA;NA;NA;NA;NA;NA;NA;NA;NA;NA;NA;NA;NA;NA;NA;NA;NA;NA;NA;NA;NA;NA;NA;NA;NA;NA;NA;NA;NA;NA;NA;NA;NA;NA;NA;NA;NA;NA;NA;NA;NA
G5IJ3C2J;journalArticle;2023;"Assiri, Marco; Sartori, Anna; Persichetti, Antonio; Miele, Cristiano; Faelga, Regine Anne; Blount, Tegan; Silvestri, Sonia";Leaf area index and aboveground biomass estimation of an alpine peatland with a UAV multi-sensor approach;GIScience & Remote Sensing;NA;1548-1603, 1943-7226;10.1080/15481603.2023.2270791;https://www.tandfonline.com/doi/full/10.1080/15481603.2023.2270791;;31.12.2023;27.05.2025 07:10;27.05.2025 07:10;27.05.2025 07:09;2270791;NA;1;60;NA;GIScience & Remote Sensing;;;NA;NA;NA;NA;NA;en;;NA;NA;NA;DOI.org (Crossref);NA;;NA;C:\Users\j_stee03\Zotero\storage\V3L6KTJE\Assiri et al. - 2023 - Leaf area index and aboveground biomass estimation.pdf;NA;NA;NA;;NA;NA;NA;NA;NA;NA;NA;NA;NA;NA;NA;NA;NA;NA;NA;NA;NA;NA;NA;NA;NA;NA;NA;NA;NA;NA;NA;NA;NA;NA;NA;NA;NA;NA;NA;NA;NA;NA;NA;NA;NA;NA;NA;NA;NA
YKWAMFE2;journalArticle;2025;"Arok, Maja; Brkljač, Branko; Lugonja, Predrag; Ivošević, Bojana; Vukotić, Milan; Nikolić Lugonja, Tijana";High resolution descriptors for UAV mapping in biodiversity conservation – A case study of sandy steppe habitat renewal;PLOS ONE;NA;1932-6203;10.1371/journal.pone.0315399;https://dx.plos.org/10.1371/journal.pone.0315399;"Due to the large-scale disappearance of grasslands there is an urgent need for revitalization. It calls for consistent and accessible monitoring and mapping plans, and an integrated management approach. However, revitalization efforts often focus solely on the vegetation component, and skip the link to other animal species that perform vital functions as ecosystem engineers and umbrella species. In this study, we combine an in-situ standard phytocoenological survey with an UAV-based technology in the effort to improve the monitoring and mapping of the sandy steppe habitat of the European ground squirrel (               Spermophilus citellus               ; EGS), undergoing revitalization in the northern Serbia. It is a model organism of an animal species that enables identifying habitat quality and quantity indicators to understand the broader implications of the ecosystem revitalization efforts on the wildlife populations. The proposed approach tested whether the commercially available RGB sensor and a relatively high flight height of the UAV have discriminative capacity to aid site managers by mapping identified steppe development stages (specific plant assemblages, reflecting different habitat types). Thus, a novel set of high-resolution image descriptors that are capable of discriminating plant mixtures corresponding to Fallow land, Forest steppe and shrubs, Young steppe I and II, was proposed. Despite high resolution imaging, the method solves a challenging problem of UAV vegetation mapping in the case of limited spectral and spatial information in the image (by using only RGB camera and multitemporal approach). Although the lack of visual information that would allow identification of individual plant parts and shapes prevented the use of usual object-based image analysis, proposed pixel-based descriptors and feature selection were able to provide the extent of the targeted areas and their compositional carriers. Presented holistic approach enables implementation of effective management strategies that support the entire ecological community.";13.03.2025;27.05.2025 07:10;27.05.2025 07:10;27.05.2025 07:09;e0315399;NA;3;20;NA;PLoS ONE;;;NA;NA;NA;NA;NA;en;;NA;NA;NA;DOI.org (Crossref);NA;;NA;C:\Users\j_stee03\Zotero\storage\2KRJRL68\Arok et al. - 2025 - High resolution descriptors for UAV mapping in bio.pdf;NA;NA;NA;Liu, Chun;NA;NA;NA;NA;NA;NA;NA;NA;NA;NA;NA;NA;NA;NA;NA;NA;NA;NA;NA;NA;NA;NA;NA;NA;NA;NA;NA;NA;NA;NA;NA;NA;NA;NA;NA;NA;NA;NA;NA;NA;NA;NA;NA;NA;NA
X7J6Y44M;journalArticle;2024;"Keerthinathan, Pirunthan; Amarasingam, Narmilan; Kelly, Jane E.; Mandel, Nicolas; Dehaan, Remy L.; Zheng, Lihong; Hamilton, Grant; Gonzalez, Felipe";African Lovegrass Segmentation with Artificial Intelligence Using UAS-Based Multispectral and Hyperspectral Imagery;Remote Sensing;NA;2072-4292;10.3390/rs16132363;https://www.mdpi.com/2072-4292/16/13/2363;The prevalence of the invasive species African Lovegrass (Eragrostis curvula, ALG thereafter) in Australian landscapes presents significant challenges for land managers, including agricultural losses, reduced native species diversity, and heightened bushfire risks. Uncrewed aerial system (UAS) remote sensing combined with AI algorithms offer a powerful tool for accurately mapping the spatial distribution of invasive species and facilitating effective management strategies. However, segmentation of vegetations within mixed grassland ecosystems presents challenges due to spatial heterogeneity, spectral similarity, and seasonal variability. The performance of state-of-the-art artificial intelligence (AI) algorithms in detecting ALG in the Australian landscape remains unknown. This study compared the performance of four supervised AI models for segmenting ALG using multispectral (MS) imagery at four sites and developed segmentation models for two different seasonal conditions. UAS surveys were conducted at four sites in New South Wales, Australia. Two of the four sites were surveyed in two distinct seasons (flowering and vegetative), each comprised of different data collection settings. A comparative analysis was also conducted between hyperspectral (HS) and MS imagery at a single site within the flowering season. Of the five AI models developed (XGBoost, RF, SVM, CNN, and U-Net), XGBoost and the customized CNN model achieved the highest validation accuracy at 99%. The AI model testing used two approaches: quadrat-based ALG proportion prediction for mixed environments and pixel-wise classification in masked regions where ALG and other classes could be confidently differentiated. Quadrat-based ALG proportion ground truth values were compared against the prediction for the custom CNN model, resulting in 5.77% and 12.9% RMSE for the seasons, respectively, emphasizing the superiority of the custom CNN model over other AI algorithms. The comparison of the U-Net demonstrated that the developed CNN effectively captures ALG without requiring the more intricate architecture of U-Net. Masked-based testing results also showed higher F1 scores, with 91.68% for the flowering season and 90.61% for the vegetative season. Models trained on single-season data exhibited decreased performance when evaluated on data from a different season with varying collection settings. Integrating data from both seasons during training resulted in a reduction in error for out-of-season predictions, suggesting improved generalizability through multi-season data integration. Moreover, HS and MS predictions using the custom CNN model achieved similar test results with around 20% RMSE compared to the ground truth proportion, highlighting the practicality of MS imagery over HS due to operational limitations. Integrating AI with UAS for ALG segmentation shows great promise for biodiversity conservation in Australian landscapes by facilitating more effective and sustainable management strategies for controlling ALG spread.;27.06.2024;27.05.2025 07:10;27.05.2025 07:10;27.05.2025 07:09;2363;NA;13;16;NA;Remote Sensing;;;NA;NA;NA;NA;NA;en;https://creativecommons.org/licenses/by/4.0/;NA;NA;NA;DOI.org (Crossref);NA;;NA;C:\Users\j_stee03\Zotero\storage\Y47H9QZR\Keerthinathan et al. - 2024 - African Lovegrass Segmentation with Artificial Int.pdf;NA;NA;NA;;NA;NA;NA;NA;NA;NA;NA;NA;NA;NA;NA;NA;NA;NA;NA;NA;NA;NA;NA;NA;NA;NA;NA;NA;NA;NA;NA;NA;NA;NA;NA;NA;NA;NA;NA;NA;NA;NA;NA;NA;NA;NA;NA;NA;NA
LMRT4IQR;journalArticle;2024;"Kawamura, Kensuke; Tanaka, Tsuneki; Yasuda, Taisuke; Okoshi, Shoji; Hanada, Masaaki; Doi, Kazuya; Saigusa, Toshiya; Yagi, Takanori; Sudo, Kenji; Okumura, Kenji; Lim, Jihyun";Legume content estimation from UAV image in grass-legume meadows: comparison methods based on the UAV coverage vs. field biomass;Scientific Reports;NA;2045-2322;10.1038/s41598-024-82055-w;https://www.nature.com/articles/s41598-024-82055-w;;30.12.2024;27.05.2025 07:10;27.05.2025 07:10;27.05.2025 07:09;31705;NA;1;14;NA;Sci Rep;Legume content estimation from UAV image in grass-legume meadows;;NA;NA;NA;NA;NA;en;;NA;NA;NA;DOI.org (Crossref);NA;;NA;C:\Users\j_stee03\Zotero\storage\U68AGMVD\Kawamura et al. - 2024 - Legume content estimation from UAV image in grass-.pdf;NA;NA;NA;;NA;NA;NA;NA;NA;NA;NA;NA;NA;NA;NA;NA;NA;NA;NA;NA;NA;NA;NA;NA;NA;NA;NA;NA;NA;NA;NA;NA;NA;NA;NA;NA;NA;NA;NA;NA;NA;NA;NA;NA;NA;NA;NA;NA;NA
7Z3I2RL9;journalArticle;2023;"Gao, Xinchao; Hao, Fei; Pi, Weiqiang; Zhu, Xiangbing; Zhang, Tao; Bi, Yuge; Zhang, Yanbin";Identification and Classification of Degradation-Indicator Grass Species in a Desertified Steppe Based on HSI-UAV;Spectroscopy;NA;1939-1900, 0887-6703;10.56530/spectroscopy.dr5881c1;https://www.spectroscopyonline.com/view/identification-and-classification-of-degradation-indicator-grass-species-in-a-desertified-steppe-based-on-hsi-uav;The emergence and number of grassland degradation-indicator grass species are important in evaluating the extent of grassland degradation. Plant populations in desertified steppe are distributed randomly and at low density. Specifically, degradation-indicator grass species mainly exist as individuals, making spectrum-based identification difficult. Here, a low-altitude unmanned aerial vehicle (UAV) hyperspectral remote-sensing system was constructed to identify the typical degradation-indicator grass species of a desertified steppe in China. The ASI index (Artemisia frigida Willd. and Stipa breviflora Grisb. index) and classification rules were proposed and applied. We implemented a comprehensive application of amplified differences in spectral characteristics between vegetation communities and assigned plant senescence reflectance-index bands, using the characteristics of the plant populations under observation and UAV hyperspectral remote-sensing data, to solve the problems resulting from high similarity while identifying ground objects. Our results lay a solid foundation for monitoring and evaluating desertified steppe degradation-indicator grass species based on remote sensing.;01.11.2023;27.05.2025 07:10;27.05.2025 07:10;27.05.2025 07:09;14-20;NA;;NA;NA;Spectroscopy;;;NA;NA;NA;NA;NA;en;;NA;NA;NA;DOI.org (Crossref);NA;;NA;C:\Users\j_stee03\Zotero\storage\XNRTRXCN\Gao et al. - 2023 - Identification and Classification of Degradation-I.pdf;NA;NA;NA;;NA;NA;NA;NA;NA;NA;NA;NA;NA;NA;NA;NA;NA;NA;NA;NA;NA;NA;NA;NA;NA;NA;NA;NA;NA;NA;NA;NA;NA;NA;NA;NA;NA;NA;NA;NA;NA;NA;NA;NA;NA;NA;NA;NA;NA
94R2MNXL;journalArticle;2023;"Pöttker, Maren; Kiehl, Kathrin; Jarmer, Thomas; Trautz, Dieter";Convolutional Neural Network Maps Plant Communities in Semi-Natural Grasslands Using Multispectral Unmanned Aerial Vehicle Imagery;Remote Sensing;NA;2072-4292;10.3390/rs15071945;https://www.mdpi.com/2072-4292/15/7/1945;Semi-natural grasslands (SNGs) are an essential part of European cultural landscapes. They are an important habitat for many animal and plant species and offer a variety of ecological functions. Diverse plant communities have evolved over time depending on environmental and management factors in grasslands. These different plant communities offer multiple ecosystem services and also have an effect on the forage value of fodder for domestic livestock. However, with increasing intensification in agriculture and the loss of SNGs, the biodiversity of grasslands continues to decline. In this paper, we present a method to spatially classify plant communities in grasslands in order to identify and map plant communities and weed species that occur in a semi-natural meadow. For this, high-resolution multispectral remote sensing data were captured by an unmanned aerial vehicle (UAV) in regular intervals and classified by a convolutional neural network (CNN). As the study area, a heterogeneous semi-natural hay meadow with first- and second-growth vegetation was chosen. Botanical relevés of fixed plots were used as ground truth and independent test data. Accuracies up to 88% on these independent test data were achieved, showing the great potential of the usage of CNNs for plant community mapping in high-resolution UAV data for ecological and agricultural applications.;06.04.2023;27.05.2025 07:10;27.05.2025 07:10;27.05.2025 07:09;1945;NA;7;15;NA;Remote Sensing;;;NA;NA;NA;NA;NA;en;https://creativecommons.org/licenses/by/4.0/;NA;NA;NA;DOI.org (Crossref);NA;;NA;C:\Users\j_stee03\Zotero\storage\SZEGWXUC\Pöttker et al. - 2023 - Convolutional Neural Network Maps Plant Communitie.pdf;NA;NA;NA;;NA;NA;NA;NA;NA;NA;NA;NA;NA;NA;NA;NA;NA;NA;NA;NA;NA;NA;NA;NA;NA;NA;NA;NA;NA;NA;NA;NA;NA;NA;NA;NA;NA;NA;NA;NA;NA;NA;NA;NA;NA;NA;NA;NA;NA
XHC8SVWC;journalArticle;2019;"Michez, Adrien; Lejeune, Philippe; Bauwens, Sébastien; Herinaina, Andriamandroso; Blaise, Yannick; Castro Muñoz, Eloy; Lebeau, Frédéric; Bindelle, Jérôme";Mapping and Monitoring of Biomass and Grazing in Pasture with an Unmanned Aerial System;Remote Sensing;NA;2072-4292;10.3390/rs11050473;https://www.mdpi.com/2072-4292/11/5/473;The tools available to farmers to manage grazed pastures and adjust forage demand to grass growth are generally rather static. Unmanned aerial systems (UASs) are interesting versatile tools that can provide relevant 3D information, such as sward height (3D structure), or even describe the physical condition of pastures through the use of spectral information. This study aimed to evaluate the potential of UAS to characterize a pasture’s sward height and above-ground biomass at a very fine spatial scale. The pasture height provided by UAS products showed good agreement (R2 = 0.62) with a reference terrestrial light detection and ranging (LiDAR) dataset. We tested the ability of UAS imagery to model pasture biomass based on three different combinations: UAS sward height, UAS sward multispectral reflectance/vegetation indices, and a combination of both UAS data types. The mixed approach combining the UAS sward height and spectral data performed the best (adj. R2 = 0.49). This approach reached a quality comparable to that of more conventional non-destructive on-field pasture biomass monitoring tools. As all of the UAS variables used in the model fitting process were extracted from spatial information (raster data), a high spatial resolution map of pasture biomass was derived based on the best fitted model. A sward height differences map was also derived from UAS-based sward height maps before and after grazing. Our results demonstrate the potential of UAS imagery as a tool for precision grazing study applications. The UAS approach to height and biomass monitoring was revealed to be a potential alternative to the widely used but time-consuming field approaches. While reaching a similar level of accuracy to the conventional field sampling approach, the UAS approach provides wall-to-wall pasture characterization through very high spatial resolution maps, opening up a new area of research for precision grazing.;26.02.2019;27.05.2025 07:10;27.05.2025 07:10;27.05.2025 07:09;473;NA;5;11;NA;Remote Sensing;;;NA;NA;NA;NA;NA;en;https://creativecommons.org/licenses/by/4.0/;NA;NA;NA;DOI.org (Crossref);NA;;NA;C:\Users\j_stee03\Zotero\storage\5CJURKBN\Michez et al. - 2019 - Mapping and Monitoring of Biomass and Grazing in P.pdf;NA;NA;NA;;NA;NA;NA;NA;NA;NA;NA;NA;NA;NA;NA;NA;NA;NA;NA;NA;NA;NA;NA;NA;NA;NA;NA;NA;NA;NA;NA;NA;NA;NA;NA;NA;NA;NA;NA;NA;NA;NA;NA;NA;NA;NA;NA;NA;NA
LPW329PL;journalArticle;2023;"Zhang, Aiwu; Yin, Shengnan; Wang, Juan; He, Nianpeng; Chai, Shatuo; Pang, Haiyang";Grassland Chlorophyll Content Estimation from Drone Hyperspectral Images Combined with Fractional-Order Derivative;Remote Sensing;NA;2072-4292;10.3390/rs15235623;https://www.mdpi.com/2072-4292/15/23/5623;Chlorophyll plays a critical role in assessing the photosynthetic capacity and health of grasslands. However, existing studies on the hyperspectral inversion of chlorophyll have mainly focused on field crops, leading to limited accuracy when applied to natural grasslands due to their complex canopy structures and species diversity. This study aims to address this challenge by extrapolating the measured leaf chlorophyll to the canopy level using the green vegetation coverage approach. Additionally, fractional-order derivative (FOD) methods are employed to enhance the sensitivity of hyperspectral data to chlorophyll. Several FOD spectral indices are developed to minimize interference from factors such as bare soil and hay, resulting in improved chlorophyll estimation accuracy. The study utilizes partial least squares regression (PLSR) and support vector machine regression (SVR) to construct inversion models based on full-band FOD, two-band FOD spectral indices, and their combination. Through comparative analysis, the optimal model for estimating grassland chlorophyll content is determined, yielding an R2 value of 0.808, RMSE value of 1.720, and RPD value of 2.347.;04.12.2023;27.05.2025 07:10;27.05.2025 07:10;27.05.2025 07:09;5623;NA;23;15;NA;Remote Sensing;;;NA;NA;NA;NA;NA;en;https://creativecommons.org/licenses/by/4.0/;NA;NA;NA;DOI.org (Crossref);NA;;NA;C:\Users\j_stee03\Zotero\storage\DU3B9CE6\Zhang et al. - 2023 - Grassland Chlorophyll Content Estimation from Dron.pdf;NA;NA;NA;;NA;NA;NA;NA;NA;NA;NA;NA;NA;NA;NA;NA;NA;NA;NA;NA;NA;NA;NA;NA;NA;NA;NA;NA;NA;NA;NA;NA;NA;NA;NA;NA;NA;NA;NA;NA;NA;NA;NA;NA;NA;NA;NA;NA;NA
HUQ3XZLX;journalArticle;2022;"Pérez-Luque, Antonio J.; Ramos-Font, María Eugenia; Tognetti Barbieri, Mauro J.; Tarragona Pérez, Carlos; Calvo Renta, Guillermo; Robles Cruz, Ana Belén";Vegetation Cover Estimation in Semi-Arid Shrublands after Prescribed Burning: Field-Ground and Drone Image Comparison;Drones;NA;2504-446X;10.3390/drones6110370;https://www.mdpi.com/2504-446X/6/11/370;"The use of drones for vegetation monitoring allows the acquisition of large amounts of high spatial resolution data in a simple and fast way. In this study, we evaluated the accuracy of vegetation cover estimation by drones in Mediterranean semi-arid shrublands (Sierra de Filabres; Almería; southern Spain) after prescribed burns (2 years). We compared drone-based vegetation cover estimates with those based on traditional vegetation sampling in ninety-six 1 m2 plots. We explored how this accuracy varies in different types of coverage (low-, moderate- and high-cover shrublands, and high-cover alfa grass steppe); as well as with diversity, plant richness, and topographic slope. The coverage estimated using a drone was strongly correlated with that obtained by vegetation sampling (R2 = 0.81). This estimate varied between cover classes, with the error rate being higher in low-cover shrublands, and lower in high-cover alfa grass steppe (normalized RMSE 33% vs. 9%). Diversity and slope did not affect the accuracy of the cover estimates, while errors were larger in plots with greater richness. These results suggest that in semi-arid environments, the drone might underestimate vegetation cover in low-cover shrublands.";21.11.2022;27.05.2025 07:10;27.05.2025 07:10;27.05.2025 07:09;370;NA;11;6;NA;Drones;Vegetation Cover Estimation in Semi-Arid Shrublands after Prescribed Burning;;NA;NA;NA;NA;NA;en;https://creativecommons.org/licenses/by/4.0/;NA;NA;NA;DOI.org (Crossref);NA;;NA;C:\Users\j_stee03\Zotero\storage\ESWC2GUY\Pérez-Luque et al. - 2022 - Vegetation Cover Estimation in Semi-Arid Shrubland.pdf;NA;NA;NA;;NA;NA;NA;NA;NA;NA;NA;NA;NA;NA;NA;NA;NA;NA;NA;NA;NA;NA;NA;NA;NA;NA;NA;NA;NA;NA;NA;NA;NA;NA;NA;NA;NA;NA;NA;NA;NA;NA;NA;NA;NA;NA;NA;NA;NA
2EY54D2A;journalArticle;2022;"Ventura, Daniele; Napoleone, Francesca; Cannucci, Silvia; Alleaume, Samuel; Valentini, Emiliana; Casoli, Edoardo; Burrascano, Sabina";Integrating low-altitude drone based-imagery and OBIA for mapping and manage semi natural grassland habitats;Journal of Environmental Management;NA;3014797;10.1016/j.jenvman.2022.115723;https://linkinghub.elsevier.com/retrieve/pii/S0301479722012968;;2022-11;27.05.2025 07:10;27.05.2025 07:10;27.05.2025 07:09;115723;NA;;321;NA;Journal of Environmental Management;;;NA;NA;NA;NA;NA;en;;NA;NA;NA;DOI.org (Crossref);NA;;NA;C:\Users\j_stee03\Zotero\storage\Q92VKW4Q\Ventura et al. - 2022 - Integrating low-altitude drone based-imagery and O.pdf;NA;NA;NA;;NA;NA;NA;NA;NA;NA;NA;NA;NA;NA;NA;NA;NA;NA;NA;NA;NA;NA;NA;NA;NA;NA;NA;NA;NA;NA;NA;NA;NA;NA;NA;NA;NA;NA;NA;NA;NA;NA;NA;NA;NA;NA;NA;NA;NA
SS8QVTAT;journalArticle;2023;"Villoslada, Miguel; Ylänne, Henni; Juutinen, Sari; Kolari, Tiina H. M.; Korpelainen, Pasi; Tahvanainen, Teemu; Wolff, Franziska; Kumpula, Timo";Reindeer control over shrubification in subarctic wetlands: spatial analysis based on unoccupied aerial vehicle imagery;Remote Sensing in Ecology and Conservation;NA;2056-3485, 2056-3485;10.1002/rse2.337;https://zslpublications.onlinelibrary.wiley.com/doi/10.1002/rse2.337;Abstract                            Herbivores can exert a controlling effect on the reproduction and growth of shrubs, thereby counter‐acting the climate‐driven encroachment of shrubs in the Arctic and the potential consequences. This control is particularly evident in the case of abundant herbivores, such as reindeer (               Rangifer tarandus tarandus               ), whose grazing patterns are affected by management. Here, we tested how different reindeer grazing practices on the border between Finland and Norway impact the occurrence of willow (               Salix               spp.) dominated patches, their above‐ground biomass (AGB) and the ability of willows to form dense thickets. We used a combination of multispectral and RGB imagery obtained from unoccupied aerial vehicles field data and an ensemble of machine‐learning models, which allowed us to model the occurrence of plant community types (Overall accuracy = 0.80), AGB fractions (maximum               R               2                = 0.90) and topsoil moisture (maximum               R               2                = 0.89). With this combination of approaches, we show that willows are kept in a browsing‐trap under spring and early summer grazing by reindeer, growing mostly small and scattered in the landscape. In contrast, willows under the winter grazing regime formed dense stands, particularly within riparian areas. We confirm this pattern using a random forest willow habitat distribution model based on topographical parameters. The model shows that willow biomass correlated with parameters of optimal habitat quality only in the winter grazing regime and did not respond to the same parameters under spring and summer grazing of reindeer.;2023-10;27.05.2025 07:10;27.05.2025 07:10;27.05.2025 07:09;687-706;NA;5;9;NA;Remote Sens Ecol Conserv;Reindeer control over shrubification in subarctic wetlands;;NA;NA;NA;NA;NA;en;;NA;NA;NA;DOI.org (Crossref);NA;;NA;C:\Users\j_stee03\Zotero\storage\4SC56UVG\Villoslada et al. - 2023 - Reindeer control over shrubification in subarctic .pdf;NA;NA;NA;;NA;NA;NA;NA;NA;NA;NA;NA;NA;NA;NA;NA;NA;NA;NA;NA;NA;NA;NA;NA;NA;NA;NA;NA;NA;NA;NA;NA;NA;NA;NA;NA;NA;NA;NA;NA;NA;NA;NA;NA;NA;NA;NA;NA;NA
SQQTEFEG;journalArticle;2022;"Wengert, Matthias; Wijesingha, Jayan; Schulze-Brüninghoff, Damian; Wachendorf, Michael; Astor, Thomas";Multisite and Multitemporal Grassland Yield Estimation Using UAV-Borne Hyperspectral Data;Remote Sensing;NA;2072-4292;10.3390/rs14092068;https://www.mdpi.com/2072-4292/14/9/2068;Grassland ecosystems can be hotspots of biodiversity and act as carbon sinks while at the same time providing the basis of forage production for ruminants in dairy and meat production. Annual grassland dry matter yield (DMY) is one of the most important agronomic parameters reflecting differences in usage intensity such as number of harvests and fertilization. Current methods for grassland DMY estimation are labor-intensive and prone to error due to small sample size. With the advent of unmanned aerial vehicles (UAVs) and miniaturized hyperspectral sensors, a novel tool for remote sensing of grassland with high spatial, temporal and radiometric resolution and coverage is available. The present study aimed at developing a robust model capable of estimating grassland biomass across a gradient of usage intensity throughout one growing season. Therefore, UAV-borne hyperspectral data from eight grassland sites in North Hesse, Germany, originating from different harvests, were utilized for the modeling of fresh matter yield (FMY) and DMY. Four machine learning (ML) algorithms were compared for their modeling performance. Among them, the rule-based ML method Cubist regression (CBR) performed best, delivering high prediction accuracies for both FMY (nRMSEp 7.6%, Rp2 0.87) and DMY (nRMSEp 12.9%, Rp2 0.75). The model showed a high robustness across sites and harvest dates. The best models were employed to produce maps for FMY and DMY, enabling the detailed analysis of spatial patterns. Although the complexity of the approach still restricts its practical application in agricultural management, the current study proved that biomass of grassland sites being subject to different management intensities can be modeled from UAV-borne hyperspectral data at high spatial resolution with high prediction accuracies.;26.04.2022;27.05.2025 07:10;27.05.2025 07:10;27.05.2025 07:09;2068;NA;9;14;NA;Remote Sensing;;;NA;NA;NA;NA;NA;en;https://creativecommons.org/licenses/by/4.0/;NA;NA;NA;DOI.org (Crossref);NA;;NA;C:\Users\j_stee03\Zotero\storage\R7ANKBJB\Wengert et al. - 2022 - Multisite and Multitemporal Grassland Yield Estima.pdf;NA;NA;NA;;NA;NA;NA;NA;NA;NA;NA;NA;NA;NA;NA;NA;NA;NA;NA;NA;NA;NA;NA;NA;NA;NA;NA;NA;NA;NA;NA;NA;NA;NA;NA;NA;NA;NA;NA;NA;NA;NA;NA;NA;NA;NA;NA;NA;NA
NFEXNEW6;journalArticle;2023;"Liu, Xiaomin; Wang, Haichao; Cao, Yanwei; Yang, Yaotian; Sun, Xiaotian; Sun, Kai; Li, Ying; Zhang, Junyao; Pei, Zhiyong";Comprehensive growth index monitoring of desert steppe grassland vegetation based on UAV hyperspectral;Frontiers in Plant Science;NA;1664-462X;10.3389/fpls.2022.1050999;https://www.frontiersin.org/articles/10.3389/fpls.2022.1050999/full;The goal of this study was to establish a comprehensive growth index (CGI) of grassland vegetation for monitor the overall condition of the grassland. Taking the desert grassland in Otuoke Banner, Ordos City, Inner Mongolia as the research object, this study integrates five indicators. First, the optimal band of the unmanned aerial vehicle hyperspectral data is optimized using the correlation analysis, successive projection algorithm (SPA), optimum index factor method, and band combination index method. A dual-band spectral index in good correlation with the CGI is then constructed in the optimal band. Afterwards, a CGI characterization model is established in accordance with the partial least squares regression (PLSR) algorithm and its accuracy is analyzed. Finally, the CGI of the study area is estimated. The experimental results are as follows. 1) The R               2               of models built using the training samples of the spectral indices corresponding to the optimal spectra screened by the SPA method was 0.7835, RMSE was 0.0712, and RE was 6.89%, less than 10%. The R               2               of the Validation samples was 0.7698, RMSE was 0.0471, and RE was 6.36%, less than 10%, highest precision. 2) Models were built using the spectral indices corresponding to the optimal spectra screened by the SPA method, and the CGI mean values were inverted. A comparison of the mean measured CGI values of the sample quadrat of the test area showed that the mean relative error was 3.82%. The results show that the vegetation growth of desert-steppe grasslands can be adequately monitored, providing technical support for the rapid and accurate diagnosis of grassland conditions. However, there are still shortcomings in this study. 1) The research area for this study was mainly in the desert steppe in Otuoke Banner, Ordos, hence the relevance and universality of the findings need to be verified, and subsequent experiments need to be carried out on desert steppes in other regions or even other types of grasslands to test the universality of the model. 2) In this study, the influence of soil background and litter on the spectral reflectance is not considered in depth. In addition, the influence of sensor observation angle and solar elevation angle on the inversion model demands further investigation efforts.;24.01.2023;27.05.2025 07:10;27.05.2025 07:10;27.05.2025 07:09;1050999;NA;;13;NA;Front. Plant Sci.;;;NA;NA;NA;NA;NA;;;NA;NA;NA;DOI.org (Crossref);NA;;NA;C:\Users\j_stee03\Zotero\storage\VLPDMZGD\Liu et al. - 2023 - Comprehensive growth index monitoring of desert st.pdf;NA;NA;NA;;NA;NA;NA;NA;NA;NA;NA;NA;NA;NA;NA;NA;NA;NA;NA;NA;NA;NA;NA;NA;NA;NA;NA;NA;NA;NA;NA;NA;NA;NA;NA;NA;NA;NA;NA;NA;NA;NA;NA;NA;NA;NA;NA;NA;NA
RYATEVPJ;journalArticle;2023;"Cruz, Charmaine; McGuinness, Kevin; Perrin, Philip M.; O’Connell, Jerome; Martin, James R.; Connolly, John";Improving the mapping of coastal invasive species using UAV imagery and deep learning;International Journal of Remote Sensing;NA;0143-1161, 1366-5901;10.1080/01431161.2023.2251186;https://www.tandfonline.com/doi/full/10.1080/01431161.2023.2251186;;17.09.2023;27.05.2025 07:10;27.05.2025 07:10;27.05.2025 07:09;5713-5735;NA;18;44;NA;International Journal of Remote Sensing;;;NA;NA;NA;NA;NA;en;;NA;NA;NA;DOI.org (Crossref);NA;;NA;C:\Users\j_stee03\Zotero\storage\DMHTYJAQ\Cruz et al. - 2023 - Improving the mapping of coastal invasive species .pdf;NA;NA;NA;;NA;NA;NA;NA;NA;NA;NA;NA;NA;NA;NA;NA;NA;NA;NA;NA;NA;NA;NA;NA;NA;NA;NA;NA;NA;NA;NA;NA;NA;NA;NA;NA;NA;NA;NA;NA;NA;NA;NA;NA;NA;NA;NA;NA;NA
WX89DV3D;journalArticle;2022;"McCann, Justin A.; Keith, David A.; Kingsford, Richard T.";Measuring plant biomass remotely using drones in arid landscapes;Ecology and Evolution;NA;2045-7758, 2045-7758;10.1002/ece3.8891;https://onlinelibrary.wiley.com/doi/10.1002/ece3.8891;Abstract                                                                Measurement of variation in plant biomass is essential for answering many ecological and evolutionary questions. Quantitative estimates require plant destruction for laboratory analyses, while field studies use allometric approaches based on simple measurement of plant dimensions.                                                                          We estimated the biomass of individual shrub‐sized plants, using a low‐cost unmanned aerial system (drone), enabling rapid data collection and non‐destructive sampling. We compared volume measurement (a surrogate for biomass) and sampling time, from the simple dimension measurements and drone, to accurate laboratory‐derived biomass weights. We focused on three Australian plant species which are ecologically important to their terrestrial and floodplain ecosystems: porcupine grass                     Triodia scariosa                     , Queensland bluebush                     Chenopodium auricomum                     , and lignum                     Duma florulenta                     .                                                                        Estimated volume from the drone was more accurate than simple dimension measurements for porcupine grass and Queensland bluebush, compared to estimates from laboratory analyses but, not for lignum. The latter had a sparse canopy, with thin branches, few vestigial leaves and a similar color to the ground. Data collection and analysis consistently required more time for the drone method than the simple dimension measurements, but this would improve with automation.                                                     The drone method promises considerable potential for some plant species, allowing data to be collected over large spatial scales and, in time series, increasing opportunities to answer complex ecological and evolutionary questions and monitor the state of ecosystems and plant populations.;2022-05;27.05.2025 07:10;27.05.2025 07:10;27.05.2025 07:09;e8891;NA;5;12;NA;Ecology and Evolution;;;NA;NA;NA;NA;NA;en;;NA;NA;NA;DOI.org (Crossref);NA;;NA;C:\Users\j_stee03\Zotero\storage\BZWZJ4S5\McCann et al. - 2022 - Measuring plant biomass remotely using drones in a.pdf;NA;NA;NA;;NA;NA;NA;NA;NA;NA;NA;NA;NA;NA;NA;NA;NA;NA;NA;NA;NA;NA;NA;NA;NA;NA;NA;NA;NA;NA;NA;NA;NA;NA;NA;NA;NA;NA;NA;NA;NA;NA;NA;NA;NA;NA;NA;NA;NA
QBH8FCF4;journalArticle;2022;"Grabić, J.; Benka, P.; Ljevnaić-Mašić, B.; Vasić, I.; Bezdan, A.";Spatial distribution assessment of invasive alien species Amorpha fruticosa L. by UAV-based on remote sensing in the Special Nature Reserve Obedska Bara, Serbia;Environmental Monitoring and Assessment;NA;0167-6369, 1573-2959;10.1007/s10661-022-10273-8;https://link.springer.com/10.1007/s10661-022-10273-8;;2022-09;27.05.2025 07:10;27.05.2025 07:10;27.05.2025 07:09;599;NA;9;194;NA;Environ Monit Assess;;;NA;NA;NA;NA;NA;en;;NA;NA;NA;DOI.org (Crossref);NA;;NA;C:\Users\j_stee03\Zotero\storage\G86D3I2X\Grabić et al. - 2022 - Spatial distribution assessment of invasive alien .pdf;NA;NA;NA;;NA;NA;NA;NA;NA;NA;NA;NA;NA;NA;NA;NA;NA;NA;NA;NA;NA;NA;NA;NA;NA;NA;NA;NA;NA;NA;NA;NA;NA;NA;NA;NA;NA;NA;NA;NA;NA;NA;NA;NA;NA;NA;NA;NA;NA
F3N78H6W;journalArticle;2023;"Morgan, Bryn E.; Caylor, Kelly K.";Estimating Fine‐Scale Transpiration From UAV‐Derived Thermal Imagery and Atmospheric Profiles;Water Resources Research;NA;0043-1397, 1944-7973;10.1029/2023WR035251;https://agupubs.onlinelibrary.wiley.com/doi/10.1029/2023WR035251;"Abstract                            Accurate and timely observations of individual‐scale transpiration are critical for predicting ecosystem responses to climate change. Existing remote sensing methods for measuring transpiration lack the spatial resolution needed to resolve individual plants, and their sources of uncertainty are not well‐constrained. We present two novel approaches for independently quantifying fine‐scale transpiration using thermal imagery and a suite of environmental sensors mounted on an unmanned aerial vehicle (UAV) platform. The first is a surface energy balance (SEB) approach designed for fine‐scale thermal imagery; the second uses profiles of air temperature (               T                                a                              ) and humidity (               h                                r                              ) to calculate transpiration from the Bowen Ratio. Both approaches derive the energy equivalent of transpiration, latent heat flux (               λE               ), solely using data acquired from the UAV. We compare the two approaches and their sources of uncertainty using data from several flights at a grassland eddy covariance site in 2021 and 2022 and using typical diurnal conditions to evaluate the uncertainty of               λE               estimates for each approach. The SEB approach generated independent, UAV‐based estimates of               λE               within ∼20% of eddy covariance measurements and was most sensitive to surface temperature and resistance to heat transfer.               λE               calculated from the Bowen Ratio approach was ∼30% higher than tower values due to inaccuracies in               T                                a                              and               h                                r                              , the main sources of uncertainty in this approach. The Bowen Ratio approach has a lower overall potential uncertainty, indicating its potential for improvement over the SEB approach. Our results are the first physically‐based observations of transpiration derived solely from a UAV platform, with no ancillary data inputs.                        ,              Key Points                                                                Integrating characterization of atmospheric profiles on unmanned aerial vehicle platforms with thermal imagery enables independent plant water use observations                                                     The ability to capture atmospheric profiles of heat and humidity enables a theoretical approach that minimizes uncertainty in Evapotranspiration estimates                                                     Atmospheric profile approaches have the potential to substantially improve observations of individual plant water use";2023-11;27.05.2025 07:10;27.05.2025 07:10;27.05.2025 07:09;e2023WR035251;NA;11;59;NA;Water Resources Research;;;NA;NA;NA;NA;NA;en;;NA;NA;NA;DOI.org (Crossref);NA;;NA;C:\Users\j_stee03\Zotero\storage\BMLRC4HB\Morgan und Caylor - 2023 - Estimating Fine‐Scale Transpiration From UAV‐Deriv.pdf;NA;NA;NA;;NA;NA;NA;NA;NA;NA;NA;NA;NA;NA;NA;NA;NA;NA;NA;NA;NA;NA;NA;NA;NA;NA;NA;NA;NA;NA;NA;NA;NA;NA;NA;NA;NA;NA;NA;NA;NA;NA;NA;NA;NA;NA;NA;NA;NA
FMYAKH3D;journalArticle;2022;"Alvarez-Mendoza, Cesar I.; Guzman, Diego; Casas, Jorge; Bastidas, Mike; Polanco, Jan; Valencia-Ortiz, Milton; Montenegro, Frank; Arango, Jacobo; Ishitani, Manabu; Selvaraj, Michael Gomez";Predictive Modeling of Above-Ground Biomass in Brachiaria Pastures from Satellite and UAV Imagery Using Machine Learning Approaches;Remote Sensing;NA;2072-4292;10.3390/rs14225870;https://www.mdpi.com/2072-4292/14/22/5870;"Grassland pastures are crucial for the global food supply through their milk and meat production; hence, forage species monitoring is essential for cattle feed. Therefore, knowledge of pasture above-ground canopy features help understand the crop status. This paper finds how to construct machine learning models to predict above-ground canopy features in Brachiaria pasture from ground truth data (GTD) and remote sensing at larger (satellite data on the cloud) and smaller (unmanned aerial vehicles (UAV)) scales. First, we used above-ground biomass (AGB) data obtained from Brachiaria to evaluate the relationship between vegetation indices (VIs) with the dry matter (DM). Next, the performance of machine learning algorithms was used for predicting AGB based on VIs obtained from ground truth and satellite and UAV imagery. When comparing more than twenty-five machine learning models using an Auto Machine Learning Python API, the results show that the best algorithms were the Huber with R2 = 0.60, Linear with R2 = 0.54, and Extra Trees with R2 = 0.45 to large scales using satellite. On the other hand, short-scale best regressions are K Neighbors with an R2 of 0.76, Extra Trees with an R2 of 0.75, and Bayesian Ridge with an R2 of 0.70, demonstrating a high potential to predict AGB and DM. This study is the first prediction model approach that assesses the rotational grazing system and pasture above-ground canopy features to predict the quality and quantity of cattle feed to support pasture management in Colombia.";19.11.2022;27.05.2025 07:10;27.05.2025 07:10;27.05.2025 07:09;5870;NA;22;14;NA;Remote Sensing;;;NA;NA;NA;NA;NA;en;https://creativecommons.org/licenses/by/4.0/;NA;NA;NA;DOI.org (Crossref);NA;;NA;C:\Users\j_stee03\Zotero\storage\IPF6QUSF\Alvarez-Mendoza et al. - 2022 - Predictive Modeling of Above-Ground Biomass in Bra.pdf;NA;NA;NA;;NA;NA;NA;NA;NA;NA;NA;NA;NA;NA;NA;NA;NA;NA;NA;NA;NA;NA;NA;NA;NA;NA;NA;NA;NA;NA;NA;NA;NA;NA;NA;NA;NA;NA;NA;NA;NA;NA;NA;NA;NA;NA;NA;NA;NA
MFRFEL3Q;journalArticle;2023;"Costa, Lucas Silva; Sano, Edson Eyji; Ferreira, Manuel Eduardo; Munhoz, Cássia Beatriz Rodrigues; Costa, João Vítor Silva; Rufino Alves Júnior, Leomar; de Mello, Thiago Roure Bandeira; da Cunha Bustamante, Mercedes Maria";Woody Plant Encroachment in a Seasonal Tropical Savanna: Lessons about Classifiers and Accuracy from UAV Images;Remote Sensing;NA;2072-4292;10.3390/rs15092342;https://www.mdpi.com/2072-4292/15/9/2342;"Woody plant encroachment in grassy ecosystems is a widely reported phenomenon associated with negative impacts on ecosystem functions. Most studies of this phenomenon have been carried out in arid and semi-arid grasslands. Therefore, studies in tropical regions, particularly savannas, which are composed of grassland and woodland mosaics, are needed. Our objective was to evaluate the accuracy of woody encroachment classification in the Brazilian Cerrado, a tropical savanna. We acquired dry and wet season unmanned aerial vehicle (UAV) images using RGB and multispectral cameras that were processed by the support vector machine (SVM), decision tree (DT), and random forest (RF) classifiers. We also compared two validation methods: the orthomosaic and in situ methods. We targeted two native woody species: Baccharis retusa and Trembleya parviflora. Identification of these two species was statistically (p < 0.05) most accurate in the wet season RGB images classified by the RF algorithm, with an overall accuracy (OA) of 92.7%. Relating to validation assessments, the in situ method was more susceptible to underfitting scenarios, especially using an RF classifier. The OA was higher in grassland than in woodland formations. Our results show that woody encroachment classification in a tropical savanna is possible using UAV images and field surveys and is suggested to be conducted during the wet season. It is challenging to classify UAV images in highly diverse ecosystems such as the Cerrado; therefore, whenever possible, researchers should use multiple accuracy assessment methods. In the case of using in situ accuracy assessment, we suggest a minimum of 40 training samples per class and to use multiple classifiers (e.g., RF and DT). Our findings contribute to the generation of tools that optimize time and cost for the monitoring and management of woody encroachment in tropical savannas.";28.04.2023;27.05.2025 07:10;27.05.2025 07:10;27.05.2025 07:09;2342;NA;9;15;NA;Remote Sensing;Woody Plant Encroachment in a Seasonal Tropical Savanna;;NA;NA;NA;NA;NA;en;https://creativecommons.org/licenses/by/4.0/;NA;NA;NA;DOI.org (Crossref);NA;;NA;C:\Users\j_stee03\Zotero\storage\ZQLMMD3G\Costa et al. - 2023 - Woody Plant Encroachment in a Seasonal Tropical Sa.pdf;NA;NA;NA;;NA;NA;NA;NA;NA;NA;NA;NA;NA;NA;NA;NA;NA;NA;NA;NA;NA;NA;NA;NA;NA;NA;NA;NA;NA;NA;NA;NA;NA;NA;NA;NA;NA;NA;NA;NA;NA;NA;NA;NA;NA;NA;NA;NA;NA
T52SY9UY;journalArticle;2023;"Zhang, Tao; Bi, Yuge; Zhu, Xiangbing; Gao, Xinchao";Identification and Classification of Small Sample Desert Grassland Vegetation Communities Based on Dynamic Graph Convolution and UAV Hyperspectral Imagery;Sensors;NA;1424-8220;10.3390/s23052856;https://www.mdpi.com/1424-8220/23/5/2856;"Desert steppes are the last barrier to protecting the steppe ecosystem. However, existing grassland monitoring methods still mainly use traditional monitoring methods, which have certain limitations in the monitoring process. Additionally, the existing deep learning classification models of desert and grassland still use traditional convolutional neural networks for classification, which cannot adapt to the classification task of irregular ground objects, which limits the classification performance of the model. To address the above problems, this paper uses a UAV hyperspectral remote sensing platform for data acquisition and proposes a spatial neighborhood dynamic graph convolution network (SN_DGCN) for degraded grassland vegetation community classification. The results show that the proposed classification model had the highest classification accuracy compared to the seven classification models of MLP, 1DCNN, 2DCNN, 3DCNN, Resnet18, Densenet121, and SN_GCN; its OA, AA, and kappa were 97.13%, 96.50%, and 96.05% in the case of only 10 samples per class of features, respectively; The classification performance was stable under different numbers of training samples, had better generalization ability in the classification task of small samples, and was more effective for the classification task of irregular features. Meanwhile, the latest desert grassland classification models were also compared, which fully demonstrated the superior classification performance of the proposed model in this paper. The proposed model provides a new method for the classification of vegetation communities in desert grasslands, which is helpful for the management and restoration of desert steppes.";06.03.2023;27.05.2025 07:10;27.05.2025 07:10;27.05.2025 07:09;2856;NA;5;23;NA;Sensors;;;NA;NA;NA;NA;NA;en;https://creativecommons.org/licenses/by/4.0/;NA;NA;NA;DOI.org (Crossref);NA;;NA;C:\Users\j_stee03\Zotero\storage\FA5J4J2L\Zhang et al. - 2023 - Identification and Classification of Small Sample .pdf;NA;NA;NA;;NA;NA;NA;NA;NA;NA;NA;NA;NA;NA;NA;NA;NA;NA;NA;NA;NA;NA;NA;NA;NA;NA;NA;NA;NA;NA;NA;NA;NA;NA;NA;NA;NA;NA;NA;NA;NA;NA;NA;NA;NA;NA;NA;NA;NA
HRHS4378;journalArticle;2023;"Wang, Xiaoxue; Yan, Shicheng; Wang, Wenting; Yin, Liubing; Li, Meng; Yu, Zhe; Chang, Shenghua; Hou, Fujiang";Monitoring leaf area index of the sown mixture pasture through UAV multispectral image and texture characteristics;Computers and Electronics in Agriculture;NA;1681699;10.1016/j.compag.2023.108333;https://linkinghub.elsevier.com/retrieve/pii/S0168169923007214;;2023-11;27.05.2025 07:10;27.05.2025 07:10;27.05.2025 07:09;108333;NA;;214;NA;Computers and Electronics in Agriculture;;;NA;NA;NA;NA;NA;en;;NA;NA;NA;DOI.org (Crossref);NA;;NA;C:\Users\j_stee03\Zotero\storage\QUCQQ7HX\Wang et al. - 2023 - Monitoring leaf area index of the sown mixture pas.pdf;NA;NA;NA;;NA;NA;NA;NA;NA;NA;NA;NA;NA;NA;NA;NA;NA;NA;NA;NA;NA;NA;NA;NA;NA;NA;NA;NA;NA;NA;NA;NA;NA;NA;NA;NA;NA;NA;NA;NA;NA;NA;NA;NA;NA;NA;NA;NA;NA
NDW6UPVT;journalArticle;2024;"Pan, Tianli; Ye, Huping; Zhang, Xinyu; Liao, Xiaohan; Wang, Dongliang; Bayin, Dalai; Safarov, Mustafo; Okhonniyozov, Mekhrovar; Majid, Gulayozov";Estimating aboveground biomass of grassland in central Asia mountainous areas using unmanned aerial vehicle vegetation indices and image textures – A case study of typical grassland in Tajikistan;Environmental and Sustainability Indicators;NA;26659727;10.1016/j.indic.2024.100345;https://linkinghub.elsevier.com/retrieve/pii/S2665972724000138;;2024-06;27.05.2025 07:10;27.05.2025 07:10;27.05.2025 07:09;100345;NA;;22;NA;Environmental and Sustainability Indicators;;;NA;NA;NA;NA;NA;en;;NA;NA;NA;DOI.org (Crossref);NA;;NA;C:\Users\j_stee03\Zotero\storage\GK9GII38\Pan et al. - 2024 - Estimating aboveground biomass of grassland in cen.pdf;NA;NA;NA;;NA;NA;NA;NA;NA;NA;NA;NA;NA;NA;NA;NA;NA;NA;NA;NA;NA;NA;NA;NA;NA;NA;NA;NA;NA;NA;NA;NA;NA;NA;NA;NA;NA;NA;NA;NA;NA;NA;NA;NA;NA;NA;NA;NA;NA
FCM4QKIW;journalArticle;2022;"Hall, Emma C.; Lara, Mark J.";Multisensor UAS mapping of Plant Species and Plant Functional Types in Midwestern Grasslands;Remote Sensing;NA;2072-4292;10.3390/rs14143453;https://www.mdpi.com/2072-4292/14/14/3453;Uncrewed aerial systems (UASs) have emerged as powerful ecological observation platforms capable of filling critical spatial and spectral observation gaps in plant physiological and phenological traits that have been difficult to measure from space-borne sensors. Despite recent technological advances, the high cost of drone-borne sensors limits the widespread application of UAS technology across scientific disciplines. Here, we evaluate the tradeoffs between off-the-shelf and sophisticated drone-borne sensors for mapping plant species and plant functional types (PFTs) within a diverse grassland. Specifically, we compared species and PFT mapping accuracies derived from hyperspectral, multispectral, and RGB imagery fused with light detection and ranging (LiDAR) or structure-for-motion (SfM)-derived canopy height models (CHM). Sensor–data fusion were used to consider either a single observation period or near-monthly observation frequencies for integration of phenological information (i.e., phenometrics). Results indicate that overall classification accuracies for plant species and PFTs were highest in hyperspectral and LiDAR-CHM fusions (78 and 89%, respectively), followed by multispectral and phenometric–SfM–CHM fusions (52 and 60%, respectively) and RGB and SfM–CHM fusions (45 and 47%, respectively). Our findings demonstrate clear tradeoffs in mapping accuracies from economical versus exorbitant sensor networks but highlight that off-the-shelf multispectral sensors may achieve accuracies comparable to those of sophisticated UAS sensors by integrating phenometrics into machine learning image classifiers.;18.07.2022;27.05.2025 07:10;27.05.2025 07:10;27.05.2025 07:09;3453;NA;14;14;NA;Remote Sensing;;;NA;NA;NA;NA;NA;en;https://creativecommons.org/licenses/by/4.0/;NA;NA;NA;DOI.org (Crossref);NA;;NA;C:\Users\j_stee03\Zotero\storage\B5YDUHV8\Hall und Lara - 2022 - Multisensor UAS mapping of Plant Species and Plant.pdf;NA;NA;NA;;NA;NA;NA;NA;NA;NA;NA;NA;NA;NA;NA;NA;NA;NA;NA;NA;NA;NA;NA;NA;NA;NA;NA;NA;NA;NA;NA;NA;NA;NA;NA;NA;NA;NA;NA;NA;NA;NA;NA;NA;NA;NA;NA;NA;NA
CDIFQWFK;journalArticle;2023;"Bernath-Plaisted, Jacy S; Ribic, Christine A; Hills, W Beckett; Townsend, Philip A; Zuckerberg, Benjamin";Microclimate complexity in temperate grasslands: implications for conservation and management under climate change;Environmental Research Letters;NA;1748-9326;10.1088/1748-9326/acd4d3;https://iopscience.iop.org/article/10.1088/1748-9326/acd4d3;Abstract             As climate change advances, there is a need to examine climate conditions at scales that are ecologically relevant to species. While microclimates in forested systems have been extensively studied, microclimates in grasslands have received little attention despite the climate vulnerability of this endangered biome. We employed a novel combination of iButton temperature and humidity measurements, fine-scale spatial observations of vegetation and topography collected by unpiloted aircraft system, and gridded mesoclimate products to model microclimate anomalies in temperate grasslands. We found that grasslands harbored diverse microclimates and that primary productivity (as represented by normalized difference vegetation index), canopy height, and topography were strong spatial drivers of these anomalies. Microclimate heterogeneity is likely of ecological importance to grassland organisms seeking out climate change refugia, and thus there is a need to consider microclimate complexity in the management and conservation of grassland biodiversity.;01.06.2023;27.05.2025 07:10;27.05.2025 07:10;27.05.2025 07:09;64023;NA;6;18;NA;Environ. Res. Lett.;Microclimate complexity in temperate grasslands;;NA;NA;NA;NA;NA;;;NA;NA;NA;DOI.org (Crossref);NA;;NA;C:\Users\j_stee03\Zotero\storage\QNUX8Q7K\Bernath-Plaisted et al. - 2023 - Microclimate complexity in temperate grasslands i.pdf;NA;NA;NA;;NA;NA;NA;NA;NA;NA;NA;NA;NA;NA;NA;NA;NA;NA;NA;NA;NA;NA;NA;NA;NA;NA;NA;NA;NA;NA;NA;NA;NA;NA;NA;NA;NA;NA;NA;NA;NA;NA;NA;NA;NA;NA;NA;NA;NA
VUHVWD79;journalArticle;2022;"Zhang, Tao; Bi, Yuge; Du, Jianmin; Zhu, Xiangbing; Gao, Xinchao";Classification of desert grassland species based on a local-global feature enhancement network and UAV hyperspectral remote sensing;Ecological Informatics;NA;15749541;10.1016/j.ecoinf.2022.101852;https://linkinghub.elsevier.com/retrieve/pii/S1574954122003028;;2022-12;27.05.2025 07:10;27.05.2025 07:10;27.05.2025 07:09;101852;NA;;72;NA;Ecological Informatics;;;NA;NA;NA;NA;NA;en;;NA;NA;NA;DOI.org (Crossref);NA;;NA;C:\Users\j_stee03\Zotero\storage\NPEQZHEV\Zhang et al. - 2022 - Classification of desert grassland species based o.pdf;NA;NA;NA;;NA;NA;NA;NA;NA;NA;NA;NA;NA;NA;NA;NA;NA;NA;NA;NA;NA;NA;NA;NA;NA;NA;NA;NA;NA;NA;NA;NA;NA;NA;NA;NA;NA;NA;NA;NA;NA;NA;NA;NA;NA;NA;NA;NA;NA
LGL6MDG5;journalArticle;2023;"Hua, Rui; Ye, Guohui; De Giuli, Marta; Zhou, Rui; Bao, Daerhan; Hua, Limin; Niu, Yujie";Decreased species richness along bare patch gradient in the degradation of Kobresia pasture on the Tibetan Plateau;Ecological Indicators;NA;1470160X;10.1016/j.ecolind.2023.111195;https://linkinghub.elsevier.com/retrieve/pii/S1470160X23013377;;2023-12;27.05.2025 07:10;27.05.2025 07:10;27.05.2025 07:09;111195;NA;;157;NA;Ecological Indicators;;;NA;NA;NA;NA;NA;en;;NA;NA;NA;DOI.org (Crossref);NA;;NA;C:\Users\j_stee03\Zotero\storage\WKBXTXDS\Hua et al. - 2023 - Decreased species richness along bare patch gradie.pdf;NA;NA;NA;;NA;NA;NA;NA;NA;NA;NA;NA;NA;NA;NA;NA;NA;NA;NA;NA;NA;NA;NA;NA;NA;NA;NA;NA;NA;NA;NA;NA;NA;NA;NA;NA;NA;NA;NA;NA;NA;NA;NA;NA;NA;NA;NA;NA;NA
A4KI7G8E;journalArticle;2022;"Mangewa, Lazaro J.; Ndakidemi, Patrick A.; Alward, Richard D.; Kija, Hamza K.; Bukombe, John K.; Nasolwa, Emmanuel R.; Munishi, Linus K.";Comparative Assessment of UAV and Sentinel-2 NDVI and GNDVI for Preliminary Diagnosis of Habitat Conditions in Burunge Wildlife Management Area, Tanzania;Earth;NA;2673-4834;10.3390/earth3030044;https://www.mdpi.com/2673-4834/3/3/44;Habitat condition is a vital ecological attribute in wildlife conservation and management in protected areas, including the Burunge wildlife management areas in Tanzania. Traditional techniques, including satellite remote sensing and ground-based techniques used to assess habitat condition, have limitations in terms of costs and low resolution of satellite platforms. The Normalized Difference Vegetation Index (NDVI) and Green NDVI (GNDVI) have potential for assessing habitat condition, e.g., forage quantity and quality, vegetation cover and degradation, soil erosion and salinization, fire, and pollution of vegetation cover. We, therefore, examined how the recently emerged Unmanned Aerial Vehicle (UAV) platform and the traditional Sentinel-2 differs in indications of habitat condition using NDVI and GNDVI. We assigned 13 survey plots to random locations in the major land cover types: three survey plots in grasslands, shrublands, and woodlands, and two in riverine and mosaics cover types. We used a UAV-mounted, multi-spectral sensor and obtained Sentinel-2 imagery between February and March 2020. We categorized NDVI and GNDVI values into habitat condition classes (very good, good, poor, and very poor). We analyzed data using descriptive statistics and linear regression model in R-software. The results revealed higher sensitivity and ability of UAV to provide the necessary preliminary diagnostic indications of habitat condition. The UAV-based NDVI and GNDVI maps showed more details of all classes of habitat conditions than the Sentinel-2 maps. The linear regressions results showed strong positive correlations between the two platforms (p < 0.001). The differences were attributed primarily to spatial resolution and minor atmospheric effects. We recommend further studies to test other vegetation indices.;28.06.2022;27.05.2025 07:10;27.05.2025 07:10;27.05.2025 07:09;769-787;NA;3;3;NA;Earth;;;NA;NA;NA;NA;NA;en;https://creativecommons.org/licenses/by/4.0/;NA;NA;NA;DOI.org (Crossref);NA;;NA;C:\Users\j_stee03\Zotero\storage\73VXZ7XR\Mangewa et al. - 2022 - Comparative Assessment of UAV and Sentinel-2 NDVI .pdf;NA;NA;NA;;NA;NA;NA;NA;NA;NA;NA;NA;NA;NA;NA;NA;NA;NA;NA;NA;NA;NA;NA;NA;NA;NA;NA;NA;NA;NA;NA;NA;NA;NA;NA;NA;NA;NA;NA;NA;NA;NA;NA;NA;NA;NA;NA;NA;NA
NXVZFEIW;journalArticle;2023;"Koc, Ali Bulent; MacInnis, Brendan M.; Aguerre, Matias Jose; Chastain, John P.; Turner, Aaron P.";Alfalfa Biomass Estimation Using Crop Surface Modeling and NDVI;Applied Engineering in Agriculture;NA;1943-7838;10.13031/aea.15367;https://elibrary.asabe.org/abstract.asp?AID=53986&t=3&dabs=Y&redir=&redirType=;;2023;27.05.2025 07:10;27.05.2025 07:10;27.05.2025 07:09;251-264;NA;2;39;NA;;;;NA;NA;NA;NA;NA;en;;NA;NA;NA;DOI.org (Crossref);NA;;NA;C:\Users\j_stee03\Zotero\storage\54CELZCS\Koc et al. - 2023 - Alfalfa Biomass Estimation Using Crop Surface Mode.pdf;NA;NA;NA;;NA;NA;NA;NA;NA;NA;NA;NA;NA;NA;NA;NA;NA;NA;NA;NA;NA;NA;NA;NA;NA;NA;NA;NA;NA;NA;NA;NA;NA;NA;NA;NA;NA;NA;NA;NA;NA;NA;NA;NA;NA;NA;NA;NA;NA
5DU2D37D;journalArticle;2022;"Sangjan, Worasit; Carpenter-Boggs, Lynne A.; Hudson, Tipton D.; Sankaran, Sindhuja";Pasture Productivity Assessment under Mob Grazing and Fertility Management Using Satellite and UAS Imagery;Drones;NA;2504-446X;10.3390/drones6090232;https://www.mdpi.com/2504-446X/6/9/232;Pasture management approaches can determine the productivity, sustainability, and ecological balance of livestock production. Sensing techniques potentially provide methods to assess the performance of different grazing practices that are more labor and time efficient than traditional methods (e.g., soil and crop sampling). This study utilized high-resolution satellite and unmanned aerial system (UAS) imagery to evaluate vegetation characteristics of a pasture field location with two grazing densities (low and high, applied in the years 2015–2019) and four fertility treatments (control, manure, mineral, and compost tea, applied annually in the years 2015–2019). The pasture productivity was assessed through satellite imagery annually from the years 2017 to 2019. The relation and variation within and between the years were evaluated using vegetation indices extracted from satellite and UAS imagery. The data from the two sensing systems (satellite and UAS) demonstrated that grazing density showed a significant effect (p < 0.05) on pasture crop status in 2019. Furthermore, the mean vegetation index data extracted from satellite and UAS imagery (2019) had a high correlation (r ≥ 0.78, p < 0.001). These results show the potential of utilizing satellite and UAS imagery for crop productivity assessment applications in small to medium pasture research and management.;02.09.2022;27.05.2025 07:10;27.05.2025 07:10;27.05.2025 07:09;232;NA;9;6;NA;Drones;;;NA;NA;NA;NA;NA;en;https://creativecommons.org/licenses/by/4.0/;NA;NA;NA;DOI.org (Crossref);NA;;NA;C:\Users\j_stee03\Zotero\storage\QDEPK5QU\Sangjan et al. - 2022 - Pasture Productivity Assessment under Mob Grazing .pdf;NA;NA;NA;;NA;NA;NA;NA;NA;NA;NA;NA;NA;NA;NA;NA;NA;NA;NA;NA;NA;NA;NA;NA;NA;NA;NA;NA;NA;NA;NA;NA;NA;NA;NA;NA;NA;NA;NA;NA;NA;NA;NA;NA;NA;NA;NA;NA;NA
9FSMC5NU;journalArticle;2022;"Rossi, Christian; Kneubühler, Mathias; Schütz, Martin; Schaepman, Michael E.; Haller, Rudolf M.; Risch, Anita C.";Spatial resolution, spectral metrics and biomass are key aspects in estimating plant species richness from spectral diversity in species‐rich grasslands;Remote Sensing in Ecology and Conservation;NA;2056-3485, 2056-3485;10.1002/rse2.244;https://zslpublications.onlinelibrary.wiley.com/doi/10.1002/rse2.244;"Abstract             Increasing evidence suggests that remotely sensed spectral diversity is linked to plant species richness. However, a conflicting spectral diversity–biodiversity relationship in grasslands has been found in previous studies. In particular, it remains unclear how well the spectral diversity–biodiversity relationship holds in naturally assembled species‐rich grasslands. To address the linkage between spectral diversity and plant species richness in a species‐rich alpine grassland ecosystem, we investigated (i) the trade‐off between spectral and spatial resolution in remote sensing data; (ii) the suitability of three different spectral metrics to describe spectral diversity (coefficient of variation, convex hull volume and spectral species richness) and (iii) the importance of confounding effects of live plant biomass, dead plant biomass and plant life forms on the spectral diversity–biodiversity relationship. We addressed these questions using remote sensing data collected with consumer‐grade cameras with four spectral bands and 10 cm spatial resolution on an unmanned aerial vehicle (UAV), airborne imaging spectrometer data (AVIRIS‐NG) with 372 bands and 2.5 m spatial resolution, and a fused data product of both datasets. Our findings suggest that a fused dataset can cope with the requirement of both high spatial‐ and spectral resolution to remotely measure biodiversity. However, in contrast to several previous studies, we found a negative correlation between plant species richness and spectral metrics based on the spectral information content (i.e. spectral complexity). The spectral diversity calculated based on the spectral complexity was sensitive to live and dead plant biomass. Overall, our results suggest that remote sensing of plant species diversity requires a high spatial resolution, the use of classification‐based spectral metrics, such as spectral species richness, and awareness of confounding factors (e.g. plant biomass), which may be ecosystem specific.";2022-06;27.05.2025 07:10;27.05.2025 07:10;27.05.2025 07:09;297-314;NA;3;8;NA;Remote Sens Ecol Conserv;;;NA;NA;NA;NA;NA;en;;NA;NA;NA;DOI.org (Crossref);NA;;NA;C:\Users\j_stee03\Zotero\storage\BVAXRG4G\Rossi et al. - 2022 - Spatial resolution, spectral metrics and biomass a.pdf;NA;NA;NA;"Disney, Mat; He, Kate";NA;NA;NA;NA;NA;NA;NA;NA;NA;NA;NA;NA;NA;NA;NA;NA;NA;NA;NA;NA;NA;NA;NA;NA;NA;NA;NA;NA;NA;NA;NA;NA;NA;NA;NA;NA;NA;NA;NA;NA;NA;NA;NA;NA;NA
LE7IJXJ6;journalArticle;2022;"Olariu, Horia G.; Malambo, Lonesome; Popescu, Sorin C.; Virgil, Clifton; Wilcox, Bradford P.";Woody Plant Encroachment: Evaluating Methodologies for Semiarid Woody Species Classification from Drone Images;Remote Sensing;NA;2072-4292;10.3390/rs14071665;https://www.mdpi.com/2072-4292/14/7/1665;Globally, native semiarid grasslands and savannas have experienced a densification of woody plant species—leading to a multitude of environmental, economic, and cultural changes. These encroached areas are unique in that the diversity of tree species is small, but at the same time the individual species possess diverse phenological responses. The overall goal of this study was to evaluate the ability of very high resolution drone imagery to accurately map species of woody plants encroaching on semiarid grasslands. For a site in the Edwards Plateau ecoregion of central Texas, we used affordable, very high resolution drone imagery to which we applied maximum likelihood (ML), support vector machine (SVM), random forest (RF), and VGG-19 convolutional neural network (CNN) algorithms in combination with pixel-based (with and without post-processing) and object-based (small and large) classification methods. Based on test sample data (n = 1000) the VGG-19 CNN model achieved the highest overall accuracy (96.9%). SVM came in second with an average classification accuracy of 91.2% across all methods, followed by RF (89.7%) and ML (86.8%). Overall, our findings show that RGB drone sensors are indeed capable of providing highly accurate classifications of woody plant species in semiarid landscapes—comparable to and even greater in some regards to those achieved by aerial and drone imagery using hyperspectral sensors in more diverse landscapes.;30.03.2022;27.05.2025 07:10;27.05.2025 07:10;27.05.2025 07:09;1665;NA;7;14;NA;Remote Sensing;Woody Plant Encroachment;;NA;NA;NA;NA;NA;en;https://creativecommons.org/licenses/by/4.0/;NA;NA;NA;DOI.org (Crossref);NA;;NA;C:\Users\j_stee03\Zotero\storage\JALWS8YQ\Olariu et al. - 2022 - Woody Plant Encroachment Evaluating Methodologies.pdf;NA;NA;NA;;NA;NA;NA;NA;NA;NA;NA;NA;NA;NA;NA;NA;NA;NA;NA;NA;NA;NA;NA;NA;NA;NA;NA;NA;NA;NA;NA;NA;NA;NA;NA;NA;NA;NA;NA;NA;NA;NA;NA;NA;NA;NA;NA;NA;NA
AK9IQDGR;journalArticle;2022;"Sun, Yi; Yuan, Yaxin; Luo, Yifei; Ji, Wenxiang; Bian, Qingyao; Zhu, Zequn; Wang, Jingru; Qin, Yu; He, Xiong Zhao; Li, Meng; Yi, Shuhua";An Improved Method for Monitoring Multiscale Plant Species Diversity of Alpine Grassland Using UAV: A Case Study in the Source Region of the Yellow River, China;Frontiers in Plant Science;NA;1664-462X;10.3389/fpls.2022.905715;https://www.frontiersin.org/articles/10.3389/fpls.2022.905715/full;"Plant species diversity (PSD) is essential in evaluating the function and developing the management and conservation strategies of grassland. However, over a large region, an efficient and high precision method to monitor multiscale PSD (α-, β-, and γ-diversity) is lacking. In this study, we proposed and improved an unmanned aerial vehicle (UAV)-based PSD monitoring method (UAV               B               ) and tested the feasibility, and meanwhile, explored the potential relationship between multiscale PSD and precipitation on the alpine grassland of the source region of the Yellow River (SRYR), China. Our findings showed that: (1) UAV               B               was more representative (larger monitoring areas and more species identified with higher α- and γ-diversity) than the traditional ground-based monitoring method, though a few specific species (small in size) were difficult to identify; (2) UAV               B               is suitable for monitoring the multiscale PSD over a large region (the SRYR in this study), and the improvement by weighing the dominance of species improved the precision of α-diversity (higher               R               2               and lower               P               values of the linear regressions); and (3) the species diversity indices (α- and β-diversity) increased first and then they tended to be stable with the increase of precipitation in SRYR. These findings conclude that UAV               B               is suitable for monitoring multiscale PSD of an alpine grassland community over a large region, which will be useful for revealing the relationship of diversity–function, and helpful for conservation and sustainable management of the alpine grassland.";09.06.2022;27.05.2025 07:10;27.05.2025 07:10;27.05.2025 07:09;905715;NA;;13;NA;Front. Plant Sci.;An Improved Method for Monitoring Multiscale Plant Species Diversity of Alpine Grassland Using UAV;;NA;NA;NA;NA;NA;;;NA;NA;NA;DOI.org (Crossref);NA;;NA;C:\Users\j_stee03\Zotero\storage\C5YUX3HV\Sun et al. - 2022 - An Improved Method for Monitoring Multiscale Plant.pdf;NA;NA;NA;;NA;NA;NA;NA;NA;NA;NA;NA;NA;NA;NA;NA;NA;NA;NA;NA;NA;NA;NA;NA;NA;NA;NA;NA;NA;NA;NA;NA;NA;NA;NA;NA;NA;NA;NA;NA;NA;NA;NA;NA;NA;NA;NA;NA;NA
XA8GSAW9;journalArticle;2023;"Chen, Ang; Wang, Xing; Zhang, Min; Guo, Jian; Xing, Xiaoyu; Yang, Dong; Zhang, Huilong; Hou, Zhiyan; Jia, Ze; Yang, Xiuchun";Fusion of LiDAR and Multispectral Data for Aboveground Biomass Estimation in Mountain Grassland;Remote Sensing;NA;2072-4292;10.3390/rs15020405;https://www.mdpi.com/2072-4292/15/2/405;Grassland aboveground biomass (AGB) is an important indicator for studying the change in grassland ecological quality and carbon cycle. The rapid development of high-resolution remote sensing and unmanned aerial vehicles (UAV) provides a new opportunity for accurate estimation of grassland AGB on the plot scale. In this study, the mountain grassland was taken as the research object. Using UAV Light Detection and Ranging (LiDAR) data and multispectral satellite images, the influence of topographic correction methods on AGB estimation was compared and a series of LiDAR metrics and vegetation indices were extracted. On this basis, a comprehensive indicator, the vegetation index-height-intensity model (VHI), was proposed to estimate AGB quickly. The results show that: (1) Among the four topographic correction methods, the Teillet regression has the best effect, and can effectively improve the accuracy of AGB estimation in mountain grassland. The correlation between corrected ratio vegetation index and AGB was the highest (correlation coefficient: 0.682). (2) Among the height and intensity metrics, median height and max intensity yielded the higher accuracy in estimating AGB, with Root Mean Square Error (RMSE) of 322 g/m2 and 333 g/m2, respectively. (3) The VHI integrated spectrum and LiDAR information, and its accuracy for AGB estimation for mountain grassland, was obviously better than other indicators, with an RMSE of 272 g/m2. We also found that the accuracy of VHI in univariate models was comparable to that of complex multivariate models such as stepwise regression, support vector machine, and random forest. This study provides a new approach for estimating grassland AGB with multi-source data. As a simple and effective indicator, VHI has shown strong application potential for grassland AGB estimating in mountainous areas, and can be further applied to grassland carbon cycle research and fine management.;09.01.2023;27.05.2025 07:10;27.05.2025 07:10;27.05.2025 07:09;405;NA;2;15;NA;Remote Sensing;;;NA;NA;NA;NA;NA;en;https://creativecommons.org/licenses/by/4.0/;NA;NA;NA;DOI.org (Crossref);NA;;NA;C:\Users\j_stee03\Zotero\storage\EJKVSMV9\Chen et al. - 2023 - Fusion of LiDAR and Multispectral Data for Abovegr.pdf;NA;NA;NA;;NA;NA;NA;NA;NA;NA;NA;NA;NA;NA;NA;NA;NA;NA;NA;NA;NA;NA;NA;NA;NA;NA;NA;NA;NA;NA;NA;NA;NA;NA;NA;NA;NA;NA;NA;NA;NA;NA;NA;NA;NA;NA;NA;NA;NA
5QCFBRAY;journalArticle;2022;"Taugourdeau, Simon; Diedhiou, Antoine; Fassinou, Cofélas; Bossoukpe, Marina; Diatta, Ousmane; N’Goran, Ange; Auderbert, Alain; Ndiaye, Ousmane; Diouf, Abdoul Aziz; Tagesson, Torbern; Fensholt, Rasmus; Faye, Emile";Estimating herbaceous aboveground biomass in Sahelian rangelands using Structure from Motion data collected on the ground and by UAV;Ecology and Evolution;NA;2045-7758, 2045-7758;10.1002/ece3.8867;https://onlinelibrary.wiley.com/doi/10.1002/ece3.8867;Abstract                            Herbaceous aboveground biomass (HAB) is a key indicator of grassland vegetation and indirect estimation tools, such as remote sensing imagery, increase the potential for covering larger areas in a timely and cost‐efficient way. Structure from Motion (SfM) is an image analysis process that can create a variety of 3D spatial models as well as 2D orthomosaics from a set of images. Computed from Unmanned Aerial Vehicle (UAV) and ground camera measurements, the SfM potential to estimate the herbaceous aboveground biomass in Sahelian rangelands was tested in this study. Both UAV and ground camera recordings were used at three different scales: temporal, landscape, and national (across Senegal). All images were processed using PIX4D software (photogrammetry software) and were used to extract vegetation indices and heights. A random forest algorithm was used to estimate the HAB and the average estimation errors were around 150 g m               −               ² for fresh mass (20% relative error) and 60 g m               −               ² for dry mass (around 25% error). A comparison between different datasets revealed that the estimates based on camera data were slightly more accurate than those from UAV data. It was also found that combining datasets across scales for the same type of tool (UAV or camera) could be a useful option for monitoring HAB in Sahelian rangelands or in other grassy ecosystems.;2022-05;27.05.2025 07:10;27.05.2025 07:10;27.05.2025 07:09;e8867;NA;5;12;NA;Ecology and Evolution;;;NA;NA;NA;NA;NA;en;;NA;NA;NA;DOI.org (Crossref);NA;;NA;C:\Users\j_stee03\Zotero\storage\FLE83V5C\Taugourdeau et al. - 2022 - Estimating herbaceous aboveground biomass in Sahel.pdf;NA;NA;NA;;NA;NA;NA;NA;NA;NA;NA;NA;NA;NA;NA;NA;NA;NA;NA;NA;NA;NA;NA;NA;NA;NA;NA;NA;NA;NA;NA;NA;NA;NA;NA;NA;NA;NA;NA;NA;NA;NA;NA;NA;NA;NA;NA;NA;NA
YULLIGIK;journalArticle;2024;"Yoshitoshi, Rena; Sakanoue, Seiichi; Watanabe, Nariyasu";"Detecting reed canary grass ( <span style=""font-variant:small-caps;""> <i>Phalaris arundinacea</i> </span> L.) patches from UAV‐based digital surface model images—A case study in a timothy ( <i>Phleum pretense</i> L.) meadow field";Grassland Science;NA;1744-6961, 1744-697X;10.1111/grs.12415;https://onlinelibrary.wiley.com/doi/10.1111/grs.12415;Abstract                            Accurate determination of the weed ratio in artificial meadows is critical for efficient pasture renovation. Reed canary grass (                                Phalaris arundinacea                              L., RCG) is treated as a troublesome grass in the Hokkaido region of Japan because of its low feed quality and poor palatability in dairy farming. In the present study, we examined a method of identifying the dominant area of RCG in timothy (               Phleum pretense               L.) meadows by applying the Canny method to unmanned aerial vehicle (UAV)‐based digital surface model (DSM) images. Comparing the actual RCG patches observed in a field survey (50 m quadrats × 4 places) with the predicted patches, the pixel‐based recall and F value were 0.90 and 0.83, respectively. These results demonstrated that the area of RCG can be detected using a simple method without supervised data or deep learning. This study is expected to be utilized in a wide variety of applications using relative height differences.;2024-01;27.05.2025 07:10;27.05.2025 07:10;27.05.2025 07:09;35-40;NA;1;70;NA;Grassland Science;"Detecting reed canary grass ( <span style=""font-variant";;NA;NA;NA;NA;NA;en;;NA;NA;NA;DOI.org (Crossref);NA;;NA;C:\Users\j_stee03\Zotero\storage\FY99IDJT\Yoshitoshi et al. - 2024 - Detecting reed canary grass ( span style=font-va.pdf;NA;NA;NA;;NA;NA;NA;NA;NA;NA;NA;NA;NA;NA;NA;NA;NA;NA;NA;NA;NA;NA;NA;NA;NA;NA;NA;NA;NA;NA;NA;NA;NA;NA;NA;NA;NA;NA;NA;NA;NA;NA;NA;NA;NA;NA;NA;NA;NA
LIHZAS8C;journalArticle;2023;"Isoaho, Aleksi; Ikkala, Lauri; Marttila, Hannu; Hjort, Jan; Kumpula, Timo; Korpelainen, Pasi; Räsänen, Aleksi";Spatial water table level modelling with multi-sensor unmanned aerial vehicle data in boreal aapa mires;Remote Sensing Applications: Society and Environment;NA;23529385;10.1016/j.rsase.2023.101059;https://linkinghub.elsevier.com/retrieve/pii/S2352938523001416;;2023-11;27.05.2025 07:10;27.05.2025 07:10;27.05.2025 07:09;101059;NA;;32;NA;Remote Sensing Applications: Society and Environment;;;NA;NA;NA;NA;NA;en;;NA;NA;NA;DOI.org (Crossref);NA;;NA;C:\Users\j_stee03\Zotero\storage\6EWJZNHS\Isoaho et al. - 2023 - Spatial water table level modelling with multi-sen.pdf;NA;NA;NA;;NA;NA;NA;NA;NA;NA;NA;NA;NA;NA;NA;NA;NA;NA;NA;NA;NA;NA;NA;NA;NA;NA;NA;NA;NA;NA;NA;NA;NA;NA;NA;NA;NA;NA;NA;NA;NA;NA;NA;NA;NA;NA;NA;NA;NA
4MURUBFA;journalArticle;2023;"Steenvoorden, Jasper; Bartholomeus, Harm; Limpens, Juul";Less is more: Optimizing vegetation mapping in peatlands using unmanned aerial vehicles (UAVs);International Journal of Applied Earth Observation and Geoinformation;NA;15698432;10.1016/j.jag.2023.103220;https://linkinghub.elsevier.com/retrieve/pii/S1569843223000420;;2023-03;27.05.2025 07:10;27.05.2025 07:10;27.05.2025 07:09;103220;NA;;117;NA;International Journal of Applied Earth Observation and Geoinformation;Less is more;;NA;NA;NA;NA;NA;en;;NA;NA;NA;DOI.org (Crossref);NA;;NA;C:\Users\j_stee03\Zotero\storage\FTEQBWWP\Steenvoorden et al. - 2023 - Less is more Optimizing vegetation mapping in pea.pdf;NA;NA;NA;;NA;NA;NA;NA;NA;NA;NA;NA;NA;NA;NA;NA;NA;NA;NA;NA;NA;NA;NA;NA;NA;NA;NA;NA;NA;NA;NA;NA;NA;NA;NA;NA;NA;NA;NA;NA;NA;NA;NA;NA;NA;NA;NA;NA;NA
75WL8X9Q;journalArticle;2022;"Iñamagua-Uyaguari, Juan Pablo; Green, David R.; Fitton, Nuala; Sangoluisa, Pamela; Torres, Jonathan; Smith, Pete";Use of Unoccupied Aerial Systems to Characterize Woody Vegetation across Silvopastoral Systems in Ecuador;Remote Sensing;NA;2072-4292;10.3390/rs14143386;https://www.mdpi.com/2072-4292/14/14/3386;"The trees in pastures are recognized for the benefits they provide to livestock, farmers, and the environment; nevertheless, their study has been restricted to small areas, making it difficult to upscale this information to national levels. For tropical developing countries, it is particularly important to understand the contribution of these systems to national carbon budgets. However, the costs associated with performing field measurements might limit the acquisition of this information. The use of unoccupied aerial systems (UAS) for ecological surveys has proved useful for collecting information at larger scales and with significantly lower costs. This study proposes a methodology that integrates field and UAS surveys to study trees on pasture areas across different terrain conditions. Our overall objective was to test the suitability of UAS surveys to the estimation of aboveground biomass (AGB), relying mainly on open-source software. The tree heights and crown diameters were measured on 0.1-hectare circular plots installed on pasture areas on livestock farms in the Amazon and Coastal regions in Ecuador. An UAS survey was performed on 1-hectare plots containing the circular plots. Field measurements were compared against canopy-height model values and biomass estimates using the two sources of information. Our results demonstrate that UAS surveys can be useful for identifying tree spatial arrangements and provide good estimates of tree height (RMSE values ranged from 0.01 to 3.53 m), crown diameter (RMSE values ranged from 0.04 to 4.47 m), and tree density (density differences ranging from 21.5 to 64.3%), which have a direct impact on biomass estimates. The differences in biomass estimates between the UAS and the field-measured values ranged from 25 to 75%, depending on site characteristics, such as slope and tree coverage. The results suggest that UASs are reliable and feasible tools with which to study tree characteristics on pastures, covering larger areas than field methods only.";14.07.2022;27.05.2025 07:10;27.05.2025 07:10;27.05.2025 07:09;3386;NA;14;14;NA;Remote Sensing;;;NA;NA;NA;NA;NA;en;https://creativecommons.org/licenses/by/4.0/;NA;NA;NA;DOI.org (Crossref);NA;;NA;C:\Users\j_stee03\Zotero\storage\7UVXB2IS\Iñamagua-Uyaguari et al. - 2022 - Use of Unoccupied Aerial Systems to Characterize W.pdf;NA;NA;NA;;NA;NA;NA;NA;NA;NA;NA;NA;NA;NA;NA;NA;NA;NA;NA;NA;NA;NA;NA;NA;NA;NA;NA;NA;NA;NA;NA;NA;NA;NA;NA;NA;NA;NA;NA;NA;NA;NA;NA;NA;NA;NA;NA;NA;NA
X7C8EPFU;journalArticle;2022;"Zhang, Yi-Wei; Wang, Tiejun; Guo, Yanpei; Skidmore, Andrew; Zhang, Zhenhua; Tang, Rong; Song, Shanshan; Tang, Zhiyao";Estimating Community-Level Plant Functional Traits in a Species-Rich Alpine Meadow Using UAV Image Spectroscopy;Remote Sensing;NA;2072-4292;10.3390/rs14143399;https://www.mdpi.com/2072-4292/14/14/3399;Plant functional traits at the community level (plant community traits hereafter) are commonly used in trait-based ecology for the study of vegetation–environment relationships. Previous studies have shown that a variety of plant functional traits at the species or community level can be successfully retrieved by airborne or spaceborne imaging spectrometer in homogeneous, species-poor ecosystems. However, findings from these studies may not apply to heterogeneous, species-rich ecosystems. Here, we aim to determine whether unmanned aerial vehicle (UAV)-based hyperspectral imaging could adequately estimate plant community traits in a species-rich alpine meadow ecosystem on the Qinghai–Tibet Plateau. To achieve this, we compared the performance of four non-parametric regression models, i.e., partial least square regression (PLSR), the generic algorithm integrated with the PLSR (GA-PLSR), random forest (RF) and extreme gradient boosting (XGBoost) for the retrieval of 10 plant community traits using visible and near-infrared (450–950 nm) UAV hyperspectral imaging. Our results show that chlorophyll a, chlorophyll b, carotenoid content, starch content, specific leaf area and leaf thickness were estimated with good accuracies, with the highest R2 values between 0.64 (nRMSE = 0.16) and 0.83 (nRMSE = 0.11). Meanwhile, the estimation accuracies for nitrogen content, phosphorus content, plant height and leaf dry matter content were relatively low, with the highest R2 varying from 0.3 (nRMSE = 0.24) to 0.54 (nRMSE = 0.20). Among the four tested algorithms, the GA-PLSR produced the highest accuracy, followed by PLSR and XGBoost, and RF showed the poorest performance. Overall, our study demonstrates that UAV-based visible and near-infrared hyperspectral imaging has the potential to accurately estimate multiple plant community traits for the natural grassland ecosystem at a fine scale.;15.07.2022;27.05.2025 07:10;27.05.2025 07:10;27.05.2025 07:09;3399;NA;14;14;NA;Remote Sensing;;;NA;NA;NA;NA;NA;en;https://creativecommons.org/licenses/by/4.0/;NA;NA;NA;DOI.org (Crossref);NA;;NA;C:\Users\j_stee03\Zotero\storage\ABHX3TIQ\Zhang et al. - 2022 - Estimating Community-Level Plant Functional Traits.pdf;NA;NA;NA;;NA;NA;NA;NA;NA;NA;NA;NA;NA;NA;NA;NA;NA;NA;NA;NA;NA;NA;NA;NA;NA;NA;NA;NA;NA;NA;NA;NA;NA;NA;NA;NA;NA;NA;NA;NA;NA;NA;NA;NA;NA;NA;NA;NA;NA
2Y7KYW9Z;journalArticle;2022;"Meng, Baoping; Zhang, Yuzhuo; Yang, Zhigui; Lv, Yanyan; Chen, Jianjun; Li, Meng; Sun, Yi; Zhang, Huifang; Yu, Huilin; Zhang, Jianguo; Lian, Jie; He, Mingzhu; Li, Jinrong; Yu, Hongyan; Chang, Li; Yi, Shuhua";Mapping Grassland Classes Using Unmanned Aerial Vehicle and MODIS NDVI Data for Temperate Grassland in Inner Mongolia, China;Remote Sensing;NA;2072-4292;10.3390/rs14092094;https://www.mdpi.com/2072-4292/14/9/2094;"Grassland classification is crucial for grassland management. One commonly used method utilizes remote sensing vegetation indices (VIs) to map grassland classes at various scales. However, most grassland classifications were conducted as case studies in a small area due to lack of field data sources. At a small scale, classification is reliable; however, great uncertainty emerges when extended to other areas. In this study, large amounts of field observations (more than 30,000 aerial photos) were obtained using unmanned aerial vehicle photography in Inner Mongolia, China, during the peak period of grassland growth in 2018 and 2019. Then, four machine learning classification algorithms were constructed based on characteristic indices of MODIS NDVI in the growing season to map grassland classes of Inner Mongolia. Finally, the spatial distribution and temporal variation of temperate grassland classes were analyzed. Results showed that: (1) Among all characteristic indices, the maximum, average, and sum of MODIS NDVI from July to September during 2015 to 2019 greatly affected grassland classification. (2) The random forest method exhibited the best performance with overall accuracy and kappa coefficient being 72.17% and 0.62, respectively. (3) Compared with the grassland class mapped in the 1980s, 30.98% of grassland classes have been transformed. Our study provides a technological basis for effective and accurate classification of the temperate steppe class and a theoretical foundation for sustainable development and restoration of the temperate steppe ecosystem.";27.04.2022;27.05.2025 07:10;27.05.2025 07:10;27.05.2025 07:09;2094;NA;9;14;NA;Remote Sensing;;;NA;NA;NA;NA;NA;en;https://creativecommons.org/licenses/by/4.0/;NA;NA;NA;DOI.org (Crossref);NA;;NA;C:\Users\j_stee03\Zotero\storage\BF4EWFHU\Meng et al. - 2022 - Mapping Grassland Classes Using Unmanned Aerial Ve.pdf;NA;NA;NA;;NA;NA;NA;NA;NA;NA;NA;NA;NA;NA;NA;NA;NA;NA;NA;NA;NA;NA;NA;NA;NA;NA;NA;NA;NA;NA;NA;NA;NA;NA;NA;NA;NA;NA;NA;NA;NA;NA;NA;NA;NA;NA;NA;NA;NA
FTB35M5P;journalArticle;2023;"Gröschler, Kim-Cedric; Muhuri, Arnab; Roy, Swalpa Kumar; Oppelt, Natascha";Monitoring the Population Development of Indicator Plants in High Nature Value Grassland Using Machine Learning and Drone Data;Drones;NA;2504-446X;10.3390/drones7100644;https://www.mdpi.com/2504-446X/7/10/644;The temporal monitoring of indicator plant species in high nature value grassland is crucial for nature conservation. However, traditional monitoring approaches are resource-intensive, straining limited funds and personnel. In this study, we demonstrate the capabilities of a repeated drone-based plant count for monitoring the population development of an indicator plant species (Dactylorhiza majalis (DM)) to address such challenges. We utilized multispectral very high-spatial-resolution drone data from two consecutive flowering seasons for exploiting a Random Forest- and a Neural Network-based remote sensing plant count (RSPC) approach. In comparison to in situ data, Random Forest-based RSPC achieved a better performance than Neural Network-based RSPC. We observed an R² of 0.8 and 0.63 and a RMSE of 8.5 and 11.4 DM individuals/m², respectively. The accuracies indicate a comparable performance to conventional plant count surveys. In a change detection setup, we assessed the population development of DM and observed an overall decline in DM individuals in the study site. Regions with an increasing DM count were small and the increase relatively low in magnitude. Additionally, we documented the success of a manual seed transfer of DM to a previously uninhabited area within our study site. We conclude that repeated drone surveys are indeed suitable to monitor the population development of indicator plant species with a spectrally prominent flower color. They provide a unique spatio-temporal perspective to aid practical nature conservation and document conservation efforts.;23.10.2023;27.05.2025 07:10;27.05.2025 07:10;27.05.2025 07:09;644;NA;10;7;NA;Drones;;;NA;NA;NA;NA;NA;en;https://creativecommons.org/licenses/by/4.0/;NA;NA;NA;DOI.org (Crossref);NA;;NA;C:\Users\j_stee03\Zotero\storage\JLH59PTP\Gröschler et al. - 2023 - Monitoring the Population Development of Indicator.pdf;NA;NA;NA;;NA;NA;NA;NA;NA;NA;NA;NA;NA;NA;NA;NA;NA;NA;NA;NA;NA;NA;NA;NA;NA;NA;NA;NA;NA;NA;NA;NA;NA;NA;NA;NA;NA;NA;NA;NA;NA;NA;NA;NA;NA;NA;NA;NA;NA
939VLEYA;journalArticle;2022;"Alves Oliveira, Raquel; Marcato Junior, José; Soares Costa, Celso; Näsi, Roope; Koivumäki, Niko; Niemeläinen, Oiva; Kaivosoja, Jere; Nyholm, Laura; Pistori, Hemerson; Honkavaara, Eija";Silage Grass Sward Nitrogen Concentration and Dry Matter Yield Estimation Using Deep Regression and RGB Images Captured by UAV;Agronomy;NA;2073-4395;10.3390/agronomy12061352;https://www.mdpi.com/2073-4395/12/6/1352;Agricultural grasslands are globally important for food production, biodiversity, and greenhouse gas mitigation. Effective strategies to monitor grass sward properties, such as dry matter yield (DMY) and nitrogen concentration, are crucial when aiming to improve the sustainable use of grasslands in the context of food production. UAV-borne spectral imaging and traditional machine learning methods have already shown the potential to estimate DMY and nitrogen concentration for the grass swards. In this study, convolutional neural networks (CNN) were trained using low-cost RGB images, captured from a UAV, and agricultural reference measurements collected in an experimental grass field in Finland. Four different deep regression network architectures and three different optimizers were assessed. The best average results of the cross-validation were achieved by the VGG16 architecture with optimizer Adadelta: r2 of 0.79 for DMY and r2 of 0.73 for nitrogen concentration. The results demonstrate that this is a promising and effective tool for practical applications since the sensor is low-cost and the computational processing is not time-consuming in comparison to more complex sensors.;01.06.2022;27.05.2025 07:10;27.05.2025 07:10;27.05.2025 07:09;1352;NA;6;12;NA;Agronomy;;;NA;NA;NA;NA;NA;en;https://creativecommons.org/licenses/by/4.0/;NA;NA;NA;DOI.org (Crossref);NA;;NA;C:\Users\j_stee03\Zotero\storage\S4KVBMQB\Alves Oliveira et al. - 2022 - Silage Grass Sward Nitrogen Concentration and Dry .pdf;NA;NA;NA;;NA;NA;NA;NA;NA;NA;NA;NA;NA;NA;NA;NA;NA;NA;NA;NA;NA;NA;NA;NA;NA;NA;NA;NA;NA;NA;NA;NA;NA;NA;NA;NA;NA;NA;NA;NA;NA;NA;NA;NA;NA;NA;NA;NA;NA
TERFRYGJ;journalArticle;2022;"Ikkala, Lauri; Ronkanen, Anna-Kaisa; Ilmonen, Jari; Similä, Maarit; Rehell, Sakari; Kumpula, Timo; Päkkilä, Lassi; Klöve, Björn; Marttila, Hannu";Unmanned Aircraft System (UAS) Structure-From-Motion (SfM) for Monitoring the Changed Flow Paths and Wetness in Minerotrophic Peatland Restoration;Remote Sensing;NA;2072-4292;10.3390/rs14133169;https://www.mdpi.com/2072-4292/14/13/3169;Peatland restoration aims to achieve pristine water pathway conditions to recover dispersed wetness, water quality, biodiversity and carbon sequestration. Restoration monitoring needs new methods for understanding the spatial effects of restoration in peatlands. We introduce an approach using high-resolution data produced with an unmanned aircraft system (UAS) and supported by the available light detection and ranging (LiDAR) data to reveal the hydrological impacts of elevation changes in peatlands due to restoration. The impacts were assessed by analyzing flow accumulation and the SAGA Wetness Index (SWI). UAS campaigns were implemented at two boreal minerotrophic peatland sites in degraded and restored states. Simultaneously, the control campaigns mapped pristine sites to reveal the method sensitivity of external factors. The results revealed that the data accuracy is sufficient for describing the primary elevation changes caused by excavation. The cell-wise root mean square error in elevation was on average 48 mm when two pristine UAS campaigns were compared with each other, and 98 mm when each UAS campaign was compared with the LiDAR data. Furthermore, spatial patterns of more subtle peat swelling and subsidence were found. The restorations were assessed as successful, as dispersing the flows increased the mean wetness by 2.9–6.9%, while the absolute changes at the pristine sites were 0.4–2.4%. The wetness also became more evenly distributed as the standard deviation decreased by 13–15% (a 3.1–3.6% change for pristine). The total length of the main flow routes increased by 25–37% (a 3.1–8.1% change for pristine), representing the increased dispersion and convolution of flow. The validity of the method was supported by the field-determined soil water content (SWC), which showed a statistically significant correlation (R2 = 0.26–0.42) for the restoration sites but not for the control sites, possibly due to their upslope catchment areas being too small. Despite the uncertainties related to the heterogenic soil properties and complex groundwater interactions, we conclude the method to have potential for estimating changed flow paths and wetness following peatland restoration.;01.07.2022;27.05.2025 07:10;27.05.2025 07:10;27.05.2025 07:09;3169;NA;13;14;NA;Remote Sensing;;;NA;NA;NA;NA;NA;en;https://creativecommons.org/licenses/by/4.0/;NA;NA;NA;DOI.org (Crossref);NA;;NA;C:\Users\j_stee03\Zotero\storage\MR3GSSU7\Ikkala et al. - 2022 - Unmanned Aircraft System (UAS) Structure-From-Moti.pdf;NA;NA;NA;;NA;NA;NA;NA;NA;NA;NA;NA;NA;NA;NA;NA;NA;NA;NA;NA;NA;NA;NA;NA;NA;NA;NA;NA;NA;NA;NA;NA;NA;NA;NA;NA;NA;NA;NA;NA;NA;NA;NA;NA;NA;NA;NA;NA;NA
SYG89JBT;journalArticle;2023;"Sang, Yazhuan; Yu, Shangzhao; Lu, Fengshuai; Sun, Yi; Wang, Shulin; Ade, Luji; Hou, Fujiang";UAV Monitoring Topsoil Moisture in an Alpine Meadow on the Qinghai–Tibet Plateau;Agronomy;NA;2073-4395;10.3390/agronomy13092193;https://www.mdpi.com/2073-4395/13/9/2193;Soil moisture is one of the most critical soil components for sustained plant growth and grassland management. Unmanned aerial vehicles (UAVs) are gradually replacing manual labor in various aspects of grassland management. However, their potential for monitoring soil moisture in grasslands remains largely unexplored. High vegetation coverage and frequent rainfall in the Tibetan Plateau pose a challenge for personnel working in alpine meadows. To explore the potential of UAV technology for soil moisture detection in these areas, we conducted a rainfall reduction experiment in Maqu County, China to understand the relationships among soil moisture, vegetation coverage, and visible-light images captured using UAVs. The findings indicated a significant correlation between topsoil moisture and the brightness values in visible-light images acquired by UAVs (p < 0.0001). These results demonstrated that visible-light brightness, vegetation coverage, rainfall reduction, and aboveground biomass can be utilized for estimating the topsoil moisture using these images (y = −0.2676 × Brightness + 0.2808 × Vegetation coverage −0.1862 × Rainfall reduction + 0.1357 × Aboveground biomass + 37.77). The model validation worked well (E = 0.8291, RS = −3.58%, RMA = 10.38%, RMSE = 3.5878, Pearson’s r = 0.9631, PSI = 0.0125). This study further addresses the problem of topsoil moisture measurement in flat areas of mesoscale moist alpine meadows and is expected to facilitate the widespread adoption of UAV use in grassland ecology research.;22.08.2023;27.05.2025 07:10;27.05.2025 07:10;27.05.2025 07:09;2193;NA;9;13;NA;Agronomy;;;NA;NA;NA;NA;NA;en;https://creativecommons.org/licenses/by/4.0/;NA;NA;NA;DOI.org (Crossref);NA;;NA;C:\Users\j_stee03\Zotero\storage\M7JR7YU4\Sang et al. - 2023 - UAV Monitoring Topsoil Moisture in an Alpine Meado.pdf;NA;NA;NA;;NA;NA;NA;NA;NA;NA;NA;NA;NA;NA;NA;NA;NA;NA;NA;NA;NA;NA;NA;NA;NA;NA;NA;NA;NA;NA;NA;NA;NA;NA;NA;NA;NA;NA;NA;NA;NA;NA;NA;NA;NA;NA;NA;NA;NA
B3VTRPVW;journalArticle;2022;"Gröschler, Kim-Cedric; Oppelt, Natascha";Using Drones to Monitor Broad-Leaved Orchids (Dactylorhiza majalis) in High-Nature-Value Grassland;Drones;NA;2504-446X;10.3390/drones6070174;https://www.mdpi.com/2504-446X/6/7/174;Dactylorhiza majalis is a threatened indicator species for the habitat quality of nutrient-poor grassland sites. Environmentalists utilize the species to validate the success of conservation efforts. Conventionally, plant surveys are field campaigns where the plant numbers are estimated and their spatial distribution is either approximated by GPS or labor-intensively measured by differential GPS. In this study, we propose a monitoring approach using multispectral drone-based data with a very high spatial resolution (~3 cm). We developed the magenta vegetation index to enhance the spectral response of Dactylorhiza majalis in the drone data. We integrated the magenta vegetation index in a random forest classification routine among other vegetation indices and analyzed feature impact on model decision making using SHAP. We applied an image object-level median filter to the classification result to account for image artefacts. Finally, we aggregated the filtered result to individuals per square meter using an overlaying vector grid. The SHAP analysis showed that magenta vegetation index had the highest impact on model decision making. The random forest model could reliably classify Dactylorhiza majalis in the drone data (F1 score: 0.99). We validated the drone-derived plant count using field mappings and achieved good results with an RMSE of 12 individuals per square meter, which is within the error margin stated by experts for a conventional plant survey. In addition to abundance, we revealed the comprehensive spatial distribution of the plants. The results indicate that drone surveys are a suitable alternative to conventional monitoring because they can aid in evaluating conservation efforts and optimizing site-specific management.;15.07.2022;27.05.2025 07:10;27.05.2025 07:10;27.05.2025 07:09;174;NA;7;6;NA;Drones;;;NA;NA;NA;NA;NA;en;https://creativecommons.org/licenses/by/4.0/;NA;NA;NA;DOI.org (Crossref);NA;;NA;C:\Users\j_stee03\Zotero\storage\3I7A352D\Gröschler und Oppelt - 2022 - Using Drones to Monitor Broad-Leaved Orchids (Dact.pdf;NA;NA;NA;;NA;NA;NA;NA;NA;NA;NA;NA;NA;NA;NA;NA;NA;NA;NA;NA;NA;NA;NA;NA;NA;NA;NA;NA;NA;NA;NA;NA;NA;NA;NA;NA;NA;NA;NA;NA;NA;NA;NA;NA;NA;NA;NA;NA;NA
5ZXKZ7JZ;journalArticle;2021;"Zhao, Yujin; Sun, Yihan; Chen, Wenhe; Zhao, Yanping; Liu, Xiaoliang; Bai, Yongfei";The Potential of Mapping Grassland Plant Diversity with the Links among Spectral Diversity, Functional Trait Diversity, and Species Diversity;Remote Sensing;NA;2072-4292;10.3390/rs13153034;https://www.mdpi.com/2072-4292/13/15/3034;Mapping biodiversity is essential for assessing conservation and ecosystem services in global terrestrial ecosystems. Compared with remotely sensed mapping of forest biodiversity, that of grassland plant diversity has been less studied, because of the small size of individual grass species and the inherent difficulty in identifying these species. The technological advances in unmanned aerial vehicle (UAV)-based or proximal imaging spectroscopy with high spatial resolution provide new approaches for mapping and assessing grassland plant diversity based on spectral diversity and functional trait diversity. However, relatively few studies have explored the relationships among spectral diversity, remote-sensing-estimated functional trait diversity, and species diversity in grassland ecosystems. In this study, we examined the links among spectral diversity, functional trait diversity, and species diversity in a semi-arid grassland monoculture experimental site. The results showed that (1) different grassland plant species harbored different functional traits or trait combinations (functional trait diversity), leading to different spectral patterns (spectral diversity). (2) The spectral diversity of grassland plant species increased gradually from the visible (VIR, 400–700 nm) to the near-infrared (NIR, 700–1100 nm) region, and to the short-wave infrared (SWIR, 1100–2400 nm) region. (3) As the species richness increased, the functional traits and spectral diversity increased in a nonlinear manner, finally tending to saturate. (4) Grassland plant species diversity could be accurately predicted using hyperspectral data (R2 = 0.73, p < 0.001) and remotely sensed functional traits (R2 = 0.66, p < 0.001) using cluster algorithms. This will enhance our understanding of the effect of biodiversity on ecosystem functions and support regional grassland biodiversity conservation.;02.08.2021;27.05.2025 07:10;27.05.2025 07:10;27.05.2025 07:09;3034;NA;15;13;NA;Remote Sensing;;;NA;NA;NA;NA;NA;en;https://creativecommons.org/licenses/by/4.0/;NA;NA;NA;DOI.org (Crossref);NA;;NA;C:\Users\j_stee03\Zotero\storage\L8E5CAKW\Zhao et al. - 2021 - The Potential of Mapping Grassland Plant Diversity.pdf;NA;NA;NA;;NA;NA;NA;NA;NA;NA;NA;NA;NA;NA;NA;NA;NA;NA;NA;NA;NA;NA;NA;NA;NA;NA;NA;NA;NA;NA;NA;NA;NA;NA;NA;NA;NA;NA;NA;NA;NA;NA;NA;NA;NA;NA;NA;NA;NA
2L5DKM2N;journalArticle;2022;"Zhang, Zixuan; Niu, Beibei; Li, Xinju; Kang, Xingjian; Hu, Zhenqi";Estimation and Dynamic Analysis of Soil Salinity Based on UAV and Sentinel-2A Multispectral Imagery in the Coastal Area, China;Land;NA;2073-445X;10.3390/land11122307;https://www.mdpi.com/2073-445X/11/12/2307;An efficient, convenient, and accurate method for monitoring the distribution characteristics of soil salinity is required to effectively control the damage of saline soil to the land environment and maintain a virtuous cycle of the ecological environment. There are still problems with single-monitoring data that cannot meet the requirements of different regional scales and accuracy, including inconsistent band reflectance between multi-source sensor data. This article proposes a monitoring method based on the multi-source data fusion of unmanned aerial vehicle (UAV) multispectral remote sensing, Sentinel-2A satellite remote sensing, and ground-measured salinity data. The research area and two experimental fields were located in the Yellow River Delta (YRD). The results show that the back-propagation neural network model (BPNN) in the comprehensive estimation model is the best prediction model for soil salinity (modeling accuracy R2 reaches 0.769, verification accuracy R2 reaches 0.774). There is a strong correlation between the satellite and UAV imagery, while the Sentinel-2A imagery after reflectivity correction has a superior estimation effect. In addition, the results of dynamic analysis show that the area of non-saline soil and mild-saline soil decreased, while the area of moderately and heavily saline soils and solonchak increased. Additionally, the average area share of different classes of saline soils distributed over the land use types varied in order, from unused land > grassland > forest land > arable land, where the area share of severe-saline soil distributed on unused land changed the most (89.142%). In this study, the results of estimation are close to the true values, which supports the feasibility of the multi-source data fusion method of UAV remote sensing satellite ground measurements. It not only achieves the estimation of soil salinity and monitoring of change patterns at different scales, but also achieve high accuracy of soil salinity prediction in ascending scale regions. It provides a theoretical scientific basis for the remediation of soil salinization, land use, and environmental protection policies in coastal areas.;15.12.2022;27.05.2025 07:10;27.05.2025 07:10;27.05.2025 07:09;2307;NA;12;11;NA;Land;;;NA;NA;NA;NA;NA;en;https://creativecommons.org/licenses/by/4.0/;NA;NA;NA;DOI.org (Crossref);NA;;NA;C:\Users\j_stee03\Zotero\storage\F643EKRK\Zhang et al. - 2022 - Estimation and Dynamic Analysis of Soil Salinity B.pdf;NA;NA;NA;;NA;NA;NA;NA;NA;NA;NA;NA;NA;NA;NA;NA;NA;NA;NA;NA;NA;NA;NA;NA;NA;NA;NA;NA;NA;NA;NA;NA;NA;NA;NA;NA;NA;NA;NA;NA;NA;NA;NA;NA;NA;NA;NA;NA;NA
PKD8J99P;journalArticle;2021;"Li, Kai-Yun; Burnside, Niall G.; Sampaio de Lima, Raul; Villoslada Peciña, Miguel; Sepp, Karli; Yang, Ming-Der; Raet, Janar; Vain, Ants; Selge, Are; Sepp, Kalev";The Application of an Unmanned Aerial System and Machine Learning Techniques for Red Clover-Grass Mixture Yield Estimation under Variety Performance Trials;Remote Sensing;NA;2072-4292;10.3390/rs13101994;https://www.mdpi.com/2072-4292/13/10/1994;A significant trend has developed with the recent growing interest in the estimation of aboveground biomass of vegetation in legume-supported systems in perennial or semi-natural grasslands to meet the demands of sustainable and precise agriculture. Unmanned aerial systems (UAS) are a powerful tool when it comes to supporting farm-scale phenotyping trials. In this study, we explored the variation of the red clover-grass mixture dry matter (DM) yields between temporal periods (one- and two-year cultivated), farming operations [soil tillage methods (STM), cultivation methods (CM), manure application (MA)] using three machine learning (ML) techniques [random forest regression (RFR), support vector regression (SVR), and artificial neural network (ANN)] and six multispectral vegetation indices (VIs) to predict DM yields. The ML evaluation results showed the best performance for ANN in the 11-day before harvest category (R2 = 0.90, NRMSE = 0.12), followed by RFR (R2 = 0.90 NRMSE = 0.15), and SVR (R2 = 0.86, NRMSE = 0.16), which was furthermore supported by the leave-one-out cross-validation pre-analysis. In terms of VI performance, green normalized difference vegetation index (GNDVI), green difference vegetation index (GDVI), as well as modified simple ratio (MSR) performed better as predictors in ANN and RFR. However, the prediction ability of models was being influenced by farming operations. The stratified sampling, based on STM, had a better model performance than CM and MA. It is proposed that drone data collection was suggested to be optimum in this study, closer to the harvest date, but not later than the ageing stage.;19.05.2021;27.05.2025 07:10;27.05.2025 07:10;27.05.2025 07:09;1994;NA;10;13;NA;Remote Sensing;;;NA;NA;NA;NA;NA;en;https://creativecommons.org/licenses/by/4.0/;NA;NA;NA;DOI.org (Crossref);NA;;NA;C:\Users\j_stee03\Zotero\storage\9PPNQCRM\Li et al. - 2021 - The Application of an Unmanned Aerial System and M.pdf;NA;NA;NA;;NA;NA;NA;NA;NA;NA;NA;NA;NA;NA;NA;NA;NA;NA;NA;NA;NA;NA;NA;NA;NA;NA;NA;NA;NA;NA;NA;NA;NA;NA;NA;NA;NA;NA;NA;NA;NA;NA;NA;NA;NA;NA;NA;NA;NA
TY4KILPQ;journalArticle;2022;"Valente, João; Hiremath, Santosh; Ariza-Sentís, Mar; Doldersum, Marty; Kooistra, Lammert";Mapping of Rumex obtusifolius in nature conservation areas using very high resolution UAV imagery and deep learning;International Journal of Applied Earth Observation and Geoinformation;NA;15698432;10.1016/j.jag.2022.102864;https://linkinghub.elsevier.com/retrieve/pii/S1569843222000668;;2022-08;27.05.2025 07:10;27.05.2025 07:10;27.05.2025 07:09;102864;NA;;112;NA;International Journal of Applied Earth Observation and Geoinformation;;;NA;NA;NA;NA;NA;en;;NA;NA;NA;DOI.org (Crossref);NA;;NA;C:\Users\j_stee03\Zotero\storage\SWEBHMUH\Valente et al. - 2022 - Mapping of Rumex obtusifolius in nature conservati.pdf;NA;NA;NA;;NA;NA;NA;NA;NA;NA;NA;NA;NA;NA;NA;NA;NA;NA;NA;NA;NA;NA;NA;NA;NA;NA;NA;NA;NA;NA;NA;NA;NA;NA;NA;NA;NA;NA;NA;NA;NA;NA;NA;NA;NA;NA;NA;NA;NA
624KKFEW;journalArticle;2023;"Ogliari, Daniele Gutterres Pinto; Zanotta, Daniel Capella; Fontana, Denise Cybis; Bremm, Carolina; Bredemeier, Christian; Carvalho, Paulo César de Faccio";Airborne cameras for natural grassland classification in the Pampa biome;Ciência Rural;NA;1678-4596, 0103-8478;10.1590/0103-8478cr20210765;http://www.scielo.br/scielo.php?script=sci_arttext&pid=S0103-84782023000200201&tlng=en;ABSTRACT: The extension of the area occupied by the inter tussock stratum and tussock stratum in natural pastures is essential for the productive performance of grazing animals. Images obtained from unmanned remote sensors can provide useful information, especially because they have a high spatial resolution. Thus, this study evaluated the performance of the supervised adaptive classification applied to aerial images obtained from an onboard drone camera to map the area covered by tussocks in a natural pasture of the Pampa biome. The study was carried out in a natural pasture area managed since 1986 under different forage allowances, considering treatments of 8, 12, and 16 kg of dry matter per 100 kg live weight (% LW). An aerial image from September 2017, obtained with a Canon S100 camera onboard a drone at an altitude of 120 m, with a spatial resolution of 5 cm, was used. The random forest and support vector machine classifiers were tested associated with specific classification rules. False-color images showed considerable visual similarity in the large patterns of the vegetation distribution and the validation performed with independent samples when compared to the classified images. The tested classifiers were able to measure the area covered by the tussock stratum, which could be an indicator of the quality vegetation in a natural grassland of the Pampa biome.           ,              RESUMO: A quantidade de área ocupada por estrato inferior e superior em pastagens naturais tem grande importância sobre o desempenho produtivo dos animais em pastejo. Imagens obtidas de sensores remotos não tripulados podem fornecer informações úteis, especialmente por possuírem alta resolução espacial. O objetivo deste trabalho foi avaliar o desempenho de classificação supervisionada adaptativa aplicada a imagem aérea obtida por câmera a bordo de drone, no mapeamento da área coberta por touceiras em pastagem natural do bioma Pampa. O estudo foi realizado em área de pastagem natural, manejada desde 1986 sob diferentes ofertas de forragem, tendo sido considerados os tratamentos 8, 12 e 16 kg de matéria seca por 100 kg de peso vivo (% PV). Foi utilizada uma imagem aérea, de setembro de 2017, obtida com uma câmera Canon S100, a bordo de um drone a 120 m de altitude, correspondendo a resolução espacial de 5 cm. Foram testados dois classificadores, Random Forest e Support Vector Machine associados a regras específicas de classificação. As imagens de falsa cor, quando comparadas às imagens classificadas, apresentaram considerável semelhança visual nos grandes padrões de distribuição da vegetação, bem como na validação feita com amostras independentes. Os classificadores testados foram capazes de mensurar a área coberta por estrato superior, podendo ser um indicador da qualidade da vegetação, em pastagem natural do bioma Pampa.;2023;27.05.2025 07:10;27.05.2025 07:10;27.05.2025 07:09;e20210765;NA;2;53;NA;Cienc. Rural;;;NA;NA;NA;NA;NA;;http://creativecommons.org/licenses/by/4.0/;NA;NA;NA;DOI.org (Crossref);NA;;NA;C:\Users\j_stee03\Zotero\storage\DZH2SQPR\Ogliari et al. - 2023 - Airborne cameras for natural grassland classificat.pdf;NA;NA;NA;;NA;NA;NA;NA;NA;NA;NA;NA;NA;NA;NA;NA;NA;NA;NA;NA;NA;NA;NA;NA;NA;NA;NA;NA;NA;NA;NA;NA;NA;NA;NA;NA;NA;NA;NA;NA;NA;NA;NA;NA;NA;NA;NA;NA;NA
S6ZBE4JM;journalArticle;2022;"Wang, Wuhua; Tang, Jiakui; Zhang, Na; Xu, Xuefeng; Zhang, Anan; Wang, Yanjiao";Automated Detection Method to Extract Pedicularis Based on UAV Images;Drones;NA;2504-446X;10.3390/drones6120399;https://www.mdpi.com/2504-446X/6/12/399;Pedicularis has adverse effects on vegetation growth and ecological functions, causing serious harm to animal husbandry. In this paper, an automated detection method is proposed to extract Pedicularis and reveal the spatial distribution. Based on unmanned aerial vehicle (UAV) images, this paper adopts logistic regression, support vector machine (SVM), and random forest classifiers for multi-class classification. One-class SVM (OCSVM), isolation forest, and positive and unlabeled learning (PUL) algorithms are used for one-class classification. The results are as follows: (1) The accuracy of multi-class classifiers is better than that of one-class classifiers, but it requires all classes that occur in the image to be exhaustively assigned labels. Among the one-class classifiers that only need to label positive or positive and labeled data, the PUL has the highest F score of 0.9878. (2) PUL performs the most robustly to change features in one-class classifiers. All one-class classifiers prove that the green band is essential for extracting Pedicularis. (3) The parameters of the PUL are easy to tune, and the training time is easy to control. Therefore, PUL is a promising one-class classification method for Pedicularis extraction, which can accurately identify the distribution range of Pedicularis to promote grassland administration.;06.12.2022;27.05.2025 07:10;27.05.2025 07:10;27.05.2025 07:09;399;NA;12;6;NA;Drones;;;NA;NA;NA;NA;NA;en;https://creativecommons.org/licenses/by/4.0/;NA;NA;NA;DOI.org (Crossref);NA;;NA;C:\Users\j_stee03\Zotero\storage\TC3MWIJG\Wang et al. - 2022 - Automated Detection Method to Extract Pedicularis .pdf;NA;NA;NA;;NA;NA;NA;NA;NA;NA;NA;NA;NA;NA;NA;NA;NA;NA;NA;NA;NA;NA;NA;NA;NA;NA;NA;NA;NA;NA;NA;NA;NA;NA;NA;NA;NA;NA;NA;NA;NA;NA;NA;NA;NA;NA;NA;NA;NA
VJQ8MH69;journalArticle;2022;"Freitas, Rodrigo G.; Pereira, Francisco R.S.; Dos Reis, Aliny A.; Magalhães, Paulo S.G.; Figueiredo, Gleyce K.D.A.; do Amaral, Lucas R.";Estimating pasture aboveground biomass under an integrated crop-livestock system based on spectral and texture measures derived from UAV images;Computers and Electronics in Agriculture;NA;1681699;10.1016/j.compag.2022.107122;https://linkinghub.elsevier.com/retrieve/pii/S0168169922004392;;2022-07;27.05.2025 07:10;27.05.2025 07:10;27.05.2025 07:09;107122;NA;;198;NA;Computers and Electronics in Agriculture;;;NA;NA;NA;NA;NA;en;;NA;NA;NA;DOI.org (Crossref);NA;;NA;C:\Users\j_stee03\Zotero\storage\T4BRXPC5\Freitas et al. - 2022 - Estimating pasture aboveground biomass under an in.pdf;NA;NA;NA;;NA;NA;NA;NA;NA;NA;NA;NA;NA;NA;NA;NA;NA;NA;NA;NA;NA;NA;NA;NA;NA;NA;NA;NA;NA;NA;NA;NA;NA;NA;NA;NA;NA;NA;NA;NA;NA;NA;NA;NA;NA;NA;NA;NA;NA
SZYCVVZM;journalArticle;2022;"Steenvoorden, Jasper; Limpens, Juul; Crowley, William; Schouten, M.G.C.";There and back again: Forty years of change in vegetation patterns in Irish peatlands;Ecological Indicators;NA;1470160X;10.1016/j.ecolind.2022.109731;https://linkinghub.elsevier.com/retrieve/pii/S1470160X22012043;;2022-12;27.05.2025 07:10;27.05.2025 07:10;27.05.2025 07:09;109731;NA;;145;NA;Ecological Indicators;There and back again;;NA;NA;NA;NA;NA;en;;NA;NA;NA;DOI.org (Crossref);NA;;NA;C:\Users\j_stee03\Zotero\storage\ACFNZHNN\Steenvoorden et al. - 2022 - There and back again Forty years of change in veg.pdf;NA;NA;NA;;NA;NA;NA;NA;NA;NA;NA;NA;NA;NA;NA;NA;NA;NA;NA;NA;NA;NA;NA;NA;NA;NA;NA;NA;NA;NA;NA;NA;NA;NA;NA;NA;NA;NA;NA;NA;NA;NA;NA;NA;NA;NA;NA;NA;NA
KXGXPVB2;journalArticle;2022;"de Lima, Raul Sampaio; Li, Kai-Yun; Vain, Ants; Lang, Mait; Bergamo, Thaisa Fernandes; Kokamägi, Kaupo; Burnside, Niall G.; Ward, Raymond D.; Sepp, Kalev";The Potential of Optical UAS Data for Predicting Surface Soil Moisture in a Peatland across Time and Sites;Remote Sensing;NA;2072-4292;10.3390/rs14102334;https://www.mdpi.com/2072-4292/14/10/2334;"Advances in unmanned aerial systems (UASs) have increased the potential of remote sensing to overcome scale issues for soil moisture (SM) quantification. Regardless, optical imagery is acquired using various sensors and platforms, resulting in simpler operations for management purposes. In this respect, we predicted SM at 10 cm depth using partial least squares regression (PLSR) models based on optical UAS data and assessed the potential of this framework to provide accurate predictions across dates and sites. For this, we evaluated models’ performance using several datasets and the contribution of spectral and photogrammetric predictors on the explanation of SM. The results indicated that our models predicted SM at comparable accuracies as other methods relying on more expensive and complex sensors; the best R2 was 0.73, and the root-mean-squared error (RMSE) was 13.1%. Environmental conditions affected the predictive importance of different metrics; photogrammetric-based metrics were relevant over exposed surfaces, while spectral predictors were proxies of water stress status over homogeneous vegetation. However, the models demonstrated limited applicability across times and locations, particularly in highly heterogeneous conditions. Overall, our findings indicated that integrating UAS imagery and PLSR modelling is suitable for retrieving SM measures, offering an improved method for short-term monitoring tasks.";12.05.2022;27.05.2025 07:10;27.05.2025 07:10;27.05.2025 07:09;2334;NA;10;14;NA;Remote Sensing;;;NA;NA;NA;NA;NA;en;https://creativecommons.org/licenses/by/4.0/;NA;NA;NA;DOI.org (Crossref);NA;;NA;C:\Users\j_stee03\Zotero\storage\YU3JI42P\de Lima et al. - 2022 - The Potential of Optical UAS Data for Predicting S.pdf;NA;NA;NA;;NA;NA;NA;NA;NA;NA;NA;NA;NA;NA;NA;NA;NA;NA;NA;NA;NA;NA;NA;NA;NA;NA;NA;NA;NA;NA;NA;NA;NA;NA;NA;NA;NA;NA;NA;NA;NA;NA;NA;NA;NA;NA;NA;NA;NA
45L2QFUP;journalArticle;2022;"Jackson, John; Lawson, Clare S.; Adelmant, Celestine; Huhtala, Evie; Fernandes, Philip; Hodgson, Rose; King, Hannah; Williamson, Lucy; Maseyk, Kadmiel; Hawes, Nick; Hector, Andrew; Salguero‐Gómez, Rob";Short‐range multispectral imaging is an inexpensive, fast, and accurate approach to estimate biodiversity in a temperate calcareous grassland;Ecology and Evolution;NA;2045-7758, 2045-7758;10.1002/ece3.9623;https://onlinelibrary.wiley.com/doi/10.1002/ece3.9623;"Abstract             Image sensing technologies are rapidly increasing the cost‐effectiveness of biodiversity monitoring efforts. Species differences in the reflectance of electromagnetic radiation can be used as a surrogate estimate plant biodiversity using multispectral image data. However, these efforts are often hampered by logistical difficulties in broad‐scale implementation. Here, we investigate the utility of multispectral imaging technology from commercially available unmanned aerial vehicles (UAVs, or drones) in estimating biodiversity metrics at a fine spatial resolution (0.1–0.5 cm pixel resolution) in a temperate calcareous grassland in Oxfordshire, UK. We calculate a suite of moments (coefficient of variation, standard deviation, skewness, and kurtosis) for the distribution of radiance from multispectral images at five wavelength bands (Blue 450 ± 16 nm; Green 560 ± 16 nm; Red 650 ± 16 nm; Red Edge 730 ± 16 nm; Near Infrared 840 ± 16 nm) and test their effectiveness at estimating ground‐truthed biodiversity metrics from in situ botanical surveys for 37–1 × 1 m quadrats. We find positive associations between the average coefficient of variation in spectral radiance and both the Shannon–Weiner and Simpson's biodiversity indices. Furthermore, the average coefficient of variation in spectral radiance is consistent and highly repeatable across sampling days and recording heights. Positive associations with biodiversity indices hold irrespective of the image recording height (2–8 m), but we report reductions in estimates of spectral diversity with increases to UAV recording height. UAV imaging reduced sampling time by a factor of 16 relative to in situ botanical surveys. We demonstrate the utility of multispectral radiance moments as an indicator of biodiversity in this temperate calcareous grassland at a fine spatial resolution using a widely available UAV monitoring system with a coarse spectral resolution. The use of UAV technology with multispectral sensors has far‐reaching potential to provide cost‐effective and high‐resolution monitoring of biodiversity.";2022-12;27.05.2025 07:10;27.05.2025 07:10;27.05.2025 07:09;e9623;NA;12;12;NA;Ecology and Evolution;;;NA;NA;NA;NA;NA;en;;NA;NA;NA;DOI.org (Crossref);NA;;NA;"C:\Users\j_stee03\Zotero\storage\SG5QV2CG\Jackson et al. - 2022 - Short‐range multispectral imaging is an inexpensiv.pdf; C:\Users\j_stee03\Zotero\storage\64ICHGIL\Jackson et al. - 2022 - Short‐range multispectral imaging is an inexpensiv.pdf";NA;NA;NA;;NA;NA;NA;NA;NA;NA;NA;NA;NA;NA;NA;NA;NA;NA;NA;NA;NA;NA;NA;NA;NA;NA;NA;NA;NA;NA;NA;NA;NA;NA;NA;NA;NA;NA;NA;NA;NA;NA;NA;NA;NA;NA;NA;NA;NA
HDQP8SBW;journalArticle;2022;"Xu, Xue; Liu, Luyao; Han, Peng; Gong, Xiaoqian; Zhang, Qing";Accuracy of Vegetation Indices in Assessing Different Grades of Grassland Desertification from UAV;International Journal of Environmental Research and Public Health;NA;1660-4601;10.3390/ijerph192416793;https://www.mdpi.com/1660-4601/19/24/16793;Grassland desertification has become one of the most serious environmental problems in the world. Grasslands are the focus of desertification research because of their ecological vulnerability. Their application on different grassland desertification grades remains limited. Therefore, in this study, 19 vegetation indices were calculated for 30 unmanned aerial vehicle (UAV) visible light images at five grades of grassland desertification in the Mu Us Sandy. Fractional Vegetation Coverage (FVC) with high accuracy was obtained through Support Vector Machine (SVM) classification, and the results were used as the reference values. Based on the FVC, the grassland desertification grades were divided into five grades: severe (FVC < 5%), high (FVC: 5–20%), moderate (FVC: 21–50%), slight (FVC: 51–70%), and non-desertification (FVC: 71–100%). The accuracy of the vegetation indices was assessed by the overall accuracy (OA), the kappa coefficient (k), and the relative error (RE). Our result showed that the accuracy of SVM-supervised classification was high in assessing each grassland desertification grade. Excess Green Red Blue Difference Index (EGRBDI), Visible Band Modified Soil Adjusted Vegetation Index (V-MSAVI), Green Leaf Index (GLI), Color Index of Vegetation Vegetative (CIVE), Red Green Blue Vegetation Index (RGBVI), and Excess Green (EXG) accurately assessed grassland desertification at severe, high, moderate, and slight grades. In addition, the Red Green Ratio Index (RGRI) and Combined 2 (COM2) were accurate in assessing severe desertification. The assessment of the 19 indices of the non-desertification grade had low accuracy. Moreover, our result showed that the accuracy of SVM-supervised classification was high in assessing each grassland desertification grade. This study emphasizes that the applicability of the vegetation indices varies with the degree of grassland desertification and hopes to provide scientific guidance for a more accurate grassland desertification assessment.;14.12.2022;27.05.2025 07:10;27.05.2025 07:10;27.05.2025 07:09;16793;NA;24;19;NA;IJERPH;;;NA;NA;NA;NA;NA;en;https://creativecommons.org/licenses/by/4.0/;NA;NA;NA;DOI.org (Crossref);NA;;NA;C:\Users\j_stee03\Zotero\storage\5HBM8S64\Xu et al. - 2022 - Accuracy of Vegetation Indices in Assessing Differ.pdf;NA;NA;NA;;NA;NA;NA;NA;NA;NA;NA;NA;NA;NA;NA;NA;NA;NA;NA;NA;NA;NA;NA;NA;NA;NA;NA;NA;NA;NA;NA;NA;NA;NA;NA;NA;NA;NA;NA;NA;NA;NA;NA;NA;NA;NA;NA;NA;NA
FM26EUQL;journalArticle;2022;"Döpper, Veronika; Rocha, Alby Duarte; Berger, Katja; Gränzig, Tobias; Verrelst, Jochem; Kleinschmit, Birgit; Förster, Michael";Estimating soil moisture content under grassland with hyperspectral data using radiative transfer modelling and machine learning;International Journal of Applied Earth Observation and Geoinformation;NA;15698432;10.1016/j.jag.2022.102817;https://linkinghub.elsevier.com/retrieve/pii/S156984322200019X;;2022-06;27.05.2025 07:11;27.05.2025 07:11;27.05.2025 07:09;102817;NA;;110;NA;International Journal of Applied Earth Observation and Geoinformation;;;NA;NA;NA;NA;NA;en;;NA;NA;NA;DOI.org (Crossref);NA;;NA;C:\Users\j_stee03\Zotero\storage\DU8G4QZE\Döpper et al. - 2022 - Estimating soil moisture content under grassland w.pdf;NA;NA;NA;;NA;NA;NA;NA;NA;NA;NA;NA;NA;NA;NA;NA;NA;NA;NA;NA;NA;NA;NA;NA;NA;NA;NA;NA;NA;NA;NA;NA;NA;NA;NA;NA;NA;NA;NA;NA;NA;NA;NA;NA;NA;NA;NA;NA;NA
UD4GWJQD;journalArticle;2022;"Qian, Dawen; Du, Yangong; Li, Qian; Guo, Xiaowei; Fan, Bo; Cao, Guangmin";Impacts of alpine shrub-meadow degradation on its ecosystem services and spatial patterns in Qinghai-Tibetan Plateau;Ecological Indicators;NA;1470160X;10.1016/j.ecolind.2022.108541;https://linkinghub.elsevier.com/retrieve/pii/S1470160X22000127;;2022-02;27.05.2025 07:11;27.05.2025 07:11;27.05.2025 07:09;108541;NA;;135;NA;Ecological Indicators;;;NA;NA;NA;NA;NA;en;;NA;NA;NA;DOI.org (Crossref);NA;;NA;C:\Users\j_stee03\Zotero\storage\A5L7F33U\Qian et al. - 2022 - Impacts of alpine shrub-meadow degradation on its .pdf;NA;NA;NA;;NA;NA;NA;NA;NA;NA;NA;NA;NA;NA;NA;NA;NA;NA;NA;NA;NA;NA;NA;NA;NA;NA;NA;NA;NA;NA;NA;NA;NA;NA;NA;NA;NA;NA;NA;NA;NA;NA;NA;NA;NA;NA;NA;NA;NA
GZUMKP2S;journalArticle;2022;"Polley, H. Wayne; Kolodziejczyk, Chris A.; Jones, Katherine A.; Smith, Douglas R.";Grazing Treatment Influences Recovery of Mesic Grassland from Seasonal Drought: An Assessment Using Unmanned Aerial Vehicle−Enabled Remote Sensing;Rangeland Ecology & Management;NA;15507424;10.1016/j.rama.2022.01.008;https://linkinghub.elsevier.com/retrieve/pii/S1550742422000082;;2022-05;27.05.2025 07:11;27.05.2025 07:11;27.05.2025 07:09;Dez 19;NA;;82;NA;Rangeland Ecology & Management;Grazing Treatment Influences Recovery of Mesic Grassland from Seasonal Drought;;NA;NA;NA;NA;NA;en;;NA;NA;NA;DOI.org (Crossref);NA;;NA;C:\Users\j_stee03\Zotero\storage\FI4HMVS8\Polley et al. - 2022 - Grazing Treatment Influences Recovery of Mesic Gra.pdf;NA;NA;NA;;NA;NA;NA;NA;NA;NA;NA;NA;NA;NA;NA;NA;NA;NA;NA;NA;NA;NA;NA;NA;NA;NA;NA;NA;NA;NA;NA;NA;NA;NA;NA;NA;NA;NA;NA;NA;NA;NA;NA;NA;NA;NA;NA;NA;NA
S3WIC36Y;journalArticle;2022;"Zhang, Zihui; Wu, Shixin; Zhuang, Qingwei; Li, Xiangyi; Zeng, Fanjiang; Xie, Conghui; Hou, Guanyu; Luo, Geping";Joint estimation of aboveground biomass using “Space-Air-Ground” data in the Qilian Mountains, China;Ecological Indicators;NA;1470160X;10.1016/j.ecolind.2022.108866;https://linkinghub.elsevier.com/retrieve/pii/S1470160X22003375;;2022-05;27.05.2025 07:11;27.05.2025 07:11;27.05.2025 07:09;108866;NA;;138;NA;Ecological Indicators;;;NA;NA;NA;NA;NA;en;;NA;NA;NA;DOI.org (Crossref);NA;;NA;C:\Users\j_stee03\Zotero\storage\W9YKGIG9\Zhang et al. - 2022 - Joint estimation of aboveground biomass using “Spa.pdf;NA;NA;NA;;NA;NA;NA;NA;NA;NA;NA;NA;NA;NA;NA;NA;NA;NA;NA;NA;NA;NA;NA;NA;NA;NA;NA;NA;NA;NA;NA;NA;NA;NA;NA;NA;NA;NA;NA;NA;NA;NA;NA;NA;NA;NA;NA;NA;NA
BUTAQMZT;journalArticle;2022;"Lussem, Ulrike; Bolten, Andreas; Kleppert, Ireneusz; Jasper, Jörg; Gnyp, Martin Leon; Schellberg, Jürgen; Bareth, Georg";Herbage Mass, N Concentration, and N Uptake of Temperate Grasslands Can Adequately Be Estimated from UAV-Based Image Data Using Machine Learning;Remote Sensing;NA;2072-4292;10.3390/rs14133066;https://www.mdpi.com/2072-4292/14/13/3066;"Precise and timely information on biomass yield and nitrogen uptake in intensively managed grasslands are essential for sustainable management decisions. Imaging sensors mounted on unmanned aerial vehicles (UAVs) along with photogrammetric structure-from-motion processing can provide timely data on crop traits rapidly and non-destructively with a high spatial resolution. The aim of this multi-temporal field study is to estimate aboveground dry matter yield (DMY), nitrogen concentration (N%) and uptake (Nup) of temperate grasslands from UAV-based image data using machine learning (ML) algorithms. The study is based on a two-year dataset from an experimental grassland trial. The experimental setup regarding climate conditions, N fertilizer treatments and slope yielded substantial variations in the dataset, covering a considerable amount of naturally occurring differences in the biomass and N status of grasslands in temperate regions with similar management strategies. Linear regression models and three ML algorithms, namely, random forest (RF), support vector machine (SVM), and partial least squares (PLS) regression were compared with and without a combination of both structural (sward height; SH) and spectral (vegetation indices and single bands) features. Prediction accuracy was quantified using a 10-fold 5-repeat cross-validation (CV) procedure. The results show a significant improvement of prediction accuracy when all structural and spectral features are combined, regardless of the algorithm. The PLS models were outperformed by their respective RF and SVM counterparts. At best, DMY was predicted with a median RMSECV of 197 kg ha−1, N% with a median RMSECV of 0.32%, and Nup with a median RMSECV of 7 kg ha−1. Furthermore, computationally less expensive models incorporating, e.g., only the single multispectral camera bands and SH metrics, or selected features based on variable importance achieved comparable results to the overall best models.";26.06.2022;27.05.2025 07:11;27.05.2025 07:11;27.05.2025 07:09;3066;NA;13;14;NA;Remote Sensing;;;NA;NA;NA;NA;NA;en;https://creativecommons.org/licenses/by/4.0/;NA;NA;NA;DOI.org (Crossref);NA;;NA;C:\Users\j_stee03\Zotero\storage\SPERFY9Q\Lussem et al. - 2022 - Herbage Mass, N Concentration, and N Uptake of Tem.pdf;NA;NA;NA;;NA;NA;NA;NA;NA;NA;NA;NA;NA;NA;NA;NA;NA;NA;NA;NA;NA;NA;NA;NA;NA;NA;NA;NA;NA;NA;NA;NA;NA;NA;NA;NA;NA;NA;NA;NA;NA;NA;NA;NA;NA;NA;NA;NA;NA
CTGXAC2P;journalArticle;2022;"Schucknecht, Anne; Seo, Bumsuk; Krämer, Alexander; Asam, Sarah; Atzberger, Clement; Kiese, Ralf";Estimating dry biomass and plant nitrogen concentration in pre-Alpine grasslands with low-cost UAS-borne multispectral data – a comparison of sensors, algorithms, and predictor sets;Biogeosciences;NA;1726-4189;10.5194/bg-19-2699-2022;https://bg.copernicus.org/articles/19/2699/2022/;"Abstract. Grasslands are an important part of pre-Alpine and Alpine landscapes. Despite the economic value and the significant role of grasslands in carbon and nitrogen (N) cycling, spatially explicit information on grassland biomass and quality is rarely available. Remotely sensed data from unmanned aircraft systems (UASs) and satellites might be an option to overcome this gap. Our study aims to investigate the potential of low-cost UAS-based multispectral sensors for estimating above-ground biomass (dry matter, DM) and plant N concentration. In our analysis, we compared two different sensors (Parrot Sequoia, SEQ; MicaSense RedEdge-M, REM), three statistical models (linear model; random forests, RFs; gradient-boosting machines, GBMs), and six predictor sets (i.e. different combinations of raw reflectance, vegetation indices, and canopy height). Canopy height information can be derived from UAS sensors but was not available in our study. Therefore, we tested the added value of this structural information with in situ measured bulk canopy height data. A combined field sampling and flight campaign was conducted in April 2018 at different grassland sites in southern Germany to obtain in situ and the corresponding spectral data. The hyper-parameters of the two machine learning (ML) approaches (RF, GBM) were optimized, and all model setups were run with a 6-fold cross-validation. Linear models were characterized by very low statistical performance measures, thus were not suitable to estimate DM and plant N concentration using UAS data. The non-linear ML algorithms showed an acceptable regression performance for all sensor–predictor set combinations with average (avg; cross-validated, cv) Rcv2 of 0.48, RMSEcv,avg of 53.0 g m2, and rRMSEcv,avg (relative) of 15.9 % for DM and with Rcv,avg2 of 0.40, RMSEcv,avg of 0.48 wt %, and rRMSEcv, avg of 15.2 % for plant N concentration estimation. The optimal combination of sensors, ML algorithms, and predictor sets notably improved the model performance. The best model performance for the estimation of DM (Rcv2=0.67, RMSEcv=41.9 g m2, rRMSEcv=12.6 %) was achieved with an RF model that utilizes all possible predictors and REM sensor data. The best model for plant N concentration was a combination of an RF model with all predictors and SEQ sensor data (Rcv2=0.47, RMSEcv=0.45 wt %, rRMSEcv=14.2 %). DM models with the spectral input of REM performed significantly better than those with SEQ data, while for N concentration models, it was the other way round. The choice of predictors was most influential on model performance, while the effect of the chosen ML algorithm was generally lower. The addition of canopy height to the spectral data in the predictor set significantly improved the DM models. In our study, calibrating the ML algorithm improved the model performance substantially, which shows the importance of this step.";01.06.2022;27.05.2025 07:11;27.05.2025 07:11;27.05.2025 07:09;2699-2727;NA;10;19;NA;Biogeosciences;;;NA;NA;NA;NA;NA;en;https://creativecommons.org/licenses/by/4.0/;NA;NA;NA;DOI.org (Crossref);NA;;NA;C:\Users\j_stee03\Zotero\storage\2FQRHT9C\Schucknecht et al. - 2022 - Estimating dry biomass and plant nitrogen concentr.pdf;NA;NA;NA;;NA;NA;NA;NA;NA;NA;NA;NA;NA;NA;NA;NA;NA;NA;NA;NA;NA;NA;NA;NA;NA;NA;NA;NA;NA;NA;NA;NA;NA;NA;NA;NA;NA;NA;NA;NA;NA;NA;NA;NA;NA;NA;NA;NA;NA
I8EDEP8Y;journalArticle;2022;"Xu, Cong; Zeng, Yuan; Zheng, Zhaoju; Zhao, Dan; Liu, Wenjun; Ma, Zonghan; Wu, Bingfang";Assessing the Impact of Soil on Species Diversity Estimation Based on UAV Imaging Spectroscopy in a Natural Alpine Steppe;Remote Sensing;NA;2072-4292;10.3390/rs14030671;https://www.mdpi.com/2072-4292/14/3/671;Grassland species diversity monitoring is essential to grassland resource protection and utilization. “Spectral variation hypothesis” (SVH) provides a remote sensing method for monitoring grassland species diversity at pixel scale by calculating spectral heterogeneity. However, the pixel spectrum is easily affected by soil and other background factors in natural grassland. Unmanned aerial vehicle (UAV)-based imaging spectroscopy provides the possibility of soil information removal by virtue of its high spatial and spectral resolution. In this study, UAV-imaging spectroscopy data with a spatial resolution of 0.2 m obtained in two sites of typical alpine steppe within the Sanjiangyuan National Nature Reserve were used to analyze the relationships between four spectral diversity metrics (coefficient of variation based on NDVI (CVNDVI), coefficient of variation based on multiple bands (CVMulti), minimum convex hull volume (CHV) and minimum convex hull area (CHA)) and two species diversity indices (species richness and the Shannon–Wiener index). Meanwhile, two soil removal methods (based on NDVI threshold and the linear spectral unmixing model) were used to investigate the impact of soil on species diversity estimation. The results showed that the Shannon–Wiener index had a better response to spectral diversity than species richness, and CVMulti showed the best correlation with the Shannon–Wiener index between the four spectral diversity metrics after removing soil information using the linear spectral unmixing model. It indicated that the estimation ability of spectral diversity to species diversity was significantly improved after removing the soil information. Our findings demonstrated the applicability of the spectral variation hypothesis in natural grassland, and illustrated the impact of soil on species diversity estimation.;30.01.2022;27.05.2025 07:11;27.05.2025 07:11;27.05.2025 07:09;671;NA;3;14;NA;Remote Sensing;;;NA;NA;NA;NA;NA;en;https://creativecommons.org/licenses/by/4.0/;NA;NA;NA;DOI.org (Crossref);NA;;NA;C:\Users\j_stee03\Zotero\storage\R2JBNL86\Xu et al. - 2022 - Assessing the Impact of Soil on Species Diversity .pdf;NA;NA;NA;;NA;NA;NA;NA;NA;NA;NA;NA;NA;NA;NA;NA;NA;NA;NA;NA;NA;NA;NA;NA;NA;NA;NA;NA;NA;NA;NA;NA;NA;NA;NA;NA;NA;NA;NA;NA;NA;NA;NA;NA;NA;NA;NA;NA;NA
M54UCYCA;journalArticle;2021;"Resop, Jonathan P.; Lehmann, Laura; Hession, W. Cully";Quantifying the Spatial Variability of Annual and Seasonal Changes in Riverscape Vegetation Using Drone Laser Scanning;Drones;NA;2504-446X;10.3390/drones5030091;https://www.mdpi.com/2504-446X/5/3/91;Riverscapes are complex ecosystems consisting of dynamic processes influenced by spatially heterogeneous physical features. A critical component of riverscapes is vegetation in the stream channel and floodplain, which influences flooding and provides habitat. Riverscape vegetation can be highly variable in size and structure, including wetland plants, grasses, shrubs, and trees. This vegetation variability is difficult to precisely measure over large extents with traditional surveying tools. Drone laser scanning (DLS), or UAV-based lidar, has shown potential for measuring topography and vegetation over large extents at a high resolution but has yet to be used to quantify both the temporal and spatial variability of riverscape vegetation. Scans were performed on a reach of Stroubles Creek in Blacksburg, VA, USA six times between 2017 and 2019. Change was calculated both annually and seasonally over the two-year period. Metrics were derived from the lidar scans to represent different aspects of riverscape vegetation: height, roughness, and density. Vegetation was classified as scrub or tree based on the height above ground and 604 trees were manually identified in the riverscape, which grew on average by 0.74 m annually. Trees had greater annual growth and scrub had greater seasonal variability. Height and roughness were better measures of annual growth and density was a better measure of seasonal variability. The results demonstrate the advantage of repeat surveys with high-resolution DLS for detecting seasonal variability in the riverscape environment, including the growth and decay of floodplain vegetation, which is critical information for various hydraulic and ecological applications.;07.09.2021;27.05.2025 07:11;27.05.2025 07:11;27.05.2025 07:09;91;NA;3;5;NA;Drones;;;NA;NA;NA;NA;NA;en;https://creativecommons.org/licenses/by/4.0/;NA;NA;NA;DOI.org (Crossref);NA;;NA;C:\Users\j_stee03\Zotero\storage\2INDBX82\Resop et al. - 2021 - Quantifying the Spatial Variability of Annual and .pdf;NA;NA;NA;;NA;NA;NA;NA;NA;NA;NA;NA;NA;NA;NA;NA;NA;NA;NA;NA;NA;NA;NA;NA;NA;NA;NA;NA;NA;NA;NA;NA;NA;NA;NA;NA;NA;NA;NA;NA;NA;NA;NA;NA;NA;NA;NA;NA;NA
5XXPNZ3M;journalArticle;2021;"Conti, Luisa; Malavasi, Marco; Galland, Thomas; Komárek, Jan; Lagner, Ondřej; Carmona, Carlos P.; de Bello, Francesco; Rocchini, Duccio; Šímová, Petra";The relationship between species and spectral diversity in grassland communities is mediated by their vertical complexity;Applied Vegetation Science;NA;1402-2001, 1654-109X;10.1111/avsc.12600;https://onlinelibrary.wiley.com/doi/10.1111/avsc.12600;Abstract                            Aims                                The link between spectral diversity and in‐situ plant biodiversity is one promising approach to using remote sensing for biodiversity assessment. Nevertheless, there is little evidence as to whether this link is maintained at fine scales, as well as to how it is influenced by vegetation's vertical complexity. Here we test, at the community level in grasslands, the link between diversity of the spectral signal (                 S                 Div                 ) and taxonomic diversity (                 T                 Div                 ), and the influence of vertical complexity.                                                        Methods                                We used 196 1.5 m × 1.5 m experimental communities with different biodiversity levels. To measure vertical complexity, we quantified height diversity (                 H                 Div                 ) of the most abundant species in the community.                 T                 Div                 was calculated using the Shannon index based on species cover. Canopy spectral information was gathered using an unmanned aerial vehicle (UAV) mounted with a multi‐spectral sensor providing spectral information via six 10‐nm bands covering the visible and near‐infrared region at a spatial resolution of 3 cm. We measured                 S                 Div                 in a core area of 1 m ×1 m within the communities as mean Euclidean distance of all pixels in a feature space spanned between the two first components of a PCA calculated for the complete raster stack. We modelled                 S                 Div                 through mixed‐effect linear models, using                 T                 Div                 ,                 H                 Div                 , and their interaction as fixed‐effect predictors.                                                        Results                                Contrary to our expectations,                 T                 Div                 was negatively linked to                 S                 Div                 . The diversity in plant height was positively related to                 S                 Div                 . More importantly, diversity in plant height and                 T                 Div                 had a significant negative interaction, meaning the more complex the vegetation was in terms of height, the more the                 S                 Div                 –                 T                 Div                 relationship became negative.                                                        Conclusions                                Our results suggest that in order to exploit the                 S                 Div                 –                 T                 Div                 link for monitoring purposes, it needs to be contextualized. Moreover, the results highlight that communities’ functional characteristics (i.e. plant height) mediate such a link, calling for new insights into the relation between                 S                 Div                 and functional diversity.;2021-07;27.05.2025 07:11;27.05.2025 07:11;27.05.2025 07:09;avsc.12600;NA;3;24;NA;Applied Vegetation Science;;;NA;NA;NA;NA;NA;en;;NA;NA;NA;DOI.org (Crossref);NA;;NA;C:\Users\j_stee03\Zotero\storage\A33NDYCG\Conti et al. - 2021 - The relationship between species and spectral dive.pdf;NA;NA;NA;Feilhauer, Hannes;NA;NA;NA;NA;NA;NA;NA;NA;NA;NA;NA;NA;NA;NA;NA;NA;NA;NA;NA;NA;NA;NA;NA;NA;NA;NA;NA;NA;NA;NA;NA;NA;NA;NA;NA;NA;NA;NA;NA;NA;NA;NA;NA;NA;NA
5NPJVUBY;journalArticle;2022;"Zhang, Huifang; Tang, Zhonggang; Wang, Binyao; Meng, Baoping; Qin, Yu; Sun, Yi; Lv, Yanyan; Zhang, Jianguo; Yi, Shuhua";A non-destructive method for rapid acquisition of grassland aboveground biomass for satellite ground verification using UAV RGB images;Global Ecology and Conservation;NA;23519894;10.1016/j.gecco.2022.e01999;https://linkinghub.elsevier.com/retrieve/pii/S2351989422000014;;2022-01;27.05.2025 07:11;27.05.2025 07:11;27.05.2025 07:09;e01999;NA;;33;NA;Global Ecology and Conservation;;;NA;NA;NA;NA;NA;en;;NA;NA;NA;DOI.org (Crossref);NA;;NA;C:\Users\j_stee03\Zotero\storage\NYRLLXVY\Zhang et al. - 2022 - A non-destructive method for rapid acquisition of .pdf;NA;NA;NA;;NA;NA;NA;NA;NA;NA;NA;NA;NA;NA;NA;NA;NA;NA;NA;NA;NA;NA;NA;NA;NA;NA;NA;NA;NA;NA;NA;NA;NA;NA;NA;NA;NA;NA;NA;NA;NA;NA;NA;NA;NA;NA;NA;NA;NA
EPYKG5MR;journalArticle;2021;"Alvarez-Hess, P.S.; Thomson, A.L.; Karunaratne, S.B.; Douglas, M.L.; Wright, M.M.; Heard, J.W.; Jacobs, J.L; Morse-McNabb, E.M.; Wales, W.J.; Auldist, M.J.";Using multispectral data from an unmanned aerial system to estimate pasture depletion during grazing;Animal Feed Science and Technology;NA;3778401;10.1016/j.anifeedsci.2021.114880;https://linkinghub.elsevier.com/retrieve/pii/S0377840121000663;;2021-05;27.05.2025 07:11;27.05.2025 07:11;27.05.2025 07:09;114880;NA;;275;NA;Animal Feed Science and Technology;;;NA;NA;NA;NA;NA;en;;NA;NA;NA;DOI.org (Crossref);NA;;NA;C:\Users\j_stee03\Zotero\storage\RFWCFQIP\Alvarez-Hess et al. - 2021 - Using multispectral data from an unmanned aerial s.pdf;NA;NA;NA;;NA;NA;NA;NA;NA;NA;NA;NA;NA;NA;NA;NA;NA;NA;NA;NA;NA;NA;NA;NA;NA;NA;NA;NA;NA;NA;NA;NA;NA;NA;NA;NA;NA;NA;NA;NA;NA;NA;NA;NA;NA;NA;NA;NA;NA
9ZPU5UBA;journalArticle;2021;"Zhao, Yujin; Liu, Xiaoliang; Wang, Yang; Zheng, Zhaoju; Zheng, Shuxia; Zhao, Dan; Bai, Yongfei";UAV-based individual shrub aboveground biomass estimation calibrated against terrestrial LiDAR in a shrub-encroached grassland;International Journal of Applied Earth Observation and Geoinformation;NA;15698432;10.1016/j.jag.2021.102358;https://linkinghub.elsevier.com/retrieve/pii/S0303243421000659;;2021-09;27.05.2025 07:11;27.05.2025 07:11;27.05.2025 07:09;102358;NA;;101;NA;International Journal of Applied Earth Observation and Geoinformation;;;NA;NA;NA;NA;NA;en;;NA;NA;NA;DOI.org (Crossref);NA;;NA;C:\Users\j_stee03\Zotero\storage\V5CLITTV\Zhao et al. - 2021 - UAV-based individual shrub aboveground biomass est.pdf;NA;NA;NA;;NA;NA;NA;NA;NA;NA;NA;NA;NA;NA;NA;NA;NA;NA;NA;NA;NA;NA;NA;NA;NA;NA;NA;NA;NA;NA;NA;NA;NA;NA;NA;NA;NA;NA;NA;NA;NA;NA;NA;NA;NA;NA;NA;NA;NA
E687SMH5;journalArticle;2021;"Lv, Yanyan; Shen, Menghong; Meng, Baoping; Zhang, Huifang; Sun, Yi; Zhang, Jianguo; Chang, Li; Li, Jingrong; Yi, Shuhua";The Similarity between Species Composition of Vegetation and Soil Seed Bank of Grasslands in Inner Mongolia, China: Implications for the Asymmetric Response to Precipitation;Plants;NA;2223-7747;10.3390/plants10091890;https://www.mdpi.com/2223-7747/10/9/1890;The asymmetric response of productivity to precipitation was recently proposed as an early warning signal for the shifts in temperate grassland function in China. It was hypothesized that the asymmetry was influenced by the increased growth of the newly emerged seedlings from the soil seed bank. Therefore, the seed density in the soil seed bank and the similarity between species composition of the vegetation and the soil seed bank should be maximized where asymmetry was maximized. However, this knowledge was still limited and unconfirmed. In this study, the desert steppe, typical steppe and the transition zone between them (with the highest asymmetry) were selected for studying the similarity index in both 2018 (dry year) and 2019 (wet year). Plant species composition was monitored in situ using an unmanned aerial vehicle. Soil seed bank samples were collected, and the seed bank density and species composition were then examined and identified in the laboratory. Results showed that: (1) The variation in vegetation species richness between the two years was the highest (41%) in the transition zone (p < 0.05), while it was only 7% and 13% for the desert steppe and typical steppe, respectively. The presence of herbaceous species mainly caused the differences in variation among three grassland types. (2) Seed density was the highest in the transition zone (114 seeds/m2 and 68 seeds/m2 in the transient and persistent soil seed bank, respectively) (p < 0.05). Additionally, herbaceous species were the main components of the soil seed bank. (3) The similarity index was the highest in the transition zone (p < 0.05), with 38%/44% and 33%/44% for the transient/persistent soil seed bank in 2018 and 2019, respectively. Our study demonstrated that variation in vegetation species composition was very similar to the composition of the seeds accumulated in the soil seed bank. These results warrant further investigation for the mechanism of asymmetric response of productivity to precipitation.;13.09.2021;27.05.2025 07:11;27.05.2025 07:11;27.05.2025 07:09;1890;NA;9;10;NA;Plants;The Similarity between Species Composition of Vegetation and Soil Seed Bank of Grasslands in Inner Mongolia, China;;NA;NA;NA;NA;NA;en;https://creativecommons.org/licenses/by/4.0/;NA;NA;NA;DOI.org (Crossref);NA;;NA;C:\Users\j_stee03\Zotero\storage\K3RLQR5M\Lv et al. - 2021 - The Similarity between Species Composition of Vege.pdf;NA;NA;NA;;NA;NA;NA;NA;NA;NA;NA;NA;NA;NA;NA;NA;NA;NA;NA;NA;NA;NA;NA;NA;NA;NA;NA;NA;NA;NA;NA;NA;NA;NA;NA;NA;NA;NA;NA;NA;NA;NA;NA;NA;NA;NA;NA;NA;NA
EGIY22QN;journalArticle;2021;"Oddi, Ludovica; Cremonese, Edoardo; Ascari, Lorenzo; Filippa, Gianluca; Galvagno, Marta; Serafino, Davide; Cella, Umberto Morra di";Using UAV Imagery to Detect and Map Woody Species Encroachment in a Subalpine Grassland: Advantages and Limits;Remote Sensing;NA;2072-4292;10.3390/rs13071239;https://www.mdpi.com/2072-4292/13/7/1239;Woody species encroachment on grassland ecosystems is occurring worldwide with both negative and positive consequences for biodiversity conservation and ecosystem services. Remote sensing and image analysis represent useful tools for the monitoring of this process. In this paper, we aimed at evaluating quantitatively the potential of using high-resolution UAV imagery to monitor the encroachment process during its early development and at comparing the performance of manual and semi-automatic classification methods. The RGB images of an abandoned subalpine grassland on the Western Italian Alps were acquired by drone and then classified through manual photo-interpretation, with both pixel- and object-based semi-automatic models, using machine-learning algorithms. The classification techniques were applied at different resolution levels and tested for their accuracy against reference data including measurements of tree dimensions collected in the field. Results showed that the most accurate method was the photo-interpretation (≈99%), followed by the pixel-based approach (≈86%) that was faster than the manual technique and more accurate than the object-based one (≈78%). The dimensional threshold for juvenile tree detection was lower for the photo-interpretation but comparable to the pixel-based one. Therefore, for the encroachment mapping at its early stages, the pixel-based approach proved to be a promising and pragmatic choice.;24.03.2021;27.05.2025 07:11;27.05.2025 07:11;27.05.2025 07:09;1239;NA;7;13;NA;Remote Sensing;Using UAV Imagery to Detect and Map Woody Species Encroachment in a Subalpine Grassland;;NA;NA;NA;NA;NA;en;https://creativecommons.org/licenses/by/4.0/;NA;NA;NA;DOI.org (Crossref);NA;;NA;C:\Users\j_stee03\Zotero\storage\YNHHGLXE\Oddi et al. - 2021 - Using UAV Imagery to Detect and Map Woody Species .pdf;NA;NA;NA;;NA;NA;NA;NA;NA;NA;NA;NA;NA;NA;NA;NA;NA;NA;NA;NA;NA;NA;NA;NA;NA;NA;NA;NA;NA;NA;NA;NA;NA;NA;NA;NA;NA;NA;NA;NA;NA;NA;NA;NA;NA;NA;NA;NA;NA
WWJLVRM2;journalArticle;2021;"Schulze‐Brüninghoff, Damian; Wachendorf, Michael; Astor, Thomas";Remote sensing data fusion as a tool for biomass prediction in extensive grasslands invaded by <i>L. polyphyllus</i>;Remote Sensing in Ecology and Conservation;NA;2056-3485, 2056-3485;10.1002/rse2.182;https://zslpublications.onlinelibrary.wiley.com/doi/10.1002/rse2.182;"Abstract                            Remote sensing data fusion is a powerful tool to gain information of quantitative and qualitative vegetation properties on field level. The aim of this study was to develop prediction models from sensor data fusion for fresh and dry matter yield (FMY/DMY) in extensively managed grasslands with variable degree of invasion by               Lupinus polyphyllus               . Therefore, a terrestrial 3d laser scanner (TLS) and a drone‐based hyperspectral camera was used to collect high resolution 3d point clouds and hyperspectral aerial orthomosaics of four extremely heterogenous grasslands. From 3d point clouds multiple features (vegetation height, sum of voxel, point density and surface structure) were extracted and combined with hyperspectral data to develop an optimized biomass model from random forest regression algorithm to predict FMY and DMY (n               train                = 130, n               test                = 33). Models from hyperspectral data solitarily had the lowest prediction performance (FMY:               R               2                = 0.61, nRMSE               r                = 17.14; DMY:               R               2                = 0.59, nRMSE               r                = 19.37). Higher performance was gained by models derived from 3d laser data (FMY:               R               2                = 0. 76, nRMSE               r                = 13.3; DMY:               R               2                = 0. 74, nRMSE               r                = 15.1). A fusion of both sensor systems increased the FMY prediction performance up to               R               2                = 0.8; nRMSE               r                = 12.02 and the DMY prediction performance to               R               2                = 0.81 and nRMSE               r                = 12.06. The fusion of complementary sensor systems can increase the power to predict biomass yields of heterogenous and extensively managed grasslands. It is a novel alternative to labour‐intensive, traditional biomass prediction methods and to remote sensing methods using only single sensor data.";2021-06;27.05.2025 07:11;27.05.2025 07:11;27.05.2025 07:09;198-213;NA;2;7;NA;Remote Sens Ecol Conserv;;;NA;NA;NA;NA;NA;en;;NA;NA;NA;DOI.org (Crossref);NA;;NA;C:\Users\j_stee03\Zotero\storage\ETGITZN8\Schulze‐Brüninghoff et al. - 2021 - Remote sensing data fusion as a tool for biomass p.pdf;NA;NA;NA;"Disney, Mat; Levick, Shaun";NA;NA;NA;NA;NA;NA;NA;NA;NA;NA;NA;NA;NA;NA;NA;NA;NA;NA;NA;NA;NA;NA;NA;NA;NA;NA;NA;NA;NA;NA;NA;NA;NA;NA;NA;NA;NA;NA;NA;NA;NA;NA;NA;NA;NA
DQ6FGDW4;journalArticle;2022;"Gallmann, Johannes; Schüpbach, Beatrice; Jacot, Katja; Albrecht, Matthias; Winizki, Jonas; Kirchgessner, Norbert; Aasen, Helge";Flower Mapping in Grasslands With Drones and Deep Learning;Frontiers in Plant Science;NA;1664-462X;10.3389/fpls.2021.774965;https://www.frontiersin.org/articles/10.3389/fpls.2021.774965/full;Manual assessment of flower abundance of different flowering plant species in grasslands is a time-consuming process. We present an automated approach to determine the flower abundance in grasslands from drone-based aerial images by using deep learning (Faster R-CNN) object detection approach, which was trained and evaluated on data from five flights at two sites. Our deep learning network was able to identify and classify individual flowers. The novel method allowed generating spatially explicit maps of flower abundance that met or exceeded the accuracy of the manual-count-data extrapolation method while being less labor intensive. The results were very good for some types of flowers, with precision and recall being close to or higher than 90%. Other flowers were detected poorly due to reasons such as lack of enough training data, appearance changes due to phenology, or flowers being too small to be reliably distinguishable on the aerial images. The method was able to give precise estimates of the abundance of many flowering plant species. In the future, the collection of more training data will allow better predictions for the flowers that are not well predicted yet. The developed pipeline can be applied to any sort of aerial object detection problem.;09.02.2022;27.05.2025 07:11;27.05.2025 07:11;27.05.2025 07:09;774965;NA;;12;NA;Front. Plant Sci.;;;NA;NA;NA;NA;NA;;;NA;NA;NA;DOI.org (Crossref);NA;;NA;C:\Users\j_stee03\Zotero\storage\XXVC6QE4\Gallmann et al. - 2022 - Flower Mapping in Grasslands With Drones and Deep .pdf;NA;NA;NA;;NA;NA;NA;NA;NA;NA;NA;NA;NA;NA;NA;NA;NA;NA;NA;NA;NA;NA;NA;NA;NA;NA;NA;NA;NA;NA;NA;NA;NA;NA;NA;NA;NA;NA;NA;NA;NA;NA;NA;NA;NA;NA;NA;NA;NA
MGF43485;journalArticle;2021;"Zhang, Jianguo; Liu, Dawei; Meng, Baoping; Chen, Jianjun; Wang, Xiaoyun; Jiang, Hui; Yu, Yue; Yi, Shuhua";Using UAVs to assess the relationship between alpine meadow bare patches and disturbance by pikas in the source region of Yellow River on the Qinghai-Tibetan Plateau;Global Ecology and Conservation;NA;23519894;10.1016/j.gecco.2021.e01517;https://linkinghub.elsevier.com/retrieve/pii/S2351989421000676;;2021-04;27.05.2025 07:11;27.05.2025 07:11;27.05.2025 07:09;e01517;NA;;26;NA;Global Ecology and Conservation;;;NA;NA;NA;NA;NA;en;;NA;NA;NA;DOI.org (Crossref);NA;;NA;C:\Users\j_stee03\Zotero\storage\BKZAICHE\Zhang et al. - 2021 - Using UAVs to assess the relationship between alpi.pdf;NA;NA;NA;;NA;NA;NA;NA;NA;NA;NA;NA;NA;NA;NA;NA;NA;NA;NA;NA;NA;NA;NA;NA;NA;NA;NA;NA;NA;NA;NA;NA;NA;NA;NA;NA;NA;NA;NA;NA;NA;NA;NA;NA;NA;NA;NA;NA;NA
8YSQY88U;journalArticle;2021;"Weisberg, Peter J.; Dilts, Thomas E.; Greenberg, Jonathan A.; Johnson, Kerri N.; Pai, Henry; Sladek, Chris; Kratt, Christopher; Tyler, Scott W.; Ready, Alice";Phenology-based classification of invasive annual grasses to the species level;Remote Sensing of Environment;NA;344257;10.1016/j.rse.2021.112568;https://linkinghub.elsevier.com/retrieve/pii/S0034425721002881;;2021-09;27.05.2025 07:11;27.05.2025 07:11;27.05.2025 07:09;112568;NA;;263;NA;Remote Sensing of Environment;;;NA;NA;NA;NA;NA;en;;NA;NA;NA;DOI.org (Crossref);NA;;NA;C:\Users\j_stee03\Zotero\storage\DJ3IQFD9\Weisberg et al. - 2021 - Phenology-based classification of invasive annual .pdf;NA;NA;NA;;NA;NA;NA;NA;NA;NA;NA;NA;NA;NA;NA;NA;NA;NA;NA;NA;NA;NA;NA;NA;NA;NA;NA;NA;NA;NA;NA;NA;NA;NA;NA;NA;NA;NA;NA;NA;NA;NA;NA;NA;NA;NA;NA;NA;NA
RJECMXYL;journalArticle;2022;"Zhao, Xiaoxia; Su, Yanjun; Hu, Tianyu; Cao, Mengqi; Liu, Xiaoqiang; Yang, Qiuli; Guan, Hongcan; Liu, Lingli; Guo, Qinghua";Analysis of UAV lidar information loss and its influence on the estimation accuracy of structural and functional traits in a meadow steppe;Ecological Indicators;NA;1470160X;10.1016/j.ecolind.2021.108515;https://linkinghub.elsevier.com/retrieve/pii/S1470160X21011808;;2022-02;27.05.2025 07:11;27.05.2025 07:11;27.05.2025 07:09;108515;NA;;135;NA;Ecological Indicators;;;NA;NA;NA;NA;NA;en;;NA;NA;NA;DOI.org (Crossref);NA;;NA;C:\Users\j_stee03\Zotero\storage\FVMY39X5\Zhao et al. - 2022 - Analysis of UAV lidar information loss and its inf.pdf;NA;NA;NA;;NA;NA;NA;NA;NA;NA;NA;NA;NA;NA;NA;NA;NA;NA;NA;NA;NA;NA;NA;NA;NA;NA;NA;NA;NA;NA;NA;NA;NA;NA;NA;NA;NA;NA;NA;NA;NA;NA;NA;NA;NA;NA;NA;NA;NA
II9QLAQI;journalArticle;2021;"Ivošević, Bojana; Lugonja, Predrag; Brdar, Sanja; Radulović, Mirjana; Vujić, Ante; Valente, João";UAV-Based Land Cover Classification for Hoverfly (Diptera: Syrphidae) Habitat Condition Assessment: A Case Study on Mt. Stara Planina (Serbia);Remote Sensing;NA;2072-4292;10.3390/rs13163272;https://www.mdpi.com/2072-4292/13/16/3272;Habitat degradation, mostly caused by human impact, is one of the key drivers of biodiversity loss. This is a global problem, causing a decline in the number of pollinators, such as hoverflies. In the process of digitalizing ecological studies in Serbia, remote-sensing-based land cover classification has become a key component for both current and future research. Object-based land cover classification, using machine learning algorithms of very high resolution (VHR) imagery acquired by an unmanned aerial vehicle (UAV) was carried out in three different study sites on Mt. Stara Planina, Eastern Serbia. UAV land cover classified maps with seven land cover classes (trees, shrubs, meadows, road, water, agricultural land, and forest patches) were studied. Moreover, three different classification algorithms—support vector machine (SVM), random forest (RF), and k-NN (k-nearest neighbors)—were compared. This study shows that the random forest classifier performs better with respect to the other classifiers in all three study sites, with overall accuracy values ranging from 0.87 to 0.96. The overall results are robust to changes in labeling ground truth subsets. The obtained UAV land cover classified maps were compared with the Map of the Natural Vegetation of Europe (EPNV) and used to quantify habitat degradation and assess hoverfly species richness. It was concluded that the percentage of habitat degradation is primarily caused by anthropogenic pressure, thus affecting the richness of hoverfly species in the study sites. In order to enable research reproducibility, the datasets used in this study are made available in a public repository.;18.08.2021;27.05.2025 07:11;27.05.2025 07:11;27.05.2025 07:09;3272;NA;16;13;NA;Remote Sensing;UAV-Based Land Cover Classification for Hoverfly (Diptera;;NA;NA;NA;NA;NA;en;https://creativecommons.org/licenses/by/4.0/;NA;NA;NA;DOI.org (Crossref);NA;;NA;C:\Users\j_stee03\Zotero\storage\ZGZQ8ET8\Ivošević et al. - 2021 - UAV-Based Land Cover Classification for Hoverfly (.pdf;NA;NA;NA;;NA;NA;NA;NA;NA;NA;NA;NA;NA;NA;NA;NA;NA;NA;NA;NA;NA;NA;NA;NA;NA;NA;NA;NA;NA;NA;NA;NA;NA;NA;NA;NA;NA;NA;NA;NA;NA;NA;NA;NA;NA;NA;NA;NA;NA
JS2IR27G;journalArticle;2022;"Maire, Juliette; Gibson-Poole, Simon; Cowan, Nicholas; Krol, Dominika; Somers, Cathal; Reay, Dave S.; Skiba, Ute; Rees, Robert M.; Lanigan, Gary J.; Richards, Karl G.";Can nitrogen input mapping from aerial imagery improve nitrous oxide emissions estimates from grazed grassland?;Precision Agriculture;NA;1385-2256, 1573-1618;10.1007/s11119-022-09908-0;https://link.springer.com/10.1007/s11119-022-09908-0;Abstract                            Most nitrogen (N) lost to the environment from grazed grassland is produced as a result of N excreted by livestock, released in the form of nitrous oxide (N               2               O) emissions, nitrate leaching and ammonia volatilisation. In addition to the N fertiliser applied, excreta deposited by grazing livestock constitute a heterogeneous excess of N, creating spatial hotspots of N losses. This study presents a yearlong N               2               O emissions map from a typical intensively managed temperate grassland, grazed periodically by a dairy herd. The excreta deposition mapping was undertaken using high-resolution RGB images captured with a remotely piloted aircraft system combined with N               2               O emissions measurements using closed statics chambers. The annual N               2               O emissions were estimated to be 3.36 ± 0.30 kg N               2               O–N ha               −1               after a total N applied from fertiliser and excreta of 608 ± 40 kg N ha               −1                yr               −1               . Emissions of N               2               O were 1.9, 3.6 and 4.4 times lower than that estimated using the default IPCC 2019, 2006 or country-specific emission factors, respectively. The spatial distribution and size of excreta deposits was non-uniform, and in each grazing period, an average of 15.1% of the field was covered by urine patches and 1.0% by dung deposits. Some areas of the field repeatedly received urine deposits, accounting for an estimated total of 2410 kg N ha               −1               . The method reported in this study can provide better estimates of how management practices can mitigate N               2               O emissions, to develop more efficient selective approaches to fertiliser application, targeted nitrification inhibitor application and improvements in the current N               2               O inventory estimation.;2022-10;27.05.2025 07:11;27.05.2025 07:11;27.05.2025 07:09;1743-1774;NA;5;23;NA;Precision Agric;;;NA;NA;NA;NA;NA;en;;NA;NA;NA;DOI.org (Crossref);NA;;NA;C:\Users\j_stee03\Zotero\storage\UZY78QBU\Maire et al. - 2022 - Can nitrogen input mapping from aerial imagery imp.pdf;NA;NA;NA;;NA;NA;NA;NA;NA;NA;NA;NA;NA;NA;NA;NA;NA;NA;NA;NA;NA;NA;NA;NA;NA;NA;NA;NA;NA;NA;NA;NA;NA;NA;NA;NA;NA;NA;NA;NA;NA;NA;NA;NA;NA;NA;NA;NA;NA
AU3NTNPS;journalArticle;2021;"Grüner, Esther; Astor, Thomas; Wachendorf, Michael";Prediction of Biomass and N Fixation of Legume–Grass Mixtures Using Sensor Fusion;Frontiers in Plant Science;NA;1664-462X;10.3389/fpls.2020.603921;https://www.frontiersin.org/articles/10.3389/fpls.2020.603921/full;European farmers and especially organic farmers rely on legume–grass mixtures in their crop rotation as an organic nitrogen (N) source, as legumes can fix atmospheric N, which is the most important element for plant growth. Furthermore, legume–grass serves as valuable fodder for livestock and biogas plants. Therefore, information about aboveground biomass and N fixation (NFix) is crucial for efficient farm management decisions on the field level. Remote sensing, as a non-destructive and fast technique, provides different methods to quantify plant trait parameters. In our study, high-density point clouds, derived from terrestrial laser scanning (TLS), in combination with unmanned aerial vehicle-based multispectral (MS) data, were collected to receive information about three plant trait parameters (fresh and dry matter, nitrogen fixation) in two legume–grass mixtures. Several crop surface height metrics based on TLS and vegetation indices based on the four MS bands (green, red, red edge, and near-infrared) were calculated. Furthermore, eight texture features based on mean crop surface height and the four MS bands were generated to measure horizontal spatial heterogeneity. The aim of this multi-temporal study over two vegetation periods was to create estimation models based on biomass and N fixation for two legume–grass mixtures by sensor fusion, a combination of both sensors. To represent conditions in practical farming, e.g., the varying proportion of legumes, the experiment included pure stands of legume and grass of the mixtures. Sensor fusion of TLS and MS data was found to provide better estimates of biomass and N                                Fix                              than separate data analysis. The study shows the important role of texture based on MS and point cloud data, which contributed greatly to the estimation model generation. The applied approach offers an interesting method for improvements in precision agriculture.;21.01.2021;27.05.2025 07:11;27.05.2025 07:11;27.05.2025 07:09;603921;NA;;11;NA;Front. Plant Sci.;;;NA;NA;NA;NA;NA;;;NA;NA;NA;DOI.org (Crossref);NA;;NA;C:\Users\j_stee03\Zotero\storage\ZX5W43PM\Grüner et al. - 2021 - Prediction of Biomass and N Fixation of Legume–Gra.pdf;NA;NA;NA;;NA;NA;NA;NA;NA;NA;NA;NA;NA;NA;NA;NA;NA;NA;NA;NA;NA;NA;NA;NA;NA;NA;NA;NA;NA;NA;NA;NA;NA;NA;NA;NA;NA;NA;NA;NA;NA;NA;NA;NA;NA;NA;NA;NA;NA
CZYQTLL2;journalArticle;2021;"Bossoukpe, Marina; Ndiaye, Ousmane; Diatta, Ousmane; Diatta, Sékouna; Audebert, Alain; Couteron, Pierre; Leroux, Louise; Diouf, Abdoul Aziz; Dendoncker, Morgane; Faye, Emile; Taugourdeau, Simon";Unmanned aerial vehicle for the assessment of woody and herbaceous phytomass in Sahelian savanna;Revue d’élevage et de médecine vétérinaire des pays tropicaux;NA;1951-6711, 0035-1865;10.19182/remvt.36802;https://revues.cirad.fr/index.php/REMVT/article/view/36802;The phytomass of herbaceous and woody plants is the main source of feed for pastoral livestock in the Sahelian savanna. The assessment of the available feedstock plays a key role in national livestock policies and generally requires many field measurements of both herbaceous and woody plants. In this study, we tested the possibility of using a red-green-blue (RGB) unmanned aerial vehicle (UAV) to evaluate the phytomass of both woody and herbaceous species. We thus mapped 38 one hectare plots with a Dji Spark UAV in Northern Senegal. The herbaceous phytomass was measured on the ground. For the woody communities, we evaluated the leaf phytomass using dendrometric parameters combined with allometric equations. We performed partial-least square regressions between UAV-based three-dimension and color indices and phytomass. Results showed a Q² (cross validation results for each response variable) of 0.57 for woody phytomass, 0.68 for herbaceous dry mass, and 0.76 for their fresh mass. This study confirmed the relevance of using low-cost RGB UAV to assess savanna phytomass.;13.12.2021;27.05.2025 07:11;27.05.2025 07:11;27.05.2025 07:09;199-205;NA;4;74;NA;Rev. Elev. Med. Vet. Pays Trop.;;;NA;NA;NA;NA;NA;;https://creativecommons.org/licenses/by/4.0;NA;NA;NA;DOI.org (Crossref);NA;;NA;C:\Users\j_stee03\Zotero\storage\6SKYRNL7\Bossoukpe et al. - 2021 - Unmanned aerial vehicle for the assessment of wood.pdf;NA;NA;NA;;NA;NA;NA;NA;NA;NA;NA;NA;NA;NA;NA;NA;NA;NA;NA;NA;NA;NA;NA;NA;NA;NA;NA;NA;NA;NA;NA;NA;NA;NA;NA;NA;NA;NA;NA;NA;NA;NA;NA;NA;NA;NA;NA;NA;NA
HKKJSBMR;journalArticle;2021;"Lendzioch, Theodora; Langhammer, Jakub; Vlček, Lukáš; Minařík, Robert";Mapping the Groundwater Level and Soil Moisture of a Montane Peat Bog Using UAV Monitoring and Machine Learning;Remote Sensing;NA;2072-4292;10.3390/rs13050907;https://www.mdpi.com/2072-4292/13/5/907;One of the best preconditions for the sufficient monitoring of peat bog ecosystems is the collection, processing, and analysis of unique spatial data to understand peat bog dynamics. Over two seasons, we sampled groundwater level (GWL) and soil moisture (SM) ground truth data at two diverse locations at the Rokytka Peat bog within the Sumava Mountains, Czechia. These data served as reference data and were modeled with a suite of potential variables derived from digital surface models (DSMs) and RGB, multispectral, and thermal orthoimages reflecting topomorphometry, vegetation, and surface temperature information generated from drone mapping. We used 34 predictors to feed the random forest (RF) algorithm. The predictor selection, hyperparameter tuning, and performance assessment were performed with the target-oriented leave-location-out (LLO) spatial cross-validation (CV) strategy combined with forward feature selection (FFS) to avoid overfitting and to predict on unknown locations. The spatial CV performance statistics showed low (R2 = 0.12) to high (R2 = 0.78) model predictions. The predictor importance was used for model interpretation, where temperature had strong impact on GWL and SM, and we found significant contributions of other predictors, such as Normalized Difference Vegetation Index (NDVI), Normalized Difference Index (NDI), Enhanced Red-Green-Blue Vegetation Index (ERGBVE), Shape Index (SHP), Green Leaf Index (GLI), Brightness Index (BI), Coloration Index (CI), Redness Index (RI), Primary Colours Hue Index (HI), Overall Hue Index (HUE), SAGA Wetness Index (TWI), Plan Curvature (PlnCurv), Topographic Position Index (TPI), and Vector Ruggedness Measure (VRM). Additionally, we estimated the area of applicability (AOA) by presenting maps where the prediction model yielded high-quality results and where predictions were highly uncertain because machine learning (ML) models make predictions far beyond sampling locations without sampling data with no knowledge about these environments. The AOA method is well suited and unique for planning and decision-making about the best sampling strategy, most notably with limited data.;28.02.2021;27.05.2025 07:11;27.05.2025 07:11;27.05.2025 07:09;907;NA;5;13;NA;Remote Sensing;;;NA;NA;NA;NA;NA;en;https://creativecommons.org/licenses/by/4.0/;NA;NA;NA;DOI.org (Crossref);NA;;NA;C:\Users\j_stee03\Zotero\storage\9HHRTMSB\Lendzioch et al. - 2021 - Mapping the Groundwater Level and Soil Moisture of.pdf;NA;NA;NA;;NA;NA;NA;NA;NA;NA;NA;NA;NA;NA;NA;NA;NA;NA;NA;NA;NA;NA;NA;NA;NA;NA;NA;NA;NA;NA;NA;NA;NA;NA;NA;NA;NA;NA;NA;NA;NA;NA;NA;NA;NA;NA;NA;NA;NA
DYJN7RR7;journalArticle;2021;"Blackburn, Ryan C.; Barber, Nicholas A.; Farrell, Anna K.; Buscaglia, Robert; Jones, Holly P.";Monitoring ecological characteristics of a tallgrass prairie using an unmanned aerial vehicle;Restoration Ecology;NA;1061-2971, 1526-100X;10.1111/rec.13339;https://onlinelibrary.wiley.com/doi/10.1111/rec.13339;Site‐specific conditions, climate, and management decisions all dictate the establishment and composition of desired plant communities within grassland restorations. The uncertainty, complexity, and large size of grassland restorations necessitate monitoring plant communities across spatial and temporal scales. Remote sensing with unmanned aerial vehicles (UAVs) may provide a tool to monitor restored plant communities at various scales, but many potential applications are still unknown. In a tallgrass prairie restoration located in Franklin Grove, IL, we used UAV‐based multispectral imagery to assess the ability of spectral indices to predict ecological characteristics (plant community, plant traits, soil properties) in the summer of 2017. Using 19 sites, we calculated the moments of 26 vegetation indices and four spectral bands (green, red, red edge, near infrared). Models based on each moment and a model with all moments were estimated using ridge regression with model training based on a subset of 15 sites. Each tested for significant error reduction against a null model. We predicted mean graminoid cover, mean dead aboveground biomass, mean dry mass, and mean soil K with significant reductions in cross‐validated root mean square error. Averaged coefficients determined from cross‐validation of ridge regression models were used to develop a final predictive model of the four successfully predicted ecological characteristics. Graminoid cover and soil potassium were successfully predicted in one of the sites while the other two were not successfully predicted in any site. This study provides a path toward a new level of ease and precision in monitoring community dynamics of restored grasslands.;2021-04;27.05.2025 07:11;27.05.2025 07:11;27.05.2025 07:09;e13339;NA;S1;29;NA;Restoration Ecology;;;NA;NA;NA;NA;NA;en;;NA;NA;NA;DOI.org (Crossref);NA;;NA;C:\Users\j_stee03\Zotero\storage\YRN3HVNT\Blackburn et al. - 2021 - Monitoring ecological characteristics of a tallgra.pdf;NA;NA;NA;;NA;NA;NA;NA;NA;NA;NA;NA;NA;NA;NA;NA;NA;NA;NA;NA;NA;NA;NA;NA;NA;NA;NA;NA;NA;NA;NA;NA;NA;NA;NA;NA;NA;NA;NA;NA;NA;NA;NA;NA;NA;NA;NA;NA;NA
5BEWEE7D;journalArticle;2021;"Sankey, Joel B.; Sankey, Temuulen T.; Li, Junran; Ravi, Sujith; Wang, Guan; Caster, Joshua; Kasprak, Alan";Quantifying plant-soil-nutrient dynamics in rangelands: Fusion of UAV hyperspectral-LiDAR, UAV multispectral-photogrammetry, and ground-based LiDAR-digital photography in a shrub-encroached desert grassland;Remote Sensing of Environment;NA;344257;10.1016/j.rse.2020.112223;https://linkinghub.elsevier.com/retrieve/pii/S0034425720305964;;2021-02;27.05.2025 07:11;27.05.2025 07:11;27.05.2025 07:09;112223;NA;;253;NA;Remote Sensing of Environment;Quantifying plant-soil-nutrient dynamics in rangelands;;NA;NA;NA;NA;NA;en;;NA;NA;NA;DOI.org (Crossref);NA;;NA;C:\Users\j_stee03\Zotero\storage\EFV5TQZF\Sankey et al. - 2021 - Quantifying plant-soil-nutrient dynamics in rangel.pdf;NA;NA;NA;;NA;NA;NA;NA;NA;NA;NA;NA;NA;NA;NA;NA;NA;NA;NA;NA;NA;NA;NA;NA;NA;NA;NA;NA;NA;NA;NA;NA;NA;NA;NA;NA;NA;NA;NA;NA;NA;NA;NA;NA;NA;NA;NA;NA;NA
FX3ZRM74;journalArticle;2021;"Kelly, Julia; Kljun, Natascha; Eklundh, Lars; Klemedtsson, Leif; Liljebladh, Bengt; Olsson, Per-Ola; Weslien, Per; Xie, Xianghua";Modelling and upscaling ecosystem respiration using thermal cameras and UAVs: Application to a peatland during and after a hot drought;Agricultural and Forest Meteorology;NA;1681923;10.1016/j.agrformet.2021.108330;https://linkinghub.elsevier.com/retrieve/pii/S0168192321000137;;2021-04;27.05.2025 07:11;27.05.2025 07:11;27.05.2025 07:09;108330;NA;;300;NA;Agricultural and Forest Meteorology;Modelling and upscaling ecosystem respiration using thermal cameras and UAVs;;NA;NA;NA;NA;NA;en;;NA;NA;NA;DOI.org (Crossref);NA;;NA;C:\Users\j_stee03\Zotero\storage\Z77QQJ52\Kelly et al. - 2021 - Modelling and upscaling ecosystem respiration usin.pdf;NA;NA;NA;;NA;NA;NA;NA;NA;NA;NA;NA;NA;NA;NA;NA;NA;NA;NA;NA;NA;NA;NA;NA;NA;NA;NA;NA;NA;NA;NA;NA;NA;NA;NA;NA;NA;NA;NA;NA;NA;NA;NA;NA;NA;NA;NA;NA;NA
4RFZW84B;journalArticle;2021;"Meng, Baoping; Yang, Zhigui; Yu, Hongyan; Qin, Yu; Sun, Yi; Zhang, Jianguo; Chen, Jianjun; Wang, Zhiwei; Zhang, Wei; Li, Meng; Lv, Yanyan; Yi, Shuhua";Mapping of Kobresia pygmaea Community Based on Umanned Aerial Vehicle Technology and Gaofen Remote Sensing Data in Alpine Meadow Grassland: A Case Study in Eastern of Qinghai–Tibetan Plateau;Remote Sensing;NA;2072-4292;10.3390/rs13132483;https://www.mdpi.com/2072-4292/13/13/2483;The Kobresia pygmaea (KP) community is a key succession stage of alpine meadow degradation on the Qinghai–Tibet Plateau (QTP). However, most of the grassland classification and mapping studies have been performed at the grassland type level. The spatial distribution and impact factors of KP on the QTP are still unclear. In this study, field measurements of the grassland vegetation community in the eastern part of the QTP (Counties of Zeku, Henan and Maqu) from 2015 to 2019 were acquired using unmanned aerial vehicle (UAV) technology. The machine learning algorithms for grassland vegetation community classification were constructed by combining Gaofen satellite images and topographic indices. Then, the spatial distribution of KP community was mapped. The results showed that: (1) For all field observed sites, the alpine meadow vegetation communities demonstrated a considerable spatial heterogeneity. The traditional classification methods can hardly distinguish those communities due to the high similarity of their spectral characteristics. (2) The random forest method based on the combination of satellite vegetation indices, texture feature and topographic indices exhibited the best performance in three counties, with overall accuracy and Kappa coefficient ranged from 74.06% to 83.92% and 0.65 to 0.80, respectively. (3) As a whole, the area of KP community reached 1434.07 km2, and accounted for 7.20% of the study area. We concluded that the combination of satellite remote sensing, UAV surveying and machine learning can be used for KP classification and mapping at community level.;25.06.2021;27.05.2025 07:11;27.05.2025 07:11;27.05.2025 07:09;2483;NA;13;13;NA;Remote Sensing;Mapping of Kobresia pygmaea Community Based on Umanned Aerial Vehicle Technology and Gaofen Remote Sensing Data in Alpine Meadow Grassland;;NA;NA;NA;NA;NA;en;https://creativecommons.org/licenses/by/4.0/;NA;NA;NA;DOI.org (Crossref);NA;;NA;C:\Users\j_stee03\Zotero\storage\99YMAG4B\Meng et al. - 2021 - Mapping of Kobresia pygmaea Community Based on Uma.pdf;NA;NA;NA;;NA;NA;NA;NA;NA;NA;NA;NA;NA;NA;NA;NA;NA;NA;NA;NA;NA;NA;NA;NA;NA;NA;NA;NA;NA;NA;NA;NA;NA;NA;NA;NA;NA;NA;NA;NA;NA;NA;NA;NA;NA;NA;NA;NA;NA
SE7PSLW3;journalArticle;2021;"Barber, Nastassia; Alvarado, Ernesto; Kane, Van R.; Mell, William E.; Moskal, L. Monika";Estimating Fuel Moisture in Grasslands Using UAV-Mounted Infrared and Visible Light Sensors;Sensors;NA;1424-8220;10.3390/s21196350;https://www.mdpi.com/1424-8220/21/19/6350;Predicting wildfire behavior is a complex task that has historically relied on empirical models. Physics-based fire models could improve predictions and have broad applicability, but these models require more detailed inputs, including spatially explicit estimates of fuel characteristics. One of the most critical of these characteristics is fuel moisture. Obtaining moisture measurements with traditional destructive sampling techniques can be prohibitively time-consuming and extremely limited in spatial resolution. This study seeks to assess how effectively moisture in grasses can be estimated using reflectance in six wavelengths in the visible and infrared ranges. One hundred twenty 1 m-square field samples were collected in a western Washington grassland as well as overhead imagery in six wavelengths for the same area. Predictive models of vegetation moisture using existing vegetation indices and components from principal component analysis of the wavelengths were generated and compared. The best model, a linear model based on principal components and biomass, showed modest predictive power (r² = 0.45). This model performed better for the plots with both dominant grass species pooled than it did for each species individually. The presence of this correlation, especially given the limited moisture range of this study, suggests that further research using samples across the entire fire season could potentially produce effective models for estimating moisture in this type of ecosystem using unmanned aerial vehicles, even when more than one major species of grass is present. This approach would be a fast and flexible approach compared to traditional moisture measurements.;23.09.2021;27.05.2025 07:11;27.05.2025 07:11;27.05.2025 07:09;6350;NA;19;21;NA;Sensors;;;NA;NA;NA;NA;NA;en;https://creativecommons.org/licenses/by/4.0/;NA;NA;NA;DOI.org (Crossref);NA;;NA;C:\Users\j_stee03\Zotero\storage\VQXFJK3E\Barber et al. - 2021 - Estimating Fuel Moisture in Grasslands Using UAV-M.pdf;NA;NA;NA;;NA;NA;NA;NA;NA;NA;NA;NA;NA;NA;NA;NA;NA;NA;NA;NA;NA;NA;NA;NA;NA;NA;NA;NA;NA;NA;NA;NA;NA;NA;NA;NA;NA;NA;NA;NA;NA;NA;NA;NA;NA;NA;NA;NA;NA
4WI44L2G;journalArticle;2021;"Zhao, Yujin; Sun, Yihan; Lu, Xiaoming; Zhao, Xuezhen; Yang, Long; Sun, Zhongyu; Bai, Yongfei";Hyperspectral retrieval of leaf physiological traits and their links to ecosystem productivity in grassland monocultures;Ecological Indicators;NA;1470160X;10.1016/j.ecolind.2020.107267;https://linkinghub.elsevier.com/retrieve/pii/S1470160X20312073;;2021-03;27.05.2025 07:11;27.05.2025 07:11;27.05.2025 07:09;107267;NA;;122;NA;Ecological Indicators;;;NA;NA;NA;NA;NA;en;;NA;NA;NA;DOI.org (Crossref);NA;;NA;C:\Users\j_stee03\Zotero\storage\BH9WFQBW\Zhao et al. - 2021 - Hyperspectral retrieval of leaf physiological trai.pdf;NA;NA;NA;;NA;NA;NA;NA;NA;NA;NA;NA;NA;NA;NA;NA;NA;NA;NA;NA;NA;NA;NA;NA;NA;NA;NA;NA;NA;NA;NA;NA;NA;NA;NA;NA;NA;NA;NA;NA;NA;NA;NA;NA;NA;NA;NA;NA;NA
5TK8Z4SM;journalArticle;2021;"Li, Jiexia; Li, Xilai; Gao, Jay; Kazhaocairang; Ma, Geliang; Qi, Xuezhong";Micro-scale fragmentation of the alpine meadow landscape on the Qinghai-Tibet Plateau under external disturbances;CATENA;NA;3418162;10.1016/j.catena.2021.105220;https://linkinghub.elsevier.com/retrieve/pii/S0341816221000795;;2021-06;27.05.2025 07:11;27.05.2025 07:11;27.05.2025 07:09;105220;NA;;201;NA;CATENA;;;NA;NA;NA;NA;NA;en;;NA;NA;NA;DOI.org (Crossref);NA;;NA;C:\Users\j_stee03\Zotero\storage\SHU5W69E\Li et al. - 2021 - Micro-scale fragmentation of the alpine meadow lan.pdf;NA;NA;NA;;NA;NA;NA;NA;NA;NA;NA;NA;NA;NA;NA;NA;NA;NA;NA;NA;NA;NA;NA;NA;NA;NA;NA;NA;NA;NA;NA;NA;NA;NA;NA;NA;NA;NA;NA;NA;NA;NA;NA;NA;NA;NA;NA;NA;NA
C3DDDBGI;journalArticle;2021;"Pranga, Joanna; Borra-Serrano, Irene; Aper, Jonas; De Swaef, Tom; Ghesquiere, An; Quataert, Paul; Roldán-Ruiz, Isabel; Janssens, Ivan A.; Ruysschaert, Greet; Lootens, Peter";Improving Accuracy of Herbage Yield Predictions in Perennial Ryegrass with UAV-Based Structural and Spectral Data Fusion and Machine Learning;Remote Sensing;NA;2072-4292;10.3390/rs13173459;https://www.mdpi.com/2072-4292/13/17/3459;"High-throughput field phenotyping using close remote sensing platforms and sensors for non-destructive assessment of plant traits can support the objective evaluation of yield predictions of large breeding trials. The main objective of this study was to examine the potential of unmanned aerial vehicle (UAV)-based structural and spectral features and their combination in herbage yield predictions across diploid and tetraploid varieties and breeding populations of perennial ryegrass (Lolium perenne L.). Canopy structural (i.e., canopy height) and spectral (i.e., vegetation indices) information were derived from data gathered with two sensors: a consumer-grade RGB and a 10-band multispectral (MS) camera system, which were compared in the analysis. A total of 468 field plots comprising 115 diploid and 112 tetraploid varieties and populations were considered in this study. A modelling framework established to predict dry matter yield (DMY), was used to test three machine learning algorithms, including Partial Least Squares Regression (PLSR), Random Forest (RF), and Support Vector Machines (SVM). The results of the nested cross-validation revealed: (a) the fusion of structural and spectral features achieved better DMY estimates as compared to models fitted with structural or spectral data only, irrespective of the sensor, ploidy level or machine learning algorithm applied; (b) models built with MS-based predictor variables, despite their lower spatial resolution, slightly outperformed the RGB-based models, as lower mean relative root mean square error (rRMSE) values were delivered; and (c) on average, the RF technique reported the best model performances among tested algorithms, regardless of the dataset used. The approach introduced in this study can provide accurate yield estimates (up to an RMSE = 308 kg ha−1) and useful information for breeders and practical farm-scale applications.";01.09.2021;27.05.2025 07:11;27.05.2025 07:11;27.05.2025 07:09;3459;NA;17;13;NA;Remote Sensing;;;NA;NA;NA;NA;NA;en;https://creativecommons.org/licenses/by/4.0/;NA;NA;NA;DOI.org (Crossref);NA;;NA;C:\Users\j_stee03\Zotero\storage\IIFE3SY9\Pranga et al. - 2021 - Improving Accuracy of Herbage Yield Predictions in.pdf;NA;NA;NA;;NA;NA;NA;NA;NA;NA;NA;NA;NA;NA;NA;NA;NA;NA;NA;NA;NA;NA;NA;NA;NA;NA;NA;NA;NA;NA;NA;NA;NA;NA;NA;NA;NA;NA;NA;NA;NA;NA;NA;NA;NA;NA;NA;NA;NA
VDXV5M82;journalArticle;2021;"Shi, Yan; Gao, Jay; Li, Xilai; Li, Jiexia; dela Torre, Daniel Marc G.; Brierley, Gary John";Improved Estimation of Aboveground Biomass of Disturbed Grassland through Including Bare Ground and Grazing Intensity;Remote Sensing;NA;2072-4292;10.3390/rs13112105;https://www.mdpi.com/2072-4292/13/11/2105;Accurate approaches to aboveground biomass (AGB) estimation are required to support appraisal of the effectiveness of land use measures, which seek to protect grazing-adapted grasslands atop the Qinghai-Tibet Plateau (QTP). This methodological study assesses the effectiveness of one commonly used visible band vegetation index, Red Green Blue Vegetation Index (RGBVI), obtained from unmanned aerial vehicle (UAV), in estimating AGB timely and accurately at the local scale, seeking to improve the estimation accuracy by taking into account in situ collected information on disturbed grassland. Particular emphasis is placed upon the mapping and quantification of areas disturbed by grazing (simulated via mowing) and plateau pika (Ochotona curzoniae) that have led to the emergence of bare ground. The initial model involving only RGBVI performed poorly in AGB estimation by underestimating high AGB by around 10% and overestimating low AGB by about 10%. The estimation model was modified by the mowing intensity ratio and bare ground metrics. The former almost doubled the estimation accuracy from R2 = 0.44 to 0.81. However, this modification caused the bare ground AGB to be overestimated by about 38 and 19 g m−2 for 2018 and 2019, respectively. Although further modification of the model by bare ground metrics improved the accuracy slightly to 0.88, it markedly reduced the overestimation of low AGB values. It is recommended that grazing intensity be incorporated into the micro-scale estimation of AGB, together with the bare ground modification metrics, especially for severely disturbed meadows with a sizable portion of bare ground.;27.05.2021;27.05.2025 07:11;27.05.2025 07:11;27.05.2025 07:09;2105;NA;11;13;NA;Remote Sensing;;;NA;NA;NA;NA;NA;en;https://creativecommons.org/licenses/by/4.0/;NA;NA;NA;DOI.org (Crossref);NA;;NA;C:\Users\j_stee03\Zotero\storage\5ZWAQ2I5\Shi et al. - 2021 - Improved Estimation of Aboveground Biomass of Dist.pdf;NA;NA;NA;;NA;NA;NA;NA;NA;NA;NA;NA;NA;NA;NA;NA;NA;NA;NA;NA;NA;NA;NA;NA;NA;NA;NA;NA;NA;NA;NA;NA;NA;NA;NA;NA;NA;NA;NA;NA;NA;NA;NA;NA;NA;NA;NA;NA;NA
TQCQJVB4;journalArticle;2021;"Lam, Olee Hoi Ying; Dogotari, Marcel; Prüm, Moritz; Vithlani, Hemang Narendra; Roers, Corinna; Melville, Bethany; Zimmer, Frank; Becker, Rolf";An open source workflow for weed mapping in native grassland using unmanned aerial vehicle: using <i>Rumex obtusifolius</i> as a case study;European Journal of Remote Sensing;NA;2279-7254;10.1080/22797254.2020.1793687;https://www.tandfonline.com/doi/full/10.1080/22797254.2020.1793687;;05.02.2021;27.05.2025 07:11;27.05.2025 07:11;27.05.2025 07:09;71-88;NA;sup1;54;NA;European Journal of Remote Sensing;An open source workflow for weed mapping in native grassland using unmanned aerial vehicle;;NA;NA;NA;NA;NA;en;;NA;NA;NA;DOI.org (Crossref);NA;;NA;C:\Users\j_stee03\Zotero\storage\I7A8VCT9\Lam et al. - 2021 - An open source workflow for weed mapping in native.pdf;NA;NA;NA;;NA;NA;NA;NA;NA;NA;NA;NA;NA;NA;NA;NA;NA;NA;NA;NA;NA;NA;NA;NA;NA;NA;NA;NA;NA;NA;NA;NA;NA;NA;NA;NA;NA;NA;NA;NA;NA;NA;NA;NA;NA;NA;NA;NA;NA
CLYJ4297;journalArticle;2021;"Sinde-González, Izar; Gil-Docampo, Mariluz; Arza-García, Marcos; Grefa-Sánchez, José; Yánez-Simba, Diana; Pérez-Guerrero, Patricio; Abril-Porras, Víctor";Biomass estimation of pasture plots with multitemporal UAV-based photogrammetric surveys;International Journal of Applied Earth Observation and Geoinformation;NA;15698432;10.1016/j.jag.2021.102355;https://linkinghub.elsevier.com/retrieve/pii/S0303243421000623;;2021-09;27.05.2025 07:11;27.05.2025 07:11;27.05.2025 07:09;102355;NA;;101;NA;International Journal of Applied Earth Observation and Geoinformation;;;NA;NA;NA;NA;NA;en;;NA;NA;NA;DOI.org (Crossref);NA;;NA;C:\Users\j_stee03\Zotero\storage\4WGC54S2\Sinde-González et al. - 2021 - Biomass estimation of pasture plots with multitemp.pdf;NA;NA;NA;;NA;NA;NA;NA;NA;NA;NA;NA;NA;NA;NA;NA;NA;NA;NA;NA;NA;NA;NA;NA;NA;NA;NA;NA;NA;NA;NA;NA;NA;NA;NA;NA;NA;NA;NA;NA;NA;NA;NA;NA;NA;NA;NA;NA;NA
DX4HV25H;journalArticle;2017;"Rahman, Mir Mustafizur; McDermid, Gregory J.; Strack, Maria; Lovitt, Julie";A New Method to Map Groundwater Table in Peatlands Using Unmanned Aerial Vehicles;Remote Sensing;NA;2072-4292;10.3390/rs9101057;https://www.mdpi.com/2072-4292/9/10/1057;Groundwater level (GWL) and depth to water (DTW) are related metrics aimed at characterizing groundwater-table positions in peatlands, and two of the most common variables collected by researchers working in these ecosystems. While well-established field techniques exist for measuring GWL and DTW, they are generally difficult to scale. In this study, we present a novel workflow for mapping groundwater using orthophotography and photogrammetric point clouds acquired from unmanned aerial vehicles. Our approach takes advantage of the fact that pockets of surface water are normally abundant in peatlands, which we assume to be reflective of GWL in these porous, gently sloping environments. By first classifying surface water and then extracting a sample of water elevations, we can generate continuous models of GWL through interpolation. Estimates of DTW can then be obtained through additional efforts to characterize terrain. We demonstrate our methodology across a complex, 61-ha treed bog in northern Alberta, Canada. An independent accuracy assessment using 31 temporally coincident water-well measurements revealed accuracies (root mean square error) in the 20-cm range, though errors were concentrated in small upland pockets in the study area, and areas of dense tree covers. Model estimates in the open peatland areas were considerably better.;17.10.2017;27.05.2025 07:11;27.05.2025 07:11;27.05.2025 07:09;1057;NA;10;9;NA;Remote Sensing;;;NA;NA;NA;NA;NA;en;https://creativecommons.org/licenses/by/4.0/;NA;NA;NA;DOI.org (Crossref);NA;;NA;C:\Users\j_stee03\Zotero\storage\9AZ6SV6W\Rahman et al. - 2017 - A New Method to Map Groundwater Table in Peatlands.pdf;NA;NA;NA;;NA;NA;NA;NA;NA;NA;NA;NA;NA;NA;NA;NA;NA;NA;NA;NA;NA;NA;NA;NA;NA;NA;NA;NA;NA;NA;NA;NA;NA;NA;NA;NA;NA;NA;NA;NA;NA;NA;NA;NA;NA;NA;NA;NA;NA
UTLHT48S;journalArticle;2021;"Théau, Jérôme; Lauzier-Hudon, Étienne; Aubé, Lydiane; Devillers, Nicolas";Estimation of forage biomass and vegetation cover in grasslands using UAV imagery;PLOS ONE;NA;1932-6203;10.1371/journal.pone.0245784;https://dx.plos.org/10.1371/journal.pone.0245784;Grasslands are among the most widespread ecosystems on Earth and among the most degraded. Their characterization and monitoring are generally based on field measurements, which are incomplete spatially and temporally. The recent advent of unmanned aerial vehicles (UAV) provides data at unprecedented spatial and temporal resolutions. This study aims to test and compare three approaches based on multispectral imagery acquired by UAV to estimate forage biomass or vegetation cover in grasslands. The study site is composed of 30 pasture plots (25 × 50 m), 5 bare soil plots (25 x 50), and 6 control plots (5 × 5 m) on a 14-ha field maintained at various biomass levels by grazing rotations and clipping over a complete growing season. A total of 14 flights were performed. A first approach based on structure from motion was used to generate a volumetric-based biomass estimation model (R               2               of 0.93 and 0.94 for fresh biomass [FM] and dry biomass [DM], respectively). This approach is not very sensitive to low vegetation levels but is accurate for FM estimation greater than 0.5 kg/m               2               (0.1 kg DM/m               2               ). The Green Normalized Difference Vegetation Index (GNDVI) was selected to develop two additional approaches. One is based on a regression biomass prediction model (R               2               of 0.80 and 0.66 for FM and DM, respectively) and leads to an accurate estimation at levels of FM lower than 3 kg/m               2               (0.6 kg DM/m               2               ). The other approach is based on a classification of vegetation cover from clustering of GNDVI values in four classes. This approach is more qualitative than the other ones but more robust and generalizable. These three approaches are relatively simple to use and applicable in an operational context. They are also complementary and can be adapted to specific applications in grassland characterization.;25.01.2021;27.05.2025 07:11;27.05.2025 07:11;27.05.2025 07:09;e0245784;NA;1;16;NA;PLoS ONE;;;NA;NA;NA;NA;NA;en;;NA;NA;NA;DOI.org (Crossref);NA;;NA;C:\Users\j_stee03\Zotero\storage\THMGQ46M\Théau et al. - 2021 - Estimation of forage biomass and vegetation cover .pdf;NA;NA;NA;Yang, Jun;NA;NA;NA;NA;NA;NA;NA;NA;NA;NA;NA;NA;NA;NA;NA;NA;NA;NA;NA;NA;NA;NA;NA;NA;NA;NA;NA;NA;NA;NA;NA;NA;NA;NA;NA;NA;NA;NA;NA;NA;NA;NA;NA;NA;NA
EGFMG24A;journalArticle;2021;"Higgisson, William; Cobb, Adrian; Tschierschke, Alica; Dyer, Fiona";"Estimating the cover of <span style=""font-variant:small-caps;""> <i>Phragmites australis</i> </span> using unmanned aerial vehicles and neural networks in a semi‐arid wetland";River Research and Applications;NA;1535-1459, 1535-1467;10.1002/rra.3832;https://onlinelibrary.wiley.com/doi/10.1002/rra.3832;Abstract                            Unmanned aerial vehicles (UAVs) provide high‐spatial‐resolution imagery and allow the collection of data in locations or periods of time where field‐based data collection is challenging or impossible, such as in wetlands and floodplains. Computational deep learning techniques are transforming the way in which remotely sensed imagery and data can be used and are having an increasing role in remote sensing. Here, we describe a method using UAV and machine learning technique convolutional neural networks (CNNs) to estimate the cover of wetland features               Phragmites australis               reeds, leaf litter, water, bareground, and other vegetation in a large inland floodplain wetland in Western New South Wales (NSW), Australia. We firstly describe the process we took to train, validate, and test the model. We describe the model's performance by calculating a range of performance indicators and provide density maps and results from individual sites. The model had an overall accuracy of 0.947 and recognized and estimated               Phragmites australis               reeds to a very high accuracy (>98%). Here, we show an effective, accurate, and reproducible way to estimate the cover of               Phragmites australis               reeds and other wetland features using UAV and CNNs in a semi‐arid wetland.;2021-11;27.05.2025 07:11;27.05.2025 07:11;27.05.2025 07:09;1312-1322;NA;9;37;NA;River Research & Apps;"Estimating the cover of <span style=""font-variant";;NA;NA;NA;NA;NA;en;;NA;NA;NA;DOI.org (Crossref);NA;;NA;C:\Users\j_stee03\Zotero\storage\IUHU2DZ4\Higgisson et al. - 2021 - Estimating the cover of span style=font-variant.pdf;NA;NA;NA;;NA;NA;NA;NA;NA;NA;NA;NA;NA;NA;NA;NA;NA;NA;NA;NA;NA;NA;NA;NA;NA;NA;NA;NA;NA;NA;NA;NA;NA;NA;NA;NA;NA;NA;NA;NA;NA;NA;NA;NA;NA;NA;NA;NA;NA
JH7XA2N2;journalArticle;2021;"Bankert, Andrew R.; Strasser, Erin H.; Burch, Cristy G.; Correll, Maureen D.";An open-source approach to characterizing Chihuahuan Desert vegetation communities using object-based image analysis;Journal of Arid Environments;NA;1401963;10.1016/j.jaridenv.2020.104383;https://linkinghub.elsevier.com/retrieve/pii/S0140196320302822;;2021-05;27.05.2025 07:11;27.05.2025 07:11;27.05.2025 07:09;104383;NA;;188;NA;Journal of Arid Environments;;;NA;NA;NA;NA;NA;en;;NA;NA;NA;DOI.org (Crossref);NA;;NA;C:\Users\j_stee03\Zotero\storage\5M68Q2QY\Bankert et al. - 2021 - An open-source approach to characterizing Chihuahu.pdf;NA;NA;NA;;NA;NA;NA;NA;NA;NA;NA;NA;NA;NA;NA;NA;NA;NA;NA;NA;NA;NA;NA;NA;NA;NA;NA;NA;NA;NA;NA;NA;NA;NA;NA;NA;NA;NA;NA;NA;NA;NA;NA;NA;NA;NA;NA;NA;NA
UGXWDB5M;journalArticle;2017;"Kohv, Marko; Sepp, Edgar; Vammus, Lii";Assessing multitemporal water‐level changes with uav‐based photogrammetry;The Photogrammetric Record;NA;0031-868X, 1477-9730;10.1111/phor.12214;https://onlinelibrary.wiley.com/doi/10.1111/phor.12214;Abstract                            Unmanned aerial vehicle (               UAV               ) images and structure‐from‐motion (SfM) methodology allow very high resolution surface reconstruction. This fairly low‐cost and time‐saving method is used for northern bog hydrology characterisation. The primary interest of this study lies in seasonally changing bog pool water levels. The study site is located in a potential conflict zone where water extraction from an underground oil shale mine threatens protected wetlands. The study involves two test areas that were surveyed three times, allowing spatio‐temporal quantification of seasonal changes of the bog surface. Aerial lidar data and manual measurements were used to assess the quality of SfM surfaces and discrepancies between the different methods were analysed. Overall, there is a good fit between the methods used, validating the use of SfM methodology in a natural wetland environment. This study demonstrates that the nearby mine is influencing the seasonal water‐level fluctuations of the protected wetland.                        ,              Résumé             Les images acquises par drone et les méthodes de structure à partir du mouvement (SfM) permettent la reconstruction de surface à très haute résolution. Cette approche particulièrement bon marché et rapide est utilisée pour la caractérisation hydrologique des tourbières nordiques. Le principal intérêt de cette étude est lié aux variations saisonnières du niveau d'eau des mares de tourbières. Le site d’étude est situé dans une zone humide à risque de conflit, menacée par l'extraction d'eau dans une mine souterraine de schiste bitumineux. L’étude porte sur deux sites expérimentaux, qui ont été relevés trois fois pour une quantification spatio‐temporelle des variations saisonnières de la surface de la tourbière. Des données lidar aériennes et des mesures manuelles ont permis d’évaluer la qualité des surfaces SfM et les écarts entre les différentes méthodes ont été analysés. On observe dans l'ensemble une bonne concordance entre les méthodes utilisées, ce qui valide l'usage de méthodes SfM dans un milieu naturel marécageux. Cette étude montre que la mine proche a une influence sur les fluctuations saisonnières du niveau d'eau de cette tourbière protégée.           ,              Zusammenfassung             Die Kombination von Bildern von Unbemannten Drohnen (UAV) und die Methoden des Structure from Motion (SfM) erlauben eine sehr detaillierte Oberflächenrekonstruktion. Diese sehr kostengünstige und zeitsparende Kombination wird für die Charakterisierung der Hydrologie nordischer Sumpflandschaften genutzt. Das Hauptinteresse dieser Studie liegt in der Erfassung jahreszeitlich veränderter Wasserstände in Tümpeln der Feuchtgebiete. Die Untersuchungsgebiete liegen in einer potentiellen Konfliktzone, wo die Entnahme von Wasser durch ein Ölschieferbergwerk die geschützten Feuchtgebiete bedroht. Zwei Gebiete wurden dreimal vermessen, womit eine räumlich‐zeitliche Quantifizierung jahreszeitlicher Änderungen der Oberfläche des Sumpfes möglich wird. Als Solldaten wurden flugzeuggestützte Laserdaten und manuelle Vermessungen durchgeführt, um die Qualität der SfM‐Oberflächen und Unterschiede zw. verschiedenen Auswertemethoden zu ermitteln. Insgesamt kann bestätigt werden, dass alle eingesetzten SfM‐Methoden nur wenige Unterschiede untereinander aufweisen und somit für natürliche Feuchtgebiete einsetzbar sind. Die Studie zeigt auch, dass das nahgelegene Bergwerk die jahreszeitlichen Schwankungen der Wasserstände in den geschützten Feuchtgebieten beeinflusst.           ,              Resumen             Las imágenes de vehículos aéreos no tripulados (UAV) y las técticas de correspondencia de estructura de movimiento (SfM) permiten la reconstrucción superficial en muy alta resolución. Este método de bajo costo y ahorro de tiempo se utiliza para la caracterización de la hidrología del pantano del norte. El principal interés de este estudio radica en los cambios estacionales del nivel de agua en el pantano. El área de estudio está situado en una zona potencialmente conflictiva donde la extracción de agua de una mina subterránea amenaza los humedales protegidos. El estudio contiene dos áreas de prueba que fueron examinadas tres veces, permitiendo la cuantificación espacio‐temporal de los cambios estacionales de la superficie del pantano. Se utilizaron datos lidar aéreos y mediciones manuales para evaluar la calidad de las superficies obtenidas mediante SfM y se analizaron las discrepancias entre los diferentes métodos. En general, existe un buen ajuste entre los métodos utilizados, validando el uso de la metodología SfM en un entorno natural de humedales. Este estudio demuestra que la mina cercana influye en las fluctuaciones estacionales del nivel de agua del humedal protegido.           ,              摘要             无人机 (UAV) 影像和基于运动恢复结构 (SfM) 方法可提供非常高分辨率的表面重建。这种经济、省时的方法被用于北部沼泽水文特征提取。这项研究的主要目标在于了解沼泽水位的季节性变化。研究场址位于一个具有潜在争议的地带, 该处地下油页岩的开采威胁到受保护的湿地。本研究包含两个测试区域, 并分别测量了三次, 以对沼泽地表的季节变化进行时空定量研究。机载激光雷达数据与人工量测数据被用来评估SfM测量得到的结果, 并分析不同方法所得结果之间的差异。总体而言, 各方法所得到的结果能较好地吻合, 说明在自然湿地环境中使用无人机影像与SfM方法是可取的。本研究显示, 附近的油页岩开采正在影响受保护湿地的季节性水位变化。;2017-12;27.05.2025 07:11;27.05.2025 07:11;27.05.2025 07:09;424-442;NA;160;32;NA;The Photogrammetric Record;;;NA;NA;NA;NA;NA;en;;NA;NA;NA;DOI.org (Crossref);NA;;NA;C:\Users\j_stee03\Zotero\storage\CGNI3LCM\Kohv et al. - 2017 - Assessing multitemporal water‐level changes with u.pdf;NA;NA;NA;;NA;NA;NA;NA;NA;NA;NA;NA;NA;NA;NA;NA;NA;NA;NA;NA;NA;NA;NA;NA;NA;NA;NA;NA;NA;NA;NA;NA;NA;NA;NA;NA;NA;NA;NA;NA;NA;NA;NA;NA;NA;NA;NA;NA;NA
GB9CUVJ9;journalArticle;2019;"Harris, A.; Baird, A. J.";Microtopographic Drivers of Vegetation Patterning in Blanket Peatlands Recovering from Erosion;Ecosystems;NA;1432-9840, 1435-0629;10.1007/s10021-018-0321-6;http://link.springer.com/10.1007/s10021-018-0321-6;;2019-08;27.05.2025 07:11;27.05.2025 07:11;27.05.2025 07:09;1035-1054;NA;5;22;NA;Ecosystems;;;NA;NA;NA;NA;NA;en;;NA;NA;NA;DOI.org (Crossref);NA;;NA;C:\Users\j_stee03\Zotero\storage\2EFT7J8X\Harris und Baird - 2019 - Microtopographic Drivers of Vegetation Patterning .pdf;NA;NA;NA;;NA;NA;NA;NA;NA;NA;NA;NA;NA;NA;NA;NA;NA;NA;NA;NA;NA;NA;NA;NA;NA;NA;NA;NA;NA;NA;NA;NA;NA;NA;NA;NA;NA;NA;NA;NA;NA;NA;NA;NA;NA;NA;NA;NA;NA
ILHXTL42;journalArticle;2021;"Yuba, Norio; Kawamura, Kensuke; Yasuda, Taisuke; Lim, Jihyun; Yoshitoshi, Rena; Watanabe, Nariyasu; Kurokawa, Yuzo; Maeda, Teruo";Discriminating <i>Pennisetum alopecuoides</i> plants in a grazed pasture from unmanned aerial vehicles using object‐based image analysis and random forest classifier;Grassland Science;NA;1744-6961, 1744-697X;10.1111/grs.12288;https://onlinelibrary.wiley.com/doi/10.1111/grs.12288;Abstract                            Timely and accurate weed detection in pasture is critical for efficient grazing management. Although high‐resolution images from unmanned aerial vehicles (UAVs) offer new opportunities for the detection of weeds at the farm scale, pixel‐based image analyses do not always produce the best results and object‐based image analysis (OBIA) has improved weed discrimination accuracy. In the present study, we evaluated the performance of OBIA on UAV images by integrating random forest (RF) classifier with auxiliary information layers to discriminate and map               Pennisetum alopecuroide               plants, a prolific and harmful weed, in a grazed pasture. The UAV images were captured at different flight altitudes (28, 56, 82 and 114 m). The OBIA‐RF algorithm included 20 input features: five layers (red‐green‐blue [RGB] or hue‐saturation‐brightness [HSV] image bands, texture and digital surface model) and the descriptive statistics (median, standard deviation, minimum and maximum) for each object. The predicted               P. alopecuroides               maps were evaluated for out‐of‐bag accuracy and generalized error accuracy in the test dataset. HSV‐based classification had higher classification accuracy, and the lowest altitude of 28 m (spatial resolution, 0.9 cm) was considered the most suitable for the weed detection. Overall, the optimal classification accuracy was achieved in the HSV‐based OBIA‐RF model using the images from the lowest altitude (highest spatial resolution). Among the 20 input features, the brightness information (V layer) in the HSV images was considered the most important because               P. alopecuroides               ears are black.;2021-01;27.05.2025 07:11;27.05.2025 07:11;27.05.2025 07:09;73-82;NA;1;67;NA;Grassland Science;;;NA;NA;NA;NA;NA;en;;NA;NA;NA;DOI.org (Crossref);NA;;NA;C:\Users\j_stee03\Zotero\storage\WZ8PX3AG\Yuba et al. - 2021 - Discriminating Pennisetum alopecuoides plan.pdf;NA;NA;NA;;NA;NA;NA;NA;NA;NA;NA;NA;NA;NA;NA;NA;NA;NA;NA;NA;NA;NA;NA;NA;NA;NA;NA;NA;NA;NA;NA;NA;NA;NA;NA;NA;NA;NA;NA;NA;NA;NA;NA;NA;NA;NA;NA;NA;NA
YDRRYSHA;journalArticle;2019;"Beyer, Florian; Jurasinski, Gerald; Couwenberg, John; Grenzdörffer, Görres";Multisensor data to derive peatland vegetation communities using a fixed-wing unmanned aerial vehicle;International Journal of Remote Sensing;NA;0143-1161, 1366-5901;10.1080/01431161.2019.1580825;https://www.tandfonline.com/doi/full/10.1080/01431161.2019.1580825;;17.12.2019;27.05.2025 07:11;27.05.2025 07:11;27.05.2025 07:09;9103-9125;NA;24;40;NA;International Journal of Remote Sensing;;;NA;NA;NA;NA;NA;en;;NA;NA;NA;DOI.org (Crossref);NA;;NA;C:\Users\j_stee03\Zotero\storage\53BHLR65\Beyer et al. - 2019 - Multisensor data to derive peatland vegetation com.pdf;NA;NA;NA;;NA;NA;NA;NA;NA;NA;NA;NA;NA;NA;NA;NA;NA;NA;NA;NA;NA;NA;NA;NA;NA;NA;NA;NA;NA;NA;NA;NA;NA;NA;NA;NA;NA;NA;NA;NA;NA;NA;NA;NA;NA;NA;NA;NA;NA
546DCC8W;journalArticle;2021;"da Costa, Máira Beatriz Teixeira; Silva, Carlos Alberto; Broadbent, Eben North; Leite, Rodrigo Vieira; Mohan, Midhun; Liesenberg, Veraldo; Stoddart, Jaz; do Amaral, Cibele Hummel; de Almeida, Danilo Roberti Alves; da Silva, Anne Laura; Ré Y. Goya, Lucas Ruggeri; Cordeiro, Victor Almeida; Rex, Franciel; Hirsch, Andre; Marcatti, Gustavo Eduardo; Cardil, Adrian; de Mendonça, Bruno Araujo Furtado; Hamamura, Caio; Corte, Ana Paula Dalla; Matricardi, Eraldo Aparecido Trondoli; Hudak, Andrew T.; Zambrano, Angelica Maria Almeyda; Valbuena, Ruben; de Faria, Bruno Lopes; Silva Junior, Celso H.L.; Aragao, Luiz; Ferreira, Manuel Eduardo; Liang, Jingjing; e Carvalho, Samuel de Pádua Chaves; Klauberg, Carine";Beyond trees: Mapping total aboveground biomass density in the Brazilian savanna using high-density UAV-lidar data;Forest Ecology and Management;NA;3781127;10.1016/j.foreco.2021.119155;https://linkinghub.elsevier.com/retrieve/pii/S0378112721002437;;2021-07;27.05.2025 07:11;27.05.2025 07:11;27.05.2025 07:09;119155;NA;;491;NA;Forest Ecology and Management;Beyond trees;;NA;NA;NA;NA;NA;en;;NA;NA;NA;DOI.org (Crossref);NA;;NA;C:\Users\j_stee03\Zotero\storage\YAECARY3\da Costa et al. - 2021 - Beyond trees Mapping total aboveground biomass de.pdf;NA;NA;NA;;NA;NA;NA;NA;NA;NA;NA;NA;NA;NA;NA;NA;NA;NA;NA;NA;NA;NA;NA;NA;NA;NA;NA;NA;NA;NA;NA;NA;NA;NA;NA;NA;NA;NA;NA;NA;NA;NA;NA;NA;NA;NA;NA;NA;NA
NYCVW2CZ;journalArticle;2021;"Kameoka, Taishin; Kozan, Osamu; Hadi, Sunawiruddin; Asnawi; Hasrullah";Monitoring the groundwater level in tropical peatland through UAV mapping of soil surface temperature: a pilot study in Tanjung Leban, Indonesia;Remote Sensing Letters;NA;2150-704X, 2150-7058;10.1080/2150704X.2021.1906974;https://www.tandfonline.com/doi/full/10.1080/2150704X.2021.1906974;;03.06.2021;27.05.2025 07:11;27.05.2025 07:11;27.05.2025 07:09;542-552;NA;6;12;NA;Remote Sensing Letters;Monitoring the groundwater level in tropical peatland through UAV mapping of soil surface temperature;;NA;NA;NA;NA;NA;en;;NA;NA;NA;DOI.org (Crossref);NA;;NA;C:\Users\j_stee03\Zotero\storage\IVSI6HTA\Kameoka et al. - 2021 - Monitoring the groundwater level in tropical peatl.pdf;NA;NA;NA;;NA;NA;NA;NA;NA;NA;NA;NA;NA;NA;NA;NA;NA;NA;NA;NA;NA;NA;NA;NA;NA;NA;NA;NA;NA;NA;NA;NA;NA;NA;NA;NA;NA;NA;NA;NA;NA;NA;NA;NA;NA;NA;NA;NA;NA
YDNU4D7P;journalArticle;2021;"Zhang, Wei; Yi, Shuhua; Chen, Jianjun; Qin, Yu; Chang, Li; Sun, Yi; Shangguan, Donghui";Characteristics and controlling factors of alpine grassland vegetation patch patterns on the central Qinghai-Tibetan plateau;Ecological Indicators;NA;1470160X;10.1016/j.ecolind.2021.107570;https://linkinghub.elsevier.com/retrieve/pii/S1470160X21002351;;2021-06;27.05.2025 07:11;27.05.2025 07:11;27.05.2025 07:09;107570;NA;;125;NA;Ecological Indicators;;;NA;NA;NA;NA;NA;en;;NA;NA;NA;DOI.org (Crossref);NA;;NA;C:\Users\j_stee03\Zotero\storage\LQ3BKMAC\Zhang et al. - 2021 - Characteristics and controlling factors of alpine .pdf;NA;NA;NA;;NA;NA;NA;NA;NA;NA;NA;NA;NA;NA;NA;NA;NA;NA;NA;NA;NA;NA;NA;NA;NA;NA;NA;NA;NA;NA;NA;NA;NA;NA;NA;NA;NA;NA;NA;NA;NA;NA;NA;NA;NA;NA;NA;NA;NA
XVIAFN5M;journalArticle;2018;"Fritz, Andreas; Li, Li; Storch, Ilse; Koch, Barbara";"<span style=""font-variant:small-caps;"">UAV</span> ‐derived habitat predictors contribute strongly to understanding avian species–habitat relationships on the Eastern Qinghai‐Tibetan Plateau";Remote Sensing in Ecology and Conservation;NA;2056-3485, 2056-3485;10.1002/rse2.73;https://zslpublications.onlinelibrary.wiley.com/doi/10.1002/rse2.73;Abstract                            Species–habitat relationships are of core interest in ecological studies. In this research, we explored the potential of small, unmanned aerial vehicles (               UAV               s) to derive a comprehensive set of habitat predictors to explain distribution variance of an alpine bird community in Jikdril county, on the eastern Qinghai‐Tibetan Plateau (               QTP               ). In 2014 and 2015, we carried out two breeding season bird surveys on 140 plots, from eight sample blocks in the Nyanpo Yutse region. In summer 2014, we conducted 39 flights over the eight sample blocks, and obtained 5500 images which covered 45 km               2               of alpine grassland habitat. We used photogrammetry software to generate high‐resolution orthophotos and digital surface models with an average pixel size of 13 cm. We derived both 3D‐ and 2D‐               UAV               ‐based models as habitat predictors used to analyze explained variance in the local bird community at four different sample scales (plot radii of 50 m, 100 m, 150 m and 200 m). We performed canonical correspondence analyses (               CCA               ), with a model‐building approach based on permutation. Furthermore, the proportion of total variance explained by each predictor group was calculated, and analysis of results showed that               UAV               data derived predictors played a significant role in explaining the variance of the sampled bird community on the               QTP               . In particular, 3D‐based predictors contributed strongly to the explanation of variance (50 m: 45.44%, 100 m: 44.60%, 150 m: 49.21%, 200 m: 36.22% of the total explained variance per sample size), followed by 2D‐based predictors over the same four sample scales (50 m: 35.45%, 100 m: 34.57%, 150 m: 31.19%, 200 m: 39.48%). Our results indicate that a sample plot scale of 150–200 m radius leads to the most comprehensive explanation of variance (all predictors: 39.59%,               P                <                               0.0001 and 39.13%               P                <                               0.0001).               UAV               data provide us with fine‐scale (10 cm resolution) continuous raster data on land cover, topographic and landscape features, which are hard to acquire with conventional habitat measurements. We therefore successfully demonstrate the performance of               UAV               ‐derived data in facilitating ecological research at different spatial scales.;2018-03;27.05.2025 07:11;27.05.2025 07:11;27.05.2025 07:09;53-65;NA;1;4;NA;Remote Sens Ecol Conserv;"<span style=""font-variant";;NA;NA;NA;NA;NA;en;;NA;NA;NA;DOI.org (Crossref);NA;;NA;C:\Users\j_stee03\Zotero\storage\CLBYDLPU\Fritz et al. - 2018 - UAV .pdf;NA;NA;NA;"Pettorelli, Nathalie; Horning, Ned";NA;NA;NA;NA;NA;NA;NA;NA;NA;NA;NA;NA;NA;NA;NA;NA;NA;NA;NA;NA;NA;NA;NA;NA;NA;NA;NA;NA;NA;NA;NA;NA;NA;NA;NA;NA;NA;NA;NA;NA;NA;NA;NA;NA;NA
A8D2BGIX;journalArticle;2020;"Jenal, Alexander; Lussem, Ulrike; Bolten, Andreas; Gnyp, Martin Leon; Schellberg, Jürgen; Jasper, Jörg; Bongartz, Jens; Bareth, Georg";Investigating the Potential of a Newly Developed UAV-based VNIR/SWIR Imaging System for Forage Mass Monitoring;PFG – Journal of Photogrammetry, Remote Sensing and Geoinformation Science;NA;2512-2789, 2512-2819;10.1007/s41064-020-00128-7;http://link.springer.com/10.1007/s41064-020-00128-7;Abstract                            Remote sensing systems based on unmanned aerial vehicles (UAVs) are well suited for airborne monitoring of small to medium-sized farmland in agricultural applications. An imaging system is often used in the form of a multispectral multi-camera system to derive well-established vegetation indices (VIs) efficiently. This study investigates the potential of such a multi-camera system with a novel approach to extend spectral sensitivity from visible-to-near-infrared (VNIR) to short-wave infrared (SWIR) (400–1700 nm) for estimating forage mass from an aerial carrier platform. The system test was performed in a grassland fertilizer trial in Germany near Cologne in late July 2019. Within 37 min, a spectral response in four different wavelength bands in the NIR and SWIR range was acquired during two consecutive flights. Spectral image data were calibrated to reflectance using two different methods. The resulting reflectance data sets were processed to orthomosaics for each wavelength band. From these orthomosaics for both calibration methods, the four-band NIR/SWIR GnyLi VI and the two-band NIR/SWIR Normalized Ratio Index (NRI), were calculated. During both UAV flights, spectral ground truth data were recorded with a spectroradiometer on 12 plots in total for validation of camera-based spectral data. The camera and spectroradiometer data sets were directly compared in resulting reflectance and further analyzed with simple linear regression (SLR) models to predict dry matter (DM) yield. In the camera-based SLRs, the NRI performed best with                                                   $$R^2$$                                                               R                       2                                                                                       of 0.73 and 0.75 (RMSE: 0.18 and 0.17) before the GnyLi with                                                   $$R^{2}$$                                                               R                       2                                                                                       of 0.71 and 0.73 (RMSE: 0.19 and 0.18). These results clearly indicate the potential of the camera system for applications in forage mass monitoring.                        ,              Zusammenfassung                            Untersuchung des Potenzials eines neu entwickelten UAV-basierten VNIR/SWIR-Bildgebungssystems zum Monitoring von Futtermasse               . Fernerkundungssensoren auf UAV-Plattformen eignen sich gut für das Monitoring von kleinen bis mittelgroßen landwirtschaftlichen Anbauflächen aus der Luft. Als bildgebende Systeme werden oft multispektrale Multikamerasysteme verwendet, um allgemein anerkannte Vegetationsindizes effizient abzuleiten. Diese Studie untersucht das Potenzial eines solchen Mehrkamerasystems mit einem neuartigen Ansatz zur Erweiterung der spektralen Empfindlichkeit vom sichtbaren und nah-infraroten Bereich (VNIR) bis zum kurzwelligen Infrarot (SWIR) (400 – 1700 nm), um Futtermasse von einer luftgestützten Trägerplattform aus abzuschätzen. Die Untersuchung wurde Ende Juli 2019 in einem Grünland-Düngeversuch in der Nähe von Köln durchgeführt. Innerhalb von 37 Minuten wurde bei zwei aufeinanderfolgenden Messflügen das spektrale Signal in vier verschiedenen Wellenlängenbändern im NIR- und SWIR-Bereich erfasst. Die spektralen Bilddaten wurden mit zwei verschiedenen Methoden in Reflektanzwerte überführt. Die resultierenden Reflektanzdatensätze wurden für jedes Wellenlängenband zu Orthomosaiken verarbeitet. Aus diesen Orthomosaiken wurden für beide Kalibrierverfahren der Vier-Band NIR/SWIR GnyLi Index und der Zwei-Band NIR/SWIR Normalized Ratio Index (NRI) berechnet. Während beider UAV-Flüge wurden zur Validierung der kamerabasierten Spektraldaten mit einem Spektroradiometer auf insgesamt 12 Parzellen des Versuchfeldes Ground-Truth Daten aufgezeichnet. Die Kamera- und Spektralradiometer-Datensätze wurden bezüglich der resultierenden Reflektanz direkt verglichen und mit einfachen linearen Regressionsmodellen (simple linear regression, SLR) weiter analysiert, um den Ertrag an Trockenmasse abzuschätzen. Bei den kamerabasierten SLRs schnitt der NRI mit einem R               2               von 0,73 und 0,75 (RMSE: 0,18 und 0,17) am besten ab, vor dem GnyLi mit R               2               von 0,71 und 0,73 (RMSE: 0,19 und 0,18). Diese Ergebnisse zeigen deutlich das Potenzial des Kamerasystems zum Monitoring der Futtermasse.;2020-12;27.05.2025 07:11;27.05.2025 07:11;27.05.2025 07:09;493-507;NA;6;88;NA;PFG;;;NA;NA;NA;NA;NA;en;;NA;NA;NA;DOI.org (Crossref);NA;;NA;C:\Users\j_stee03\Zotero\storage\84X8EPCM\Jenal et al. - 2020 - Investigating the Potential of a Newly Developed U.pdf;NA;NA;NA;;NA;NA;NA;NA;NA;NA;NA;NA;NA;NA;NA;NA;NA;NA;NA;NA;NA;NA;NA;NA;NA;NA;NA;NA;NA;NA;NA;NA;NA;NA;NA;NA;NA;NA;NA;NA;NA;NA;NA;NA;NA;NA;NA;NA;NA
BUQBP3JD;journalArticle;2021;"Dashpurev, Batnyambuu; Wesche, Karsten; Jäschke, Yun; Oyundelger, Khurelpurev; Phan, Thanh Noi; Bendix, Jörg; Lehnert, Lukas W.";A cost-effective method to monitor vegetation changes in steppes ecosystems: A case study on remote sensing of fire and infrastructure effects in eastern Mongolia;Ecological Indicators;NA;1470160X;10.1016/j.ecolind.2021.108331;https://linkinghub.elsevier.com/retrieve/pii/S1470160X21009961;;2021-12;27.05.2025 07:11;27.05.2025 07:11;27.05.2025 07:09;108331;NA;;132;NA;Ecological Indicators;A cost-effective method to monitor vegetation changes in steppes ecosystems;;NA;NA;NA;NA;NA;en;;NA;NA;NA;DOI.org (Crossref);NA;;NA;C:\Users\j_stee03\Zotero\storage\8RAW7ZAG\Dashpurev et al. - 2021 - A cost-effective method to monitor vegetation chan.pdf;NA;NA;NA;;NA;NA;NA;NA;NA;NA;NA;NA;NA;NA;NA;NA;NA;NA;NA;NA;NA;NA;NA;NA;NA;NA;NA;NA;NA;NA;NA;NA;NA;NA;NA;NA;NA;NA;NA;NA;NA;NA;NA;NA;NA;NA;NA;NA;NA
AN5GXMT8;journalArticle;2021;"Araya, Samuel N.; Fryjoff-Hung, Anna; Anderson, Andreas; Viers, Joshua H.; Ghezzehei, Teamrat A.";Advances in soil moisture retrieval from multispectral remote sensing using unoccupied aircraft systems and machine learning techniques;Hydrology and Earth System Sciences;NA;1607-7938;10.5194/hess-25-2739-2021;https://hess.copernicus.org/articles/25/2739/2021/;Abstract. This study investigates the ability of machine learning models to retrieve the surface soil moisture of a grassland area from multispectral remote sensing carried out using an unoccupied aircraft system (UAS). In addition to multispectral images, we use terrain attributes derived from a digital elevation model and hydrological variables of precipitation and potential evapotranspiration as covariates to predict surface soil moisture. We tested four different machine learning algorithms and interrogated the models to rank the importance of different variables and to understand their relationship with surface soil moisture. All the machine learning algorithms we tested were able to predict soil moisture with good accuracy. The boosted regression tree algorithm was marginally the best, with a mean absolute error of 3.8 % volumetric moisture content. Variable importance analysis revealed that the four most important variables were precipitation, reflectance in the red wavelengths, potential evapotranspiration, and topographic position indices (TPI). Our results demonstrate that the dynamics of soil water status across heterogeneous terrain may be adequately described and predicted by UAS remote sensing and machine learning. Our modeling approach and the variable importance and relationships we have assessed in this study should be useful for management and environmental modeling tasks where spatially explicit soil moisture information is important.;25.05.2021;27.05.2025 07:11;27.05.2025 07:11;27.05.2025 07:09;2739-2758;NA;5;25;NA;Hydrol. Earth Syst. Sci.;;;NA;NA;NA;NA;NA;en;https://creativecommons.org/licenses/by/4.0/;NA;NA;NA;DOI.org (Crossref);NA;;NA;C:\Users\j_stee03\Zotero\storage\E6M5PJ7F\Araya et al. - 2021 - Advances in soil moisture retrieval from multispec.pdf;NA;NA;NA;;NA;NA;NA;NA;NA;NA;NA;NA;NA;NA;NA;NA;NA;NA;NA;NA;NA;NA;NA;NA;NA;NA;NA;NA;NA;NA;NA;NA;NA;NA;NA;NA;NA;NA;NA;NA;NA;NA;NA;NA;NA;NA;NA;NA;NA
F4VUB3W8;journalArticle;2021;"Villoslada Peciña, M.; Bergamo, T.F.; Ward, R.D.; Joyce, C.B.; Sepp, K.";A novel UAV-based approach for biomass prediction and grassland structure assessment in coastal meadows;Ecological Indicators;NA;1470160X;10.1016/j.ecolind.2020.107227;https://linkinghub.elsevier.com/retrieve/pii/S1470160X20311663;;2021-03;27.05.2025 07:11;27.05.2025 07:11;27.05.2025 07:09;107227;NA;;122;NA;Ecological Indicators;;;NA;NA;NA;NA;NA;en;;NA;NA;NA;DOI.org (Crossref);NA;;NA;C:\Users\j_stee03\Zotero\storage\FH369XNB\Villoslada Peciña et al. - 2021 - A novel UAV-based approach for biomass prediction .pdf;NA;NA;NA;;NA;NA;NA;NA;NA;NA;NA;NA;NA;NA;NA;NA;NA;NA;NA;NA;NA;NA;NA;NA;NA;NA;NA;NA;NA;NA;NA;NA;NA;NA;NA;NA;NA;NA;NA;NA;NA;NA;NA;NA;NA;NA;NA;NA;NA
THGKM3UP;journalArticle;2021;"Pi, Weiqiang; Du, Jianmin; Bi, Yuge; Gao, Xinchao; Zhu, Xiangbing";3D-CNN based UAV hyperspectral imagery for grassland degradation indicator ground object classification research;Ecological Informatics;NA;15749541;10.1016/j.ecoinf.2021.101278;https://linkinghub.elsevier.com/retrieve/pii/S1574954121000698;;2021-05;27.05.2025 07:11;27.05.2025 07:11;27.05.2025 07:09;101278;NA;;62;NA;Ecological Informatics;;;NA;NA;NA;NA;NA;en;;NA;NA;NA;DOI.org (Crossref);NA;;NA;C:\Users\j_stee03\Zotero\storage\H93UZVCH\Pi et al. - 2021 - 3D-CNN based UAV hyperspectral imagery for grassla.pdf;NA;NA;NA;;NA;NA;NA;NA;NA;NA;NA;NA;NA;NA;NA;NA;NA;NA;NA;NA;NA;NA;NA;NA;NA;NA;NA;NA;NA;NA;NA;NA;NA;NA;NA;NA;NA;NA;NA;NA;NA;NA;NA;NA;NA;NA;NA;NA;NA
P7GIAP6G;journalArticle;2020;"Takayama, Naru; Kimura, Reiji; Liu, Jiaqi; Moriyama, Masao";Long-term spatial distribution of vegetation and sand movement following the commencement of landscape conservation activities to curb grassland encroachment at the Tottori Sand Dunes natural monument: (Vegetation and sand movement in the Tottori Sand Dunes);International Journal of Remote Sensing;NA;0143-1161, 1366-5901;10.1080/01431161.2019.1698783;https://www.tandfonline.com/doi/full/10.1080/01431161.2019.1698783;;17.04.2020;27.05.2025 07:11;27.05.2025 07:11;27.05.2025 07:09;3070-3094;NA;8;41;NA;International Journal of Remote Sensing;Long-term spatial distribution of vegetation and sand movement following the commencement of landscape conservation activities to curb grassland encroachment at the Tottori Sand Dunes natural monument;;NA;NA;NA;NA;NA;en;;NA;NA;NA;DOI.org (Crossref);NA;;NA;C:\Users\j_stee03\Zotero\storage\ANJDWXYV\Takayama et al. - 2020 - Long-term spatial distribution of vegetation and s.pdf;NA;NA;NA;;NA;NA;NA;NA;NA;NA;NA;NA;NA;NA;NA;NA;NA;NA;NA;NA;NA;NA;NA;NA;NA;NA;NA;NA;NA;NA;NA;NA;NA;NA;NA;NA;NA;NA;NA;NA;NA;NA;NA;NA;NA;NA;NA;NA;NA
ICPY47BQ;journalArticle;2022;"Shorten, P. R.; Trolove, M. R.";UAV-based prediction of ryegrass dry matter yield;International Journal of Remote Sensing;NA;0143-1161, 1366-5901;10.1080/01431161.2022.2058890;https://www.tandfonline.com/doi/full/10.1080/01431161.2022.2058890;;03.04.2022;27.05.2025 07:11;27.05.2025 07:11;27.05.2025 07:09;2393-2409;NA;7;43;NA;International Journal of Remote Sensing;;;NA;NA;NA;NA;NA;en;;NA;NA;NA;DOI.org (Crossref);NA;;NA;C:\Users\j_stee03\Zotero\storage\8YQHZ9KK\Shorten und Trolove - 2022 - UAV-based prediction of ryegrass dry matter yield.pdf;NA;NA;NA;;NA;NA;NA;NA;NA;NA;NA;NA;NA;NA;NA;NA;NA;NA;NA;NA;NA;NA;NA;NA;NA;NA;NA;NA;NA;NA;NA;NA;NA;NA;NA;NA;NA;NA;NA;NA;NA;NA;NA;NA;NA;NA;NA;NA;NA
4TQBNKDW;journalArticle;2021;"Neumann, Carsten; Schindhelm, Anne; Müller, Jörg; Weiss, Gabriele; Liu, Anna; Itzerott, Sibylle";The Regenerative Potential of Managed Calluna Heathlands—Revealing Optical and Structural Traits for Predicting Recovery Dynamics;Remote Sensing;NA;2072-4292;10.3390/rs13040625;https://www.mdpi.com/2072-4292/13/4/625;The potential of vegetation recovery through resprouting of plant tissue from buds after the removal of aboveground biomass is a key resilience strategy for populations under abrupt environmental change. Resprouting leads to fast regeneration, particularly after the implementation of mechanical mowing as part of active management for promoting open habitats. We investigated whether recovery dynamics of resprouting and the threat of habitat conversion can be predicted by optical and structural stand traits derived from drone imagery in a protected heathland area. We conducted multivariate regression for variable selection and random forest regression for predictive modeling using 50 spectral predictors, textural features and height parameters to quantify Calluna resprouting and grass invasion in before-mowing images that were related to vegetation recovery in after-mowing imagery. The study reveals that Calluna resprouting can be explained by signiﬁcant optical predictors of mainly green reﬂectance in parental individuals. In contrast, grass encroachment is identiﬁed by structural canopy properties that indicate before-mowing grass interpenetration as starting points for after-mowing dispersal. We prove the concept of trait propagation through time providing signiﬁcant derivates for a low-cost drone system. It can be utilized to build drone-based decision support systems for evaluating consequences and requirements of habitat management practice.;09.02.2021;27.05.2025 11:51;27.05.2025 11:51;27.05.2025 11:51;625;NA;4;13;NA;Remote Sensing;;;NA;NA;NA;NA;NA;en;https://creativecommons.org/licenses/by/4.0/;NA;NA;NA;DOI.org (Crossref);NA;;NA;C:\Users\j_stee03\Zotero\storage\ZICWUGQC\Neumann et al. - 2021 - The Regenerative Potential of Managed Calluna Heat.pdf;NA;NA;NA;;NA;NA;NA;NA;NA;NA;NA;NA;NA;NA;NA;NA;NA;NA;NA;NA;NA;NA;NA;NA;NA;NA;NA;NA;NA;NA;NA;NA;NA;NA;NA;NA;NA;NA;NA;NA;NA;NA;NA;NA;NA;NA;NA;NA;NA
P5KKJBJA;journalArticle;2020;"Neumann, Carsten; Behling, Robert; Schindhelm, Anne; Itzerott, Sibylle; Weiss, Gabriele; Wichmann, Matthias; Müller, Jörg";The colors of heath flowering – quantifying spatial patterns of phenology in Calluna life‐cycle phases using high‐resolution drone imagery;Remote Sensing in Ecology and Conservation;NA;2056-3485, 2056-3485;10.1002/rse2.121;https://zslpublications.onlinelibrary.wiley.com/doi/10.1002/rse2.121;Recent developments in high-resolution ecosystem mapping using unmanned aerial vehicles (UAV) open up promising perspectives for the monitoring of ﬁnescale vegetation patterns and ecological functioning. In this study, we examine the potential of UAV imagery to track the structural composition and related phenological traits of the dwarf shrub Calluna vulgaris on a former military training area. On a European Natura 2000 heathland site, habitat management is shown to be evaluated on the basis of ﬂowering dynamics and reproductive recovery as a proxy of functional changes that are generated after ﬁre destruction. In particular, we utilize true color camera information and digital surface models to determine the spatiotemporal evolution of Calluna life-cycle phases and ﬂowering phenology 2 years after controlled burning. A stepwise methodological framework is presented that extracts Calluna pixels, spatially separates juvenile and mature life-cycle phases, differentiates between generative and vegetative shoot extension and ﬁnally quantiﬁes proportions of ﬂowers, fruits and vegetative growth in two consecutive peak ﬂowering periods. We show that Calluna life-cycle phases can be spatially differentiated in pioneer, building and mature phases in UAV imagery. In the juvenile phase, regeneration from germination is low (<10%) and sprouting from the stem base dominates recovery patterns after ﬁre management. The study further reveals that the distribution of ﬂowering and fruiting during peak ﬂowering time is spatially heterogeneous with high variations between years. In the ﬁre unaffected mature phase, proportions of ﬂowers and fruits are reduced indicating a decrease in reproductive capacity of unmanaged Calluna stands. A phenological phase shift is detected from ﬂowering to fruiting that is related to an increase of Calluna growth height. The study shows that the functional patterns of growth and reproduction can be mapped for heathland ecosystems using simple true color drone cameras.;2020-03;27.05.2025 11:51;27.05.2025 11:51;27.05.2025 11:51;35-51;NA;1;6;NA;Remote Sens Ecol Conserv;;;NA;NA;NA;NA;NA;en;;NA;NA;NA;DOI.org (Crossref);NA;;NA;C:\Users\j_stee03\Zotero\storage\V6X2MLPN\Neumann et al. - 2020 - The colors of heath flowering – quantifying spatia.pdf;NA;NA;NA;"Horning, Ned; Cord, Anna";NA;NA;NA;NA;NA;NA;NA;NA;NA;NA;NA;NA;NA;NA;NA;NA;NA;NA;NA;NA;NA;NA;NA;NA;NA;NA;NA;NA;NA;NA;NA;NA;NA;NA;NA;NA;NA;NA;NA;NA;NA;NA;NA;NA;NA
DEZU5984;journalArticle;2017;"Schmidt, Johannes; Fassnacht, Fabian Ewald; Neff, Christophe; Lausch, Angela; Kleinschmit, Birgit; Förster, Michael; Schmidtlein, Sebastian";Adapting a Natura 2000 field guideline for a remote sensing-based assessment of heathland conservation status;International Journal of Applied Earth Observation and Geoinformation;NA;15698432;10.1016/j.jag.2017.04.005;https://linkinghub.elsevier.com/retrieve/pii/S0303243417300892;Remote sensing can be a valuable tool for supporting nature conservation monitoring systems. However, for many areas of conservation interest, there is still a considerable gap between ﬁeld-based operational monitoring guidelines and the current remote sensing-based approaches. This hampers application in practice of the latter. Here, we propose a remote sensing approach for mapping the conservation status of Calluna-dominated Natura 2000 dwarf shrub habitats that is closely related to ﬁeld mapping schemes. We transferred the evaluation criteria of the ﬁeld guidelines to three related variables that can be captured by remote sensing: (1) coverage of the key species, (2) stand structural diversity, and (3) co-occurring species. Continuous information on these variables was obtained by regressing ground reference data from ﬁeld surveys and UAV ﬂights against airborne hyperspectral imagery. Merging the three resulting quality layers in an RGB representation allowed for illustrating the habitat quality in a continuous way. User-deﬁned thresholds can be applied to this stack of quality layers to derive an overall assessment of habitat quality in terms of nature conservation, i.e. the conservation status.;2017-08;27.05.2025 11:51;27.05.2025 11:51;27.05.2025 11:51;61-71;NA;;60;NA;International Journal of Applied Earth Observation and Geoinformation;;;NA;NA;NA;NA;NA;en;;NA;NA;NA;DOI.org (Crossref);NA;;NA;C:\Users\j_stee03\Zotero\storage\DDQ2IUXT\Schmidt et al. - 2017 - Adapting a Natura 2000 field guideline for a remot.pdf;NA;NA;NA;;NA;NA;NA;NA;NA;NA;NA;NA;NA;NA;NA;NA;NA;NA;NA;NA;NA;NA;NA;NA;NA;NA;NA;NA;NA;NA;NA;NA;NA;NA;NA;NA;NA;NA;NA;NA;NA;NA;NA;NA;NA;NA;NA;NA;NA
